;FLAVOR:Marlin
;TIME:2111
;Filament used: 2.17652m
;Layer height: 0.2
;MINX:83.701
;MINY:55.85
;MINZ:0.2
;MAXX:136.299
;MAXY:134.85
;MAXZ:11
;TARGET_MACHINE.NAME:Creality Ender-3 V3 SE
;Generated with Cura_SteamEngine 5.13.0
M220 S100 ;Reset Feedrate
M221 S100 ;Reset Flowrate

G28 ;Home

M420 S1; Use saved mesh leveling data

G92 E0 ;Reset Extruder
G1 Z2.0 F3000 ;Move Z Axis up
G1 X-3 Y20 Z0.28 F5000.0 ;Move to start position
M190 S60 ; Set bed temperature and wait
M109 S200 ; Set hotend temperature and wait
G1 X-3 Y100.0 Z0.28 F1500.0 E15 ;Draw the first line
G1 X-2 Y100.0 Z0.28 F5000.0 ;Move to side a little
G1 X-2 Y20 Z0.28 F1500.0 E30 ;Draw the second line
G92 E0 ;Reset Extruder
G1 E-1.0000 F1800 ;Retract a bit
G1 Z2.0 F3000 ;Move Z Axis up
G1 E0.0000 F1800 

M82 ;absolute extrusion mode
G92 E0
G92 E0
G1 F2400 E-0.8
;LAYER_COUNT:55
;LAYER:0
M107
G0 F9000 X86.098 Y60.677 Z0.2
;TYPE:SKIRT
G1 F2400 E0
G1 F1800 X86.7 Y59.928 E0.03196
G1 X87.035 Y59.562 E0.04846
G1 X87.535 Y59.069 E0.07182
G1 X88.289 Y58.427 E0.10476
G1 X88.739 Y58.095 E0.12335
G1 X89.278 Y57.73 E0.14501
G1 X89.619 Y57.52 E0.15833
G1 X90.477 Y57.055 E0.19078
G1 X91.126 Y56.774 E0.21431
G1 X91.64 Y56.568 E0.23272
G1 X92.162 Y56.392 E0.25105
G1 X92.903 Y56.187 E0.27662
G1 X93.917 Y55.987 E0.31099
G1 X94.868 Y55.886 E0.3428
G1 X95.364 Y55.866 E0.35931
G1 X96.206 Y55.852 E0.38732
G1 X123.65 Y55.85 E1.30011
G1 X124.534 Y55.863 E1.32952
G1 X125.503 Y55.922 E1.36181
G1 X126.331 Y56.042 E1.38963
G1 X126.988 Y56.174 E1.41192
G1 X127.97 Y56.437 E1.44573
G1 X128.681 Y56.689 E1.47082
G1 X129.739 Y57.169 E1.50947
G1 X130.701 Y57.713 E1.54622
G1 X131.066 Y57.952 E1.56073
G1 X131.837 Y58.526 E1.5927
G1 X132.744 Y59.34 E1.63324
G1 X132.987 Y59.587 E1.64476
G1 X133.503 Y60.166 E1.67056
G1 X133.721 Y60.436 E1.6821
G1 X134.036 Y60.855 E1.69953
G1 X134.58 Y61.685 E1.73254
G1 X134.881 Y62.218 E1.7529
G1 X135.058 Y62.561 E1.76574
G1 X135.283 Y63.041 E1.78337
G1 X135.671 Y64.047 E1.81923
G1 X135.924 Y64.914 E1.84927
G1 X136.051 Y65.495 E1.86905
G1 X136.154 Y66.085 E1.88897
G1 X136.209 Y66.484 E1.90237
G1 X136.283 Y67.426 E1.9338
G1 X136.299 Y68.36 E1.96487
G1 X136.298 Y93.016 E2.78493
G1 X136.285 Y93.92 E2.815
G1 X136.284 Y96.525 E2.90164
G1 X136.299 Y97.725 E2.94156
G1 X136.298 Y122.316 E3.75946
G1 X136.286 Y123.075 E3.7847
G1 X136.23 Y124.033 E3.81662
G1 X136.154 Y124.604 E3.83578
G1 X136.052 Y125.202 E3.85596
G1 X135.847 Y126.081 E3.88598
G1 X135.662 Y126.682 E3.90689
G1 X135.456 Y127.243 E3.92677
G1 X135.069 Y128.118 E3.95859
G1 X134.558 Y129.048 E3.99388
G1 X134.134 Y129.716 E4.0202
G1 X133.675 Y130.326 E4.04559
G1 X133.037 Y131.051 E4.07771
G1 X132.369 Y131.699 E4.10867
G1 X131.628 Y132.332 E4.14108
G1 X130.827 Y132.901 E4.17376
G1 X129.779 Y133.5 E4.21391
G1 X129.462 Y133.658 E4.22569
G1 X128.603 Y134.037 E4.25692
G1 X127.684 Y134.351 E4.28922
G1 X126.835 Y134.564 E4.31833
G1 X126.091 Y134.698 E4.34347
G1 X125.085 Y134.813 E4.37715
G1 X124.484 Y134.838 E4.39716
G1 X123.628 Y134.847 E4.42563
G1 X96.349 Y134.85 E5.33293
G1 X95.479 Y134.837 E5.36187
G1 X94.514 Y134.778 E5.39403
G1 X93.7 Y134.664 E5.42137
G1 X92.627 Y134.444 E5.4578
G1 X91.901 Y134.225 E5.48302
G1 X91.005 Y133.881 E5.51494
G1 X90.452 Y133.623 E5.53524
G1 X89.794 Y133.276 E5.55998
G1 X88.974 Y132.773 E5.59197
G1 X88.427 Y132.382 E5.61434
G1 X87.917 Y131.971 E5.63612
G1 X87.652 Y131.734 E5.64795
G1 X87.07 Y131.161 E5.67511
G1 X86.845 Y130.921 E5.68605
G1 X86.257 Y130.236 E5.71608
G1 X85.777 Y129.579 E5.74314
G1 X85.3 Y128.812 E5.77318
G1 X84.894 Y128.027 E5.80258
G1 X84.504 Y127.137 E5.8349
G1 X84.213 Y126.282 E5.86494
G1 X84.025 Y125.549 E5.89011
G1 X83.884 Y124.833 E5.91438
G1 X83.756 Y123.881 E5.94633
G1 X83.717 Y123.266 E5.96682
G1 X83.701 Y122.202 E6.00221
G1 X83.702 Y97.686 E6.81762
G1 X83.715 Y96.782 E6.84769
G1 X83.716 Y94.179 E6.93427
G1 X83.701 Y92.978 E6.97421
G1 X83.702 Y68.321 E7.79431
G1 X83.714 Y67.613 E7.81786
G1 X83.774 Y66.646 E7.85009
G1 X83.9 Y65.779 E7.87923
G1 X83.992 Y65.304 E7.89532
G1 X84.198 Y64.47 E7.92389
G1 X84.338 Y64.02 E7.93956
G1 X84.644 Y63.21 E7.96836
G1 X84.918 Y62.604 E7.99048
G1 X85.34 Y61.817 E8.02019
G1 X85.688 Y61.255 E8.04217
G1 X86.098 Y60.677 E8.06574
G0 F9000 X86.41 Y60.927
G1 F1800 X86.995 Y60.198 E8.09683
G1 X87.316 Y59.847 E8.11265
G1 X87.816 Y59.354 E8.136
G1 X88.527 Y58.749 E8.16705
G1 X88.964 Y58.426 E8.18513
G1 X89.488 Y58.07 E8.2062
G1 X89.81 Y57.871 E8.21879
G1 X90.636 Y57.422 E8.25006
G1 X91.275 Y57.145 E8.27322
G1 X91.768 Y56.947 E8.29089
G1 X92.269 Y56.778 E8.30848
G1 X93.01 Y56.573 E8.33405
G1 X93.96 Y56.385 E8.36626
G1 X94.884 Y56.286 E8.39717
G1 X95.371 Y56.266 E8.41338
G1 X96.206 Y56.252 E8.44116
G1 X123.644 Y56.25 E9.35375
G1 X124.51 Y56.262 E9.38255
G1 X125.446 Y56.318 E9.41374
G1 X126.252 Y56.434 E9.44082
G1 X126.909 Y56.566 E9.46311
G1 X127.836 Y56.814 E9.49503
G1 X128.547 Y57.066 E9.52012
G1 X129.542 Y57.517 E9.55645
G1 X130.504 Y58.061 E9.59321
G1 X130.827 Y58.273 E9.60606
G1 X131.598 Y58.847 E9.63803
G1 X132.459 Y59.621 E9.67654
G1 X132.702 Y59.868 E9.68806
G1 X133.192 Y60.417 E9.71254
G1 X133.402 Y60.677 E9.72365
G1 X133.702 Y61.075 E9.74023
G1 X134.232 Y61.882 E9.77234
G1 X134.526 Y62.402 E9.79221
G1 X134.696 Y62.731 E9.80453
G1 X134.921 Y63.211 E9.82216
G1 X135.287 Y64.159 E9.85596
G1 X135.533 Y65 E9.8851
G1 X135.657 Y65.564 E9.90431
G1 X135.758 Y66.14 E9.92376
G1 X135.81 Y66.516 E9.93638
G1 X135.883 Y67.433 E9.96698
G1 X135.899 Y68.36 E9.99782
G1 X135.898 Y93.01 E10.81768
G1 X135.885 Y93.914 E10.84775
G1 X135.884 Y96.525 E10.93459
G1 X135.899 Y97.725 E10.97451
G1 X135.898 Y122.31 E11.79221
G1 X135.887 Y123.052 E11.81689
G1 X135.833 Y123.981 E11.84784
G1 X135.76 Y124.537 E11.86649
G1 X135.662 Y125.111 E11.88586
G1 X135.457 Y125.99 E11.91588
G1 X135.286 Y126.545 E11.93519
G1 X135.09 Y127.081 E11.95418
G1 X134.703 Y127.956 E11.986
G1 X134.22 Y128.834 E12.01933
G1 X133.814 Y129.475 E12.04456
G1 X133.355 Y130.085 E12.06996
G1 X132.737 Y130.786 E12.10104
G1 X132.109 Y131.395 E12.13013
G1 X131.396 Y132.006 E12.16136
G1 X130.628 Y132.554 E12.19274
G1 X129.601 Y133.142 E12.2321
G1 X129.3 Y133.292 E12.24329
G1 X128.474 Y133.658 E12.27334
G1 X127.555 Y133.972 E12.30564
G1 X126.764 Y134.17 E12.33276
G1 X126.02 Y134.304 E12.3579
G1 X125.068 Y134.413 E12.38977
G1 X124.479 Y134.438 E12.40938
G1 X123.626 Y134.448 E12.43776
G1 X96.355 Y134.45 E13.34479
G1 X95.503 Y134.438 E13.37313
G1 X94.569 Y134.382 E13.40425
G1 X93.78 Y134.272 E13.43075
G1 X92.743 Y134.061 E13.46595
G1 X92.017 Y133.842 E13.49117
G1 X91.174 Y133.518 E13.52121
G1 X90.639 Y133.269 E13.54083
G1 X89.981 Y132.922 E13.56558
G1 X89.183 Y132.432 E13.59672
G1 X88.678 Y132.071 E13.61737
G1 X88.183 Y131.672 E13.63851
G1 X87.933 Y131.449 E13.64966
G1 X87.362 Y130.887 E13.6763
G1 X87.149 Y130.66 E13.68666
G1 X86.561 Y129.975 E13.71668
G1 X86.117 Y129.368 E13.7417
G1 X85.64 Y128.601 E13.77174
G1 X85.26 Y127.866 E13.79926
G1 X84.883 Y127.008 E13.83043
G1 X84.592 Y126.153 E13.86047
G1 X84.417 Y125.471 E13.88389
G1 X84.28 Y124.779 E13.90735
G1 X84.155 Y123.856 E13.93833
G1 X84.117 Y123.26 E13.95819
G1 X84.101 Y122.202 E13.99338
G1 X84.102 Y97.692 E14.80859
G1 X84.115 Y96.788 E14.83866
G1 X84.116 Y94.179 E14.92544
G1 X84.101 Y92.978 E14.96539
G1 X84.102 Y68.327 E15.78528
G1 X84.113 Y67.637 E15.80823
G1 X84.17 Y66.703 E15.83936
G1 X84.293 Y65.855 E15.86786
G1 X84.385 Y65.38 E15.88395
G1 X84.58 Y64.589 E15.91104
G1 X84.72 Y64.139 E15.92672
G1 X85.009 Y63.374 E15.95392
G1 X85.271 Y62.793 E15.97512
G1 X85.693 Y62.006 E16.00482
G1 X86.028 Y61.466 E16.02595
G1 X86.41 Y60.927 E16.04793
G0 F9000 X86.722 Y61.177
G1 F1800 X87.29 Y60.468 E16.07814
G1 X87.597 Y60.132 E16.09328
G1 X88.097 Y59.639 E16.11663
G1 X88.786 Y59.054 E16.1467
G1 X89.189 Y58.757 E16.16335
G1 X89.699 Y58.41 E16.18386
G1 X90.002 Y58.222 E16.19572
G1 X90.795 Y57.789 E16.22577
G1 X91.424 Y57.516 E16.24858
G1 X91.896 Y57.326 E16.2655
G1 X92.376 Y57.164 E16.28235
G1 X93.117 Y56.959 E16.30793
G1 X94.003 Y56.783 E16.33797
G1 X94.901 Y56.686 E16.36801
G1 X95.378 Y56.666 E16.38389
G1 X96.206 Y56.652 E16.41143
G1 X123.639 Y56.65 E17.32386
G1 X124.487 Y56.661 E17.35207
G1 X125.389 Y56.714 E17.38212
G1 X126.173 Y56.826 E17.40846
G1 X126.83 Y56.958 E17.43075
G1 X127.703 Y57.191 E17.4608
G1 X128.383 Y57.431 E17.48478
G1 X129.345 Y57.865 E17.51989
G1 X130.285 Y58.396 E17.55579
G1 X130.588 Y58.594 E17.56783
G1 X131.359 Y59.168 E17.5998
G1 X132.174 Y59.901 E17.63626
G1 X132.404 Y60.135 E17.64717
G1 X132.881 Y60.668 E17.67096
G1 X133.083 Y60.918 E17.68165
G1 X133.368 Y61.295 E17.69737
G1 X133.884 Y62.079 E17.72859
G1 X134.171 Y62.586 E17.74797
G1 X134.334 Y62.901 E17.75976
G1 X134.548 Y63.356 E17.77649
G1 X134.903 Y64.272 E17.80916
G1 X135.142 Y65.086 E17.83738
G1 X135.263 Y65.634 E17.85604
G1 X135.362 Y66.195 E17.87499
G1 X135.411 Y66.548 E17.88684
G1 X135.483 Y67.44 E17.91661
G1 X135.499 Y68.36 E17.94721
G1 X135.498 Y93.004 E18.76687
G1 X135.485 Y93.908 E18.79694
G1 X135.484 Y96.525 E18.88399
G1 X135.499 Y97.725 E18.9239
G1 X135.498 Y122.304 E19.7414
G1 X135.488 Y123.029 E19.76552
G1 X135.436 Y123.93 E19.79554
G1 X135.366 Y124.47 E19.81365
G1 X135.272 Y125.02 E19.8322
G1 X135.067 Y125.899 E19.86222
G1 X134.91 Y126.408 E19.87994
G1 X134.724 Y126.919 E19.89803
G1 X134.337 Y127.794 E19.92985
G1 X133.882 Y128.62 E19.96122
G1 X133.494 Y129.234 E19.98537
G1 X133.035 Y129.844 E20.01076
G1 X132.437 Y130.521 E20.04081
G1 X131.848 Y131.092 E20.06809
G1 X131.163 Y131.681 E20.09814
G1 X130.429 Y132.207 E20.12817
G1 X129.423 Y132.784 E20.16675
G1 X129.138 Y132.926 E20.17734
G1 X128.312 Y133.292 E20.20739
G1 X127.458 Y133.584 E20.2374
G1 X126.693 Y133.776 E20.26364
G1 X125.949 Y133.91 E20.28878
G1 X125.051 Y134.013 E20.31884
G1 X124.474 Y134.038 E20.33805
G1 X123.624 Y134.049 E20.36633
G1 X96.36 Y134.05 E21.27313
G1 X95.526 Y134.039 E21.30087
G1 X94.624 Y133.986 E21.33093
G1 X93.859 Y133.88 E21.35661
G1 X92.858 Y133.678 E21.39058
G1 X92.161 Y133.469 E21.41478
G1 X91.318 Y133.145 E21.44482
G1 X90.825 Y132.915 E21.46291
G1 X90.19 Y132.581 E21.48677
G1 X89.42 Y132.11 E21.5168
G1 X88.907 Y131.743 E21.53778
G1 X88.449 Y131.373 E21.55736
G1 X88.214 Y131.164 E21.56782
G1 X87.654 Y130.613 E21.59395
G1 X87.453 Y130.399 E21.60371
G1 X86.865 Y129.714 E21.63374
G1 X86.457 Y129.157 E21.6567
G1 X85.98 Y128.39 E21.68674
G1 X85.626 Y127.705 E21.71239
G1 X85.262 Y126.879 E21.74241
G1 X84.971 Y126.024 E21.77245
G1 X84.809 Y125.393 E21.79412
G1 X84.676 Y124.725 E21.81677
G1 X84.554 Y123.83 E21.84682
G1 X84.517 Y123.254 E21.86601
G1 X84.501 Y122.202 E21.90101
G1 X84.502 Y97.698 E22.71601
G1 X84.515 Y96.794 E22.74608
G1 X84.516 Y94.179 E22.83306
G1 X84.501 Y92.978 E22.87301
G1 X84.502 Y68.333 E23.6927
G1 X84.512 Y67.661 E23.71506
G1 X84.566 Y66.76 E23.74508
G1 X84.686 Y65.931 E23.77294
G1 X84.778 Y65.456 E23.78903
G1 X84.962 Y64.707 E23.81468
G1 X85.094 Y64.28 E23.82955
G1 X85.374 Y63.538 E23.85593
G1 X85.624 Y62.982 E23.8762
G1 X86.046 Y62.195 E23.9059
G1 X86.368 Y61.677 E23.92619
G1 X86.722 Y61.177 E23.94657
G1 F2400 E23.14657
;MESH:bno085_case_lid.stl
G0 F9000 X94.07 Y67.584
G0 X110 Y93.948
;TYPE:WALL-INNER
G1 F2400 E23.94657
G1 F1800 X124.275 Y93.948 E24.42135
G1 X124.462 Y93.901 E24.42777
G1 X124.643 Y93.732 E24.436
G1 X124.696 Y93.525 E24.44311
G1 X124.696 Y67.868 E25.29647
G1 X124.661 Y67.713 E25.30175
G1 X124.55 Y67.556 E25.30815
G1 X124.28 Y67.448 E25.31782
G1 X95.658 Y67.448 E26.26979
G1 X95.554 Y67.483 E26.27344
G1 X95.352 Y67.669 E26.28257
G1 X95.3 Y67.872 E26.28954
G1 X95.3 Y93.538 E27.1432
G1 X95.328 Y93.684 E27.14814
G1 X95.411 Y93.819 E27.15341
G1 X95.58 Y93.919 E27.15994
G1 X95.717 Y93.948 E27.1646
G1 X110 Y93.948 E27.63966
G0 F9000 X110 Y94.348
;TYPE:WALL-OUTER
G1 F1800 X124.323 Y94.348 E28.11604
G1 X124.636 Y94.271 E28.12676
G1 X124.892 Y94.08 E28.13738
G1 X125.014 Y93.897 E28.1447
G1 X125.096 Y93.575 E28.15575
G1 X125.096 Y67.823 E29.01227
G1 X125.033 Y67.547 E29.02168
G1 X124.828 Y67.258 E29.03347
G1 X124.566 Y67.098 E29.04368
G1 X124.32 Y67.048 E29.05203
G1 X95.593 Y67.048 E30.00749
G1 X95.366 Y67.124 E30.01545
G1 X95.107 Y67.317 E30.0262
G1 X94.982 Y67.503 E30.03365
G1 X94.9 Y67.822 E30.0446
G1 X94.9 Y93.576 E30.90119
G1 X94.947 Y93.82 E30.90945
G1 X95.153 Y94.131 E30.92186
G1 X95.434 Y94.298 E30.93273
G1 X95.677 Y94.348 E30.94098
G1 X110 Y94.348 E31.41737
G0 F9000 X110 Y93.588
;TYPE:SKIN
G1 F1800 X95.769 Y93.588 E31.89069
G1 X95.66 Y93.541 E31.89464
G1 X95.66 Y67.861 E32.74876
G1 X95.738 Y67.808 E32.7519
G1 X124.227 Y67.808 E33.69944
G1 X124.336 Y67.879 E33.70377
G1 X124.336 Y93.526 E34.55679
G1 X124.213 Y93.588 E34.56138
G1 X110 Y93.588 E35.0341
G1 F2400 E34.2341
G0 F9000 X110 Y93.848
G0 X95.65 Y93.818
G0 X95.86 Y93.031
G1 F2400 E35.0341
G1 F1800 X96.217 Y93.388 E35.05089
G0 F9000 X96.782 Y93.388
G1 F1800 X95.86 Y92.466 E35.09426
G0 F9000 X95.86 Y91.9
G1 F1800 X97.348 Y93.388 E35.16425
G0 F9000 X97.914 Y93.388
G1 F1800 X95.86 Y91.334 E35.26087
G0 F9000 X95.86 Y90.768
G1 F1800 X98.479 Y93.388 E35.38408
G0 F9000 X99.045 Y93.388
G1 F1800 X95.86 Y90.203 E35.53389
G0 F9000 X95.86 Y89.637
G1 F1800 X99.611 Y93.388 E35.71033
G0 F9000 X100.177 Y93.388
G1 F1800 X95.86 Y89.071 E35.91339
G0 F9000 X95.86 Y88.506
G1 F1800 X100.742 Y93.388 E36.14302
G0 F9000 X101.308 Y93.388
G1 F1800 X95.86 Y87.94 E36.39928
G0 F9000 X95.86 Y87.374
G1 F1800 X101.874 Y93.388 E36.68216
G0 F9000 X102.439 Y93.388
G1 F1800 X95.86 Y86.809 E36.99161
G0 F9000 X95.86 Y86.243
G1 F1800 X103.005 Y93.388 E37.32769
G0 F9000 X103.571 Y93.388
G1 F1800 X95.86 Y85.677 E37.69039
G0 F9000 X95.86 Y85.112
G1 F1800 X104.136 Y93.388 E38.07967
G0 F9000 X104.702 Y93.388
G1 F1800 X95.86 Y84.546 E38.49557
G0 F9000 X95.86 Y83.98
G1 F1800 X105.268 Y93.388 E38.9381
G0 F9000 X105.833 Y93.388
G1 F1800 X95.86 Y83.415 E39.4072
G0 F9000 X95.86 Y82.849
G1 F1800 X106.399 Y93.388 E39.90292
G0 F9000 X106.965 Y93.388
G1 F1800 X95.86 Y82.283 E40.42526
G0 F9000 X95.86 Y81.718
G1 F1800 X107.53 Y93.388 E40.97418
G0 F9000 X108.096 Y93.388
G1 F1800 X95.86 Y81.152 E41.54973
G0 F9000 X95.86 Y80.586
G1 F1800 X108.662 Y93.388 E42.15189
G0 F9000 X109.227 Y93.388
G1 F1800 X95.86 Y80.02 E42.78066
G0 F9000 X95.86 Y79.455
G1 F1800 X109.793 Y93.388 E43.43603
G0 F9000 X110.359 Y93.388
G1 F1800 X95.86 Y78.889 E44.11802
G0 F9000 X95.86 Y78.323
G1 F1800 X110.925 Y93.388 E44.82663
G0 F9000 X111.49 Y93.388
G1 F1800 X95.86 Y77.758 E45.56181
G0 F9000 X95.86 Y77.192
G1 F1800 X112.056 Y93.388 E46.32362
G0 F9000 X112.622 Y93.388
G1 F1800 X95.86 Y76.626 E47.11206
G0 F9000 X95.86 Y76.061
G1 F1800 X113.187 Y93.388 E47.92707
G0 F9000 X113.753 Y93.388
G1 F1800 X95.86 Y75.495 E48.7687
G0 F9000 X95.86 Y74.929
G1 F1800 X114.319 Y93.388 E49.63695
G0 F9000 X114.884 Y93.388
G1 F1800 X95.86 Y74.364 E50.53178
G0 F9000 X95.86 Y73.798
G1 F1800 X115.45 Y93.388 E51.45324
G0 F9000 X116.016 Y93.388
G1 F1800 X95.86 Y73.232 E52.40131
G0 F9000 X95.86 Y72.667
G1 F1800 X116.581 Y93.388 E53.37597
G0 F9000 X117.147 Y93.388
G1 F1800 X95.86 Y72.101 E54.37724
G0 F9000 X95.86 Y71.535
G1 F1800 X117.713 Y93.388 E55.40514
G0 F9000 X118.278 Y93.388
G1 F1800 X95.86 Y70.969 E56.45964
G0 F9000 X95.86 Y70.404
G1 F1800 X118.844 Y93.388 E57.54073
G0 F9000 X119.41 Y93.388
G1 F1800 X95.86 Y69.838 E58.64845
G0 F9000 X95.86 Y69.272
G1 F1800 X119.976 Y93.388 E59.7828
G0 F9000 X120.541 Y93.388
G1 F1800 X95.86 Y68.707 E60.94371
G0 F9000 X95.86 Y68.141
G1 F1800 X121.107 Y93.388 E62.13126
G0 F9000 X121.673 Y93.388
G1 F1800 X96.292 Y68.008 E63.32508
G0 F9000 X96.858 Y68.008
G1 F1800 X122.238 Y93.388 E64.51887
G0 F9000 X122.804 Y93.388
G1 F1800 X97.424 Y68.008 E65.71267
G0 F9000 X97.989 Y68.008
G1 F1800 X123.37 Y93.388 E66.90649
G0 F9000 X123.935 Y93.388
G1 F1800 X98.555 Y68.008 E68.10029
G0 F9000 X99.121 Y68.008
G1 F1800 X124.136 Y93.023 E69.27692
G0 F9000 X124.136 Y92.458
G1 F1800 X99.686 Y68.008 E70.42697
G0 F9000 X100.252 Y68.008
G1 F1800 X124.136 Y91.892 E71.5504
G0 F9000 X124.136 Y91.326
G1 F1800 X100.818 Y68.008 E72.64721
G0 F9000 X101.384 Y68.008
G1 F1800 X124.136 Y90.761 E73.71742
G0 F9000 X124.136 Y90.195
G1 F1800 X101.949 Y68.008 E74.76103
G0 F9000 X102.515 Y68.008
G1 F1800 X124.136 Y89.629 E75.77801
G0 F9000 X124.136 Y89.064
G1 F1800 X103.081 Y68.008 E76.7684
G0 F9000 X103.646 Y68.008
G1 F1800 X124.136 Y88.498 E77.73218
G0 F9000 X124.136 Y87.932
G1 F1800 X104.212 Y68.008 E78.66935
G0 F9000 X104.778 Y68.008
G1 F1800 X124.136 Y87.367 E79.57991
G0 F9000 X124.136 Y86.801
G1 F1800 X105.343 Y68.008 E80.46388
G0 F9000 X105.909 Y68.008
G1 F1800 X124.136 Y86.235 E81.32122
G0 F9000 X124.136 Y85.67
G1 F1800 X106.475 Y68.008 E82.15196
G0 F9000 X107.04 Y68.008
G1 F1800 X124.136 Y85.104 E82.95611
G0 F9000 X124.136 Y84.538
G1 F1800 X107.606 Y68.008 E83.73363
G0 F9000 X108.172 Y68.008
G1 F1800 X124.136 Y83.972 E84.48452
G0 F9000 X124.136 Y83.407
G1 F1800 X108.737 Y68.008 E85.20885
G0 F9000 X109.303 Y68.008
G1 F1800 X124.136 Y82.841 E85.90654
G0 F9000 X124.136 Y82.275
G1 F1800 X109.869 Y68.008 E86.57762
G0 F9000 X110.435 Y68.008
G1 F1800 X124.136 Y81.71 E87.2221
G0 F9000 X124.136 Y81.144
G1 F1800 X111 Y68.008 E87.83997
G0 F9000 X111.566 Y68.008
G1 F1800 X124.136 Y80.578 E88.43123
G0 F9000 X124.136 Y80.013
G1 F1800 X112.132 Y68.008 E88.99588
G0 F9000 X112.697 Y68.008
G1 F1800 X124.136 Y79.447 E89.53394
G0 F9000 X124.136 Y78.881
G1 F1800 X113.263 Y68.008 E90.04537
G0 F9000 X113.829 Y68.008
G1 F1800 X124.136 Y78.316 E90.5302
G0 F9000 X124.136 Y77.75
G1 F1800 X114.394 Y68.008 E90.98844
G0 F9000 X114.96 Y68.008
G1 F1800 X124.136 Y77.184 E91.42005
G0 F9000 X124.136 Y76.619
G1 F1800 X115.526 Y68.008 E91.82506
G0 F9000 X116.091 Y68.008
G1 F1800 X124.136 Y76.053 E92.20347
G0 F9000 X124.136 Y75.487
G1 F1800 X116.657 Y68.008 E92.55526
G0 F9000 X117.223 Y68.008
G1 F1800 X124.136 Y74.921 E92.88043
G0 F9000 X124.136 Y74.356
G1 F1800 X117.788 Y68.008 E93.17902
G0 F9000 X118.354 Y68.008
G1 F1800 X124.136 Y73.79 E93.45099
G0 F9000 X124.136 Y73.224
G1 F1800 X118.92 Y68.008 E93.69633
G0 F9000 X119.485 Y68.008
G1 F1800 X124.136 Y72.659 E93.9151
G0 F9000 X124.136 Y72.093
G1 F1800 X120.051 Y68.008 E94.10725
G0 F9000 X120.617 Y68.008
G1 F1800 X124.136 Y71.527 E94.27277
G0 F9000 X124.136 Y70.962
G1 F1800 X121.183 Y68.008 E94.41169
G0 F9000 X121.748 Y68.008
G1 F1800 X124.136 Y70.396 E94.52402
G0 F9000 X124.136 Y69.83
G1 F1800 X122.314 Y68.008 E94.60972
G0 F9000 X122.88 Y68.008
G1 F1800 X124.136 Y69.265 E94.66882
G0 F9000 X124.136 Y68.699
G1 F1800 X123.445 Y68.008 E94.70132
G0 F9000 X124.011 Y68.008
G1 F1800 X124.136 Y68.133 E94.7072
G1 F2400 E93.9072
;MESH:bno085_case_body.stl
G0 F9000 X124.347 Y67.575
G0 X124.534 Y67.813
G0 X124.535 Y93.504
G0 X124.303 Y93.766
G0 X109.999 Y94.139
G0 X110 Y95.214
G0 X109.998 Y95.486
G0 X110 Y123.248
;TYPE:WALL-INNER
G1 F2400 E94.7072
G1 F1800 X124.286 Y123.248 E95.18236
G1 X124.472 Y123.203 E95.18872
G1 X124.619 Y123.071 E95.19529
G1 X124.696 Y122.844 E95.20326
G1 X124.696 Y97.158 E96.05758
G1 X124.668 Y97.012 E96.06253
G1 X124.585 Y96.877 E96.0678
G1 X124.416 Y96.776 E96.07435
G1 X124.282 Y96.748 E96.0789
G1 X95.714 Y96.748 E97.02908
G1 X95.425 Y96.862 E97.03941
G1 X95.3 Y97.072 E97.04754
G1 X95.3 Y122.838 E97.90452
G1 X95.329 Y122.984 E97.90947
G1 X95.412 Y123.117 E97.91468
G1 X95.582 Y123.221 E97.92131
G1 X95.714 Y123.248 E97.92579
G1 X110 Y123.248 E98.40095
G0 F9000 X110 Y123.648
;TYPE:WALL-OUTER
G1 F1800 X124.324 Y123.648 E98.87737
G1 X124.643 Y123.586 E98.88817
G1 X124.942 Y123.319 E98.90151
G1 X125.063 Y123.081 E98.91039
G1 X125.096 Y122.876 E98.91729
G1 X125.096 Y97.12 E99.77394
G1 X125.049 Y96.876 E99.78221
G1 X124.843 Y96.565 E99.79461
G1 X124.562 Y96.398 E99.80549
G1 X124.323 Y96.348 E99.81361
G1 X95.673 Y96.348 E100.76651
G1 X95.429 Y96.399 E100.7748
G1 X95.113 Y96.605 E100.78735
G1 X94.946 Y96.885 E100.79819
G1 X94.9 Y97.12 E100.80615
G1 X94.9 Y122.876 E101.6628
G1 X94.947 Y123.12 E101.67107
G1 X95.156 Y123.431 E101.68353
G1 X95.434 Y123.599 E101.69433
G1 X95.673 Y123.648 E101.70245
G1 X110 Y123.648 E102.17897
G0 F9000 X110 Y122.888
;TYPE:SKIN
G1 F1800 X95.727 Y122.888 E102.65369
G1 X95.66 Y122.844 E102.65635
G1 X95.66 Y97.172 E103.51021
G1 X95.756 Y97.108 E103.51405
G1 X124.228 Y97.108 E104.46103
G1 X124.336 Y97.153 E104.46492
G1 X124.336 Y122.803 E105.31804
G1 X124.28 Y122.888 E105.32143
G1 X110 Y122.888 E105.79638
G1 F2400 E104.99638
G0 F9000 X110 Y123.148
G0 X95.672 Y123.086
G0 X95.4 Y122.447
G0 X95.86 Y122.447
G1 F2400 E105.79638
G1 F1800 X96.101 Y122.688 E105.80772
G0 F9000 X96.666 Y122.688
G1 F1800 X95.86 Y121.881 E105.84565
G0 F9000 X95.86 Y121.315
G1 F1800 X97.232 Y122.688 E105.91021
G0 F9000 X97.798 Y122.688
G1 F1800 X95.86 Y120.75 E106.00137
G0 F9000 X95.86 Y120.184
G1 F1800 X98.364 Y122.688 E106.11915
G0 F9000 X98.929 Y122.688
G1 F1800 X95.86 Y119.618 E106.26353
G0 F9000 X95.86 Y119.053
G1 F1800 X99.495 Y122.688 E106.43451
G0 F9000 X100.061 Y122.688
G1 F1800 X95.86 Y118.487 E106.63211
G0 F9000 X95.86 Y117.921
G1 F1800 X100.626 Y122.688 E106.85631
G0 F9000 X101.192 Y122.688
G1 F1800 X95.86 Y117.356 E107.10711
G0 F9000 X95.86 Y116.79
G1 F1800 X101.758 Y122.688 E107.38454
G0 F9000 X102.323 Y122.688
G1 F1800 X95.86 Y116.224 E107.68856
G0 F9000 X95.86 Y115.659
G1 F1800 X102.889 Y122.688 E108.01918
G0 F9000 X103.455 Y122.688
G1 F1800 X95.86 Y115.093 E108.37643
G0 F9000 X95.86 Y114.527
G1 F1800 X104.02 Y122.688 E108.76027
G0 F9000 X104.586 Y122.688
G1 F1800 X95.86 Y113.962 E109.17072
G0 F9000 X95.86 Y113.396
G1 F1800 X105.152 Y122.688 E109.60779
G0 F9000 X105.717 Y122.688
G1 F1800 X95.86 Y112.83 E110.07145
G0 F9000 X95.86 Y112.265
G1 F1800 X106.283 Y122.688 E110.56172
G0 F9000 X106.849 Y122.688
G1 F1800 X95.86 Y111.699 E111.07861
G0 F9000 X95.86 Y111.133
G1 F1800 X107.414 Y122.688 E111.6221
G0 F9000 X107.98 Y122.688
G1 F1800 X95.86 Y110.567 E112.19221
G0 F9000 X95.86 Y110.002
G1 F1800 X108.546 Y122.688 E112.78892
G0 F9000 X109.112 Y122.688
G1 F1800 X95.86 Y109.436 E113.41225
G0 F9000 X95.86 Y108.87
G1 F1800 X109.677 Y122.688 E114.06218
G0 F9000 X110.243 Y122.688
G1 F1800 X95.86 Y108.305 E114.73872
G0 F9000 X95.86 Y107.739
G1 F1800 X110.809 Y122.688 E115.44187
G0 F9000 X111.374 Y122.688
G1 F1800 X95.86 Y107.173 E116.17162
G0 F9000 X95.86 Y106.608
G1 F1800 X111.94 Y122.688 E116.92798
G0 F9000 X112.506 Y122.688
G1 F1800 X95.86 Y106.042 E117.71096
G0 F9000 X95.86 Y105.476
G1 F1800 X113.071 Y122.688 E118.52053
G0 F9000 X113.637 Y122.688
G1 F1800 X95.86 Y104.911 E119.35671
G0 F9000 X95.86 Y104.345
G1 F1800 X114.203 Y122.688 E120.21951
G0 F9000 X114.768 Y122.688
G1 F1800 X95.86 Y103.779 E121.1089
G0 F9000 X95.86 Y103.214
G1 F1800 X115.334 Y122.688 E122.0249
G0 F9000 X115.9 Y122.688
G1 F1800 X95.86 Y102.648 E122.96752
G0 F9000 X95.86 Y102.082
G1 F1800 X116.465 Y122.688 E123.93674
G0 F9000 X117.031 Y122.688
G1 F1800 X95.86 Y101.516 E124.93258
G0 F9000 X95.86 Y100.951
G1 F1800 X117.597 Y122.688 E125.95502
G0 F9000 X118.162 Y122.688
G1 F1800 X95.86 Y100.385 E127.00407
G0 F9000 X95.86 Y99.819
G1 F1800 X118.728 Y122.688 E128.07973
G0 F9000 X119.294 Y122.688
G1 F1800 X95.86 Y99.254 E129.18199
G0 F9000 X95.86 Y98.688
G1 F1800 X119.86 Y122.688 E130.31088
G0 F9000 X120.425 Y122.688
G1 F1800 X95.86 Y98.122 E131.46637
G0 F9000 X95.86 Y97.557
G1 F1800 X120.991 Y122.688 E132.64845
G0 F9000 X121.557 Y122.688
G1 F1800 X96.177 Y97.308 E133.84225
G0 F9000 X96.743 Y97.308
G1 F1800 X122.122 Y122.688 E135.03602
G0 F9000 X122.688 Y122.688
G1 F1800 X97.308 Y97.308 E136.22982
G0 F9000 X97.874 Y97.308
G1 F1800 X123.254 Y122.688 E137.42362
G0 F9000 X123.819 Y122.688
G1 F1800 X98.44 Y97.308 E138.61739
G0 F9000 X99.006 Y97.308
G1 F1800 X124.136 Y122.439 E139.79945
G0 F9000 X124.136 Y121.873
G1 F1800 X99.571 Y97.308 E140.95492
G0 F9000 X100.137 Y97.308
G1 F1800 X124.136 Y121.308 E142.08378
G0 F9000 X124.136 Y120.742
G1 F1800 X100.703 Y97.308 E143.18602
G0 F9000 X101.268 Y97.308
G1 F1800 X124.136 Y120.176 E144.26166
G0 F9000 X124.136 Y119.611
G1 F1800 X101.834 Y97.308 E145.3107
G0 F9000 X102.4 Y97.308
G1 F1800 X124.136 Y119.045 E146.33312
G0 F9000 X124.136 Y118.479
G1 F1800 X102.965 Y97.308 E147.32894
G0 F9000 X103.531 Y97.308
G1 F1800 X124.136 Y117.914 E148.29816
G0 F9000 X124.136 Y117.348
G1 F1800 X104.097 Y97.308 E149.24075
G0 F9000 X104.662 Y97.308
G1 F1800 X124.136 Y116.782 E150.15675
G0 F9000 X124.136 Y116.217
G1 F1800 X105.228 Y97.308 E151.04615
G0 F9000 X105.794 Y97.308
G1 F1800 X124.136 Y115.651 E151.90892
G0 F9000 X124.136 Y115.085
G1 F1800 X106.359 Y97.308 E152.7451
G0 F9000 X106.925 Y97.308
G1 F1800 X124.136 Y114.519 E153.55465
G0 F9000 X124.136 Y113.954
G1 F1800 X107.491 Y97.308 E154.3376
G0 F9000 X108.057 Y97.308
G1 F1800 X124.136 Y113.388 E155.09394
G0 F9000 X124.136 Y112.822
G1 F1800 X108.622 Y97.308 E155.82367
G0 F9000 X109.188 Y97.308
G1 F1800 X124.136 Y112.257 E156.5268
G0 F9000 X124.136 Y111.691
G1 F1800 X109.754 Y97.308 E157.20331
G0 F9000 X110.319 Y97.308
G1 F1800 X124.136 Y111.125 E157.85322
G0 F9000 X124.136 Y110.56
G1 F1800 X110.885 Y97.308 E158.47653
G0 F9000 X111.451 Y97.308
G1 F1800 X124.136 Y109.994 E159.07321
G0 F9000 X124.136 Y109.428
G1 F1800 X112.016 Y97.308 E159.6433
G0 F9000 X112.582 Y97.308
G1 F1800 X124.136 Y108.863 E160.18679
G0 F9000 X124.136 Y108.297
G1 F1800 X113.148 Y97.308 E160.70365
G0 F9000 X113.713 Y97.308
G1 F1800 X124.136 Y107.731 E161.19392
G0 F9000 X124.136 Y107.166
G1 F1800 X114.279 Y97.308 E161.65759
G0 F9000 X114.845 Y97.308
G1 F1800 X124.136 Y106.6 E162.09463
G0 F9000 X124.136 Y106.034
G1 F1800 X115.41 Y97.308 E162.50507
G0 F9000 X115.976 Y97.308
G1 F1800 X124.136 Y105.469 E162.88892
G0 F9000 X124.136 Y104.903
G1 F1800 X116.542 Y97.308 E163.24614
G0 F9000 X117.107 Y97.308
G1 F1800 X124.136 Y104.337 E163.57676
G0 F9000 X124.136 Y103.771
G1 F1800 X117.673 Y97.308 E163.88076
G0 F9000 X118.239 Y97.308
G1 F1800 X124.136 Y103.206 E164.15816
G0 F9000 X124.136 Y102.64
G1 F1800 X118.805 Y97.308 E164.40894
G0 F9000 X119.37 Y97.308
G1 F1800 X124.136 Y102.074 E164.63312
G0 F9000 X124.136 Y101.509
G1 F1800 X119.936 Y97.308 E164.8307
G0 F9000 X120.502 Y97.308
G1 F1800 X124.136 Y100.943 E165.00165
G0 F9000 X124.136 Y100.377
G1 F1800 X121.067 Y97.308 E165.14601
G0 F9000 X121.633 Y97.308
G1 F1800 X124.136 Y99.812 E165.26377
G0 F9000 X124.136 Y99.246
G1 F1800 X122.199 Y97.308 E165.3549
G0 F9000 X122.764 Y97.308
G1 F1800 X124.136 Y98.68 E165.41944
G0 F9000 X124.136 Y98.115
G1 F1800 X123.33 Y97.308 E165.45737
G0 F9000 X123.896 Y97.308
G1 F1800 X124.136 Y97.549 E165.46868
M104 S200
G1 F2400 E164.66868
;MESH:NONMESH
G0 F300 Z0.4
G0 F9000 X124.379 Y96.89
G0 X95.691 Y96.58
G0 X95.479 Y95.508
G0 X94.598 Y94.807
G0 X94.35 Y94.529
G0 X94.168 Y94.192
G0 X86.722 Y61.177
;TIME_ELAPSED:189.695613
;LAYER:1
M106 S85
;TYPE:SKIRT
G1 F2400 E165.46868
G1 F1800 X87.29 Y60.468 E165.4989
G1 X87.597 Y60.132 E165.51404
G1 X88.097 Y59.639 E165.53739
G1 X88.786 Y59.054 E165.56745
G1 X89.189 Y58.757 E165.5841
G1 X89.699 Y58.41 E165.60462
G1 X90.002 Y58.222 E165.61648
G1 X90.795 Y57.789 E165.64653
G1 X91.424 Y57.516 E165.66934
G1 X91.896 Y57.326 E165.68626
G1 X92.376 Y57.164 E165.70311
G1 X93.117 Y56.959 E165.72868
G1 X94.003 Y56.783 E165.75873
G1 X94.901 Y56.686 E165.78877
G1 X95.378 Y56.666 E165.80465
G1 X96.206 Y56.652 E165.83219
G1 X123.639 Y56.65 E166.74462
G1 X124.487 Y56.661 E166.77282
G1 X125.389 Y56.714 E166.80287
G1 X126.173 Y56.826 E166.82922
G1 X126.83 Y56.958 E166.8515
G1 X127.703 Y57.191 E166.88156
G1 X128.383 Y57.431 E166.90554
G1 X129.345 Y57.865 E166.94064
G1 X130.285 Y58.396 E166.97655
G1 X130.588 Y58.594 E166.98859
G1 X131.359 Y59.168 E167.02056
G1 X132.174 Y59.901 E167.05702
G1 X132.404 Y60.135 E167.06793
G1 X132.881 Y60.668 E167.09172
G1 X133.083 Y60.918 E167.10241
G1 X133.368 Y61.295 E167.11813
G1 X133.884 Y62.079 E167.14935
G1 X134.171 Y62.586 E167.16872
G1 X134.334 Y62.901 E167.18052
G1 X134.548 Y63.356 E167.19724
G1 X134.903 Y64.272 E167.22992
G1 X135.142 Y65.086 E167.25813
G1 X135.263 Y65.634 E167.2768
G1 X135.362 Y66.195 E167.29575
G1 X135.411 Y66.548 E167.3076
G1 X135.483 Y67.44 E167.33736
G1 X135.499 Y68.36 E167.36797
G1 X135.498 Y93.004 E168.18763
G1 X135.485 Y93.908 E168.2177
G1 X135.484 Y96.525 E168.30474
G1 X135.499 Y97.725 E168.34466
G1 X135.498 Y122.304 E169.16216
G1 X135.488 Y123.029 E169.18628
G1 X135.436 Y123.93 E169.21629
G1 X135.366 Y124.47 E169.2344
G1 X135.272 Y125.02 E169.25296
G1 X135.067 Y125.899 E169.28298
G1 X134.91 Y126.408 E169.3007
G1 X134.724 Y126.919 E169.31879
G1 X134.337 Y127.794 E169.35061
G1 X133.882 Y128.62 E169.38197
G1 X133.494 Y129.234 E169.40613
G1 X133.035 Y129.844 E169.43152
G1 X132.437 Y130.521 E169.46156
G1 X131.848 Y131.092 E169.48885
G1 X131.163 Y131.681 E169.5189
G1 X130.429 Y132.207 E169.54893
G1 X129.423 Y132.784 E169.5875
G1 X129.138 Y132.926 E169.59809
G1 X128.312 Y133.292 E169.62814
G1 X127.458 Y133.584 E169.65816
G1 X126.693 Y133.776 E169.68439
G1 X125.949 Y133.91 E169.70954
G1 X125.051 Y134.013 E169.7396
G1 X124.474 Y134.038 E169.75881
G1 X123.624 Y134.049 E169.78708
G1 X96.36 Y134.05 E170.69389
G1 X95.526 Y134.039 E170.72163
G1 X94.624 Y133.986 E170.75168
G1 X93.859 Y133.88 E170.77737
G1 X92.858 Y133.678 E170.81133
G1 X92.161 Y133.469 E170.83554
G1 X91.318 Y133.145 E170.86557
G1 X90.825 Y132.915 E170.88367
G1 X90.19 Y132.581 E170.90753
G1 X89.42 Y132.11 E170.93755
G1 X88.907 Y131.743 E170.95853
G1 X88.449 Y131.373 E170.97812
G1 X88.214 Y131.164 E170.98858
G1 X87.654 Y130.613 E171.01471
G1 X87.453 Y130.399 E171.02447
G1 X86.865 Y129.714 E171.0545
G1 X86.457 Y129.157 E171.07746
G1 X85.98 Y128.39 E171.1075
G1 X85.626 Y127.705 E171.13315
G1 X85.262 Y126.879 E171.16317
G1 X84.971 Y126.024 E171.19321
G1 X84.809 Y125.393 E171.21488
G1 X84.676 Y124.725 E171.23753
G1 X84.554 Y123.83 E171.26757
G1 X84.517 Y123.254 E171.28677
G1 X84.501 Y122.202 E171.32177
G1 X84.502 Y97.698 E172.13677
G1 X84.515 Y96.794 E172.16684
G1 X84.516 Y94.179 E172.25382
G1 X84.501 Y92.978 E172.29377
G1 X84.502 Y68.333 E173.11346
G1 X84.512 Y67.661 E173.13581
G1 X84.566 Y66.76 E173.16584
G1 X84.686 Y65.931 E173.1937
G1 X84.778 Y65.456 E173.20979
G1 X84.962 Y64.707 E173.23544
G1 X85.094 Y64.28 E173.25031
G1 X85.374 Y63.538 E173.27668
G1 X85.624 Y62.982 E173.29696
G1 X86.046 Y62.195 E173.32666
G1 X86.368 Y61.677 E173.34695
G1 X86.722 Y61.177 E173.36732
G1 F2400 E172.56732
;MESH:bno085_case_lid.stl
G0 F12000 X94.058 Y67.619
G0 X110 Y93.948
;TYPE:WALL-INNER
G1 F2400 E173.36732
G1 F3600 X124.352 Y93.948 E173.84467
G1 X124.576 Y93.823 E173.8532
G1 X124.662 Y93.701 E173.85817
G1 X124.696 Y93.539 E173.86367
G1 X124.696 Y67.858 E174.71783
G1 X124.667 Y67.709 E174.72288
G1 X124.578 Y67.572 E174.72831
G1 X124.42 Y67.476 E174.73446
G1 X124.277 Y67.448 E174.73931
G1 X95.666 Y67.448 E175.69091
G1 X95.425 Y67.568 E175.69987
G1 X95.334 Y67.695 E175.70506
G1 X95.3 Y67.857 E175.71057
G1 X95.301 Y93.538 E176.56472
G1 X95.346 Y93.728 E176.57122
G1 X95.475 Y93.871 E176.57762
G1 X95.719 Y93.948 E176.58613
G1 X110 Y93.948 E177.06112
G0 F12000 X110 Y94.348
;TYPE:WALL-OUTER
G1 F3600 X124.318 Y94.348 E177.53734
G1 X124.52 Y94.312 E177.54416
G1 X124.837 Y94.135 E177.55624
G1 X125.044 Y93.831 E177.56847
G1 X125.096 Y93.579 E177.57703
G1 X125.096 Y67.82 E178.43378
G1 X125.049 Y67.578 E178.44198
G1 X124.84 Y67.263 E178.45455
G1 X124.566 Y67.098 E178.46519
G1 X124.316 Y67.048 E178.47367
G1 X95.617 Y67.048 E179.4282
G1 X95.445 Y67.092 E179.4341
G1 X95.161 Y67.259 E179.44506
G1 X94.952 Y67.565 E179.45739
G1 X94.9 Y67.817 E179.46595
G1 X94.901 Y93.576 E180.32269
G1 X95.009 Y93.952 E180.33571
G1 X95.225 Y94.191 E180.34642
G1 X95.424 Y94.297 E180.35392
G1 X95.68 Y94.348 E180.3626
G1 X110 Y94.348 E180.83889
G0 F12000 X110 Y93.588
;TYPE:SKIN
G1 F3600 X95.76 Y93.588 E181.31251
G1 X95.66 Y93.538 E181.31623
G1 X95.66 Y67.862 E182.17022
G1 X95.738 Y67.808 E182.17337
G1 X124.225 Y67.808 E183.12085
G1 X124.336 Y67.853 E183.12484
G1 X124.336 Y93.532 E183.97892
G1 X124.252 Y93.588 E183.98228
G1 X110 Y93.588 E184.4563
G1 F2400 E183.6563
G0 F12000 X110 Y93.848
G0 X124.467 Y93.757
G0 X124.135 Y93.088
G1 F2400 E184.4563
G1 F3600 X123.835 Y93.388 E184.47042
G0 F12000 X123.269 Y93.388
G1 F3600 X124.135 Y92.522 E184.51115
G0 F12000 X124.135 Y91.956
G1 F3600 X122.704 Y93.388 E184.57848
G0 F12000 X122.138 Y93.388
G1 F3600 X124.135 Y91.391 E184.67242
G0 F12000 X124.135 Y90.825
G1 F3600 X121.572 Y93.388 E184.79297
G0 F12000 X121.006 Y93.388
G1 F3600 X124.135 Y90.259 E184.94015
G0 F12000 X124.135 Y89.694
G1 F3600 X120.441 Y93.388 E185.1139
G0 F12000 X119.875 Y93.388
G1 F3600 X124.135 Y89.128 E185.31428
G0 F12000 X124.135 Y88.562
G1 F3600 X119.309 Y93.388 E185.54128
G0 F12000 X118.744 Y93.388
G1 F3600 X124.135 Y87.997 E185.79486
G0 F12000 X124.135 Y87.431
G1 F3600 X118.178 Y93.388 E186.07506
G0 F12000 X117.612 Y93.388
G1 F3600 X124.135 Y86.865 E186.38188
G0 F12000 X124.135 Y86.3
G1 F3600 X117.047 Y93.388 E186.71528
G0 F12000 X116.481 Y93.388
G1 F3600 X124.135 Y85.734 E187.0753
G0 F12000 X124.135 Y85.168
G1 F3600 X115.915 Y93.388 E187.46194
G0 F12000 X115.35 Y93.388
G1 F3600 X124.135 Y84.602 E187.87518
G0 F12000 X124.135 Y84.037
G1 F3600 X114.784 Y93.388 E188.31503
G0 F12000 X114.218 Y93.388
G1 F3600 X124.135 Y83.471 E188.78149
G0 F12000 X124.135 Y82.905
G1 F3600 X113.653 Y93.388 E189.27456
G0 F12000 X113.087 Y93.388
G1 F3600 X124.135 Y82.34 E189.79422
G0 F12000 X124.135 Y81.774
G1 F3600 X112.521 Y93.388 E190.34051
G0 F12000 X111.956 Y93.388
G1 F3600 X124.135 Y81.208 E190.91339
G0 F12000 X124.135 Y80.643
G1 F3600 X111.39 Y93.388 E191.51288
G0 F12000 X110.824 Y93.388
G1 F3600 X124.135 Y80.077 E192.13899
G0 F12000 X124.135 Y79.511
G1 F3600 X110.258 Y93.388 E192.79172
G0 F12000 X109.693 Y93.388
G1 F3600 X124.135 Y78.946 E193.47103
G0 F12000 X124.135 Y78.38
G1 F3600 X109.127 Y93.388 E194.17696
G0 F12000 X108.561 Y93.388
G1 F3600 X124.135 Y77.814 E194.90951
G0 F12000 X124.135 Y77.249
G1 F3600 X107.996 Y93.388 E195.66864
G0 F12000 X107.43 Y93.388
G1 F3600 X124.135 Y76.683 E196.45439
G0 F12000 X124.135 Y76.117
G1 F3600 X106.864 Y93.388 E197.26677
G0 F12000 X106.299 Y93.388
G1 F3600 X124.135 Y75.552 E198.10572
G0 F12000 X124.135 Y74.986
G1 F3600 X105.733 Y93.388 E198.97129
G0 F12000 X105.167 Y93.388
G1 F3600 X124.135 Y74.42 E199.86349
G0 F12000 X124.135 Y73.854
G1 F3600 X104.602 Y93.388 E200.78228
G0 F12000 X104.036 Y93.388
G1 F3600 X124.135 Y73.289 E201.72768
G0 F12000 X124.135 Y72.723
G1 F3600 X103.47 Y93.388 E202.6997
G0 F12000 X102.905 Y93.388
G1 F3600 X124.135 Y72.157 E203.69831
G0 F12000 X124.135 Y71.592
G1 F3600 X102.339 Y93.388 E204.72353
G0 F12000 X101.773 Y93.388
G1 F3600 X124.135 Y71.026 E205.77537
G0 F12000 X124.135 Y70.46
G1 F3600 X101.207 Y93.388 E206.85383
G0 F12000 X100.642 Y93.388
G1 F3600 X124.135 Y69.895 E207.95887
G0 F12000 X124.135 Y69.329
G1 F3600 X100.076 Y93.388 E209.09054
G0 F12000 X99.51 Y93.388
G1 F3600 X124.135 Y68.763 E210.24882
G0 F12000 X124.135 Y68.198
G1 F3600 X98.945 Y93.388 E211.43368
G0 F12000 X98.379 Y93.388
G1 F3600 X123.759 Y68.008 E212.62748
G0 F12000 X123.194 Y68.008
G1 F3600 X97.813 Y93.388 E213.8213
G0 F12000 X97.248 Y93.388
G1 F3600 X122.628 Y68.008 E215.0151
G0 F12000 X122.062 Y68.008
G1 F3600 X96.682 Y93.388 E216.20889
G0 F12000 X96.116 Y93.388
G1 F3600 X121.497 Y68.008 E217.40271
G0 F12000 X120.931 Y68.008
G1 F3600 X95.86 Y93.079 E218.58198
G0 F12000 X95.86 Y92.513
G1 F3600 X120.365 Y68.008 E219.73462
G0 F12000 X119.799 Y68.008
G1 F3600 X95.86 Y91.947 E220.86063
G0 F12000 X95.86 Y91.382
G1 F3600 X119.234 Y68.008 E221.96008
G0 F12000 X118.668 Y68.008
G1 F3600 X95.86 Y90.816 E223.03289
G0 F12000 X95.86 Y90.25
G1 F3600 X118.102 Y68.008 E224.07909
G0 F12000 X117.537 Y68.008
G1 F3600 X95.86 Y89.684 E225.09869
G0 F12000 X95.86 Y89.119
G1 F3600 X116.971 Y68.008 E226.09168
G0 F12000 X116.405 Y68.008
G1 F3600 X95.86 Y88.553 E227.05806
G0 F12000 X95.86 Y87.987
G1 F3600 X115.84 Y68.008 E227.99783
G0 F12000 X115.274 Y68.008
G1 F3600 X95.86 Y87.422 E228.91101
G0 F12000 X95.86 Y86.856
G1 F3600 X114.708 Y68.008 E229.79756
G0 F12000 X114.143 Y68.008
G1 F3600 X95.86 Y86.29 E230.65751
G0 F12000 X95.86 Y85.725
G1 F3600 X113.577 Y68.008 E231.49086
G0 F12000 X113.011 Y68.008
G1 F3600 X95.86 Y85.159 E232.29759
G0 F12000 X95.86 Y84.593
G1 F3600 X112.446 Y68.008 E233.07773
G0 F12000 X111.88 Y68.008
G1 F3600 X95.86 Y84.028 E233.83126
G0 F12000 X95.86 Y83.462
G1 F3600 X111.314 Y68.008 E234.55817
G0 F12000 X110.748 Y68.008
G1 F3600 X95.86 Y82.896 E235.25845
G0 F12000 X95.86 Y82.331
G1 F3600 X110.183 Y68.008 E235.93216
G0 F12000 X109.617 Y68.008
G1 F3600 X95.86 Y81.765 E236.57925
G0 F12000 X95.86 Y81.199
G1 F3600 X109.051 Y68.008 E237.19971
G0 F12000 X108.486 Y68.008
G1 F3600 X95.86 Y80.634 E237.7936
G0 F12000 X95.86 Y80.068
G1 F3600 X107.92 Y68.008 E238.36087
G0 F12000 X107.354 Y68.008
G1 F3600 X95.86 Y79.502 E238.90151
G0 F12000 X95.86 Y78.936
G1 F3600 X106.789 Y68.008 E239.41555
G0 F12000 X106.223 Y68.008
G1 F3600 X95.86 Y78.371 E239.903
G0 F12000 X95.86 Y77.805
G1 F3600 X105.657 Y68.008 E240.36382
G0 F12000 X105.092 Y68.008
G1 F3600 X95.86 Y77.239 E240.79804
G0 F12000 X95.86 Y76.674
G1 F3600 X104.526 Y68.008 E241.20566
G0 F12000 X103.96 Y68.008
G1 F3600 X95.86 Y76.108 E241.58666
G0 F12000 X95.86 Y75.542
G1 F3600 X103.395 Y68.008 E241.94106
G0 F12000 X102.829 Y68.008
G1 F3600 X95.86 Y74.977 E242.26886
G0 F12000 X95.86 Y74.411
G1 F3600 X102.263 Y68.008 E242.57004
G0 F12000 X101.698 Y68.008
G1 F3600 X95.86 Y73.845 E242.84462
G0 F12000 X95.86 Y73.28
G1 F3600 X101.132 Y68.008 E243.09259
G0 F12000 X100.566 Y68.008
G1 F3600 X95.86 Y72.714 E243.31395
G0 F12000 X95.86 Y72.148
G1 F3600 X100 Y68.008 E243.50868
G0 F12000 X99.435 Y68.008
G1 F3600 X95.86 Y71.583 E243.67684
G0 F12000 X95.86 Y71.017
G1 F3600 X98.869 Y68.008 E243.81837
G0 F12000 X98.303 Y68.008
G1 F3600 X95.86 Y70.451 E243.93329
G0 F12000 X95.86 Y69.885
G1 F3600 X97.738 Y68.008 E244.0216
G0 F12000 X97.172 Y68.008
G1 F3600 X95.86 Y69.32 E244.08331
G0 F12000 X95.86 Y68.754
G1 F3600 X96.606 Y68.008 E244.1184
G0 F12000 X96.041 Y68.008
G1 F3600 X95.86 Y68.188 E244.12689
G1 F2400 E243.32689
;MESH:bno085_case_body.stl
G0 F12000 X95.501 Y67.657
G0 X95.464 Y93.615
G0 X109.999 Y94.139
G0 X110 Y95.214
G0 X109.998 Y95.486
G0 X110 Y123.247
;TYPE:WALL-INNER
G1 F2400 E244.12689
G1 F3600 X124.364 Y123.248 E244.60464
G1 X124.575 Y123.134 E244.61261
G1 X124.696 Y122.832 E244.62344
G1 X124.696 Y97.158 E245.47736
G1 X124.62 Y96.926 E245.48548
G1 X124.483 Y96.802 E245.49162
G1 X124.29 Y96.748 E245.49829
G1 X95.66 Y96.748 E246.45053
G1 X95.487 Y96.815 E246.4567
G1 X95.353 Y96.966 E246.46341
G1 X95.3 Y97.15 E246.46978
G1 X95.3 Y122.838 E247.32417
G1 X95.345 Y123.026 E247.33059
G1 X95.472 Y123.164 E247.33683
G1 X95.7 Y123.246 E247.34489
G1 X110 Y123.247 E247.82051
G0 F12000 X110 Y123.647
;TYPE:WALL-OUTER
G1 F3600 X124.326 Y123.648 E248.297
G1 X124.529 Y123.611 E248.30386
G1 X124.848 Y123.454 E248.31568
G1 X125.032 Y123.155 E248.32736
G1 X125.096 Y122.877 E248.33685
G1 X125.096 Y97.12 E249.19353
G1 X125.049 Y96.88 E249.20166
G1 X124.94 Y96.677 E249.20933
G1 X124.705 Y96.462 E249.21992
G1 X124.326 Y96.348 E249.23309
G1 X95.594 Y96.348 E250.18872
G1 X95.269 Y96.459 E250.20014
G1 X95.014 Y96.744 E250.21286
G1 X94.9 Y97.117 E250.22583
G1 X94.9 Y122.876 E251.08258
G1 X95.009 Y123.251 E251.09557
G1 X95.227 Y123.489 E251.1063
G1 X95.472 Y123.612 E251.11542
G1 X95.666 Y123.647 E251.12198
G1 X110 Y123.647 E251.59873
G0 F12000 X110 Y122.886
;TYPE:SKIN
G1 F3600 X95.743 Y122.884 E252.07292
G1 X95.66 Y122.834 E252.07614
G1 X95.66 Y97.163 E252.92996
G1 X95.704 Y97.113 E252.93218
G1 X124.282 Y97.108 E253.88268
G1 X124.336 Y97.202 E253.88629
G1 X124.336 Y122.778 E254.73695
G1 X124.293 Y122.888 E254.74088
G1 X110 Y122.886 E255.21627
G1 F2400 E254.41627
G0 F12000 X109.999 Y123.147
G0 X124.279 Y123.087
G0 X124.549 Y122.949
G0 X123.952 Y122.687
G1 F2400 E255.21627
G1 F3600 X124.136 Y122.503 E255.22492
G0 F12000 X124.136 Y121.937
G1 F3600 X123.387 Y122.687 E255.26018
G0 F12000 X122.821 Y122.687
G1 F3600 X124.136 Y121.371 E255.32205
G0 F12000 X124.136 Y120.806
G1 F3600 X122.255 Y122.687 E255.41053
G0 F12000 X121.69 Y122.687
G1 F3600 X124.136 Y120.24 E255.5256
G0 F12000 X124.136 Y119.674
G1 F3600 X121.124 Y122.687 E255.6673
G0 F12000 X120.558 Y122.687
G1 F3600 X124.136 Y119.109 E255.8356
G0 F12000 X124.136 Y118.543
G1 F3600 X119.992 Y122.687 E256.03052
G0 F12000 X119.427 Y122.687
G1 F3600 X124.136 Y117.977 E256.25204
G0 F12000 X124.136 Y117.412
G1 F3600 X118.861 Y122.687 E256.50016
G0 F12000 X118.295 Y122.687
G1 F3600 X124.136 Y116.846 E256.77491
G0 F12000 X124.136 Y116.28
G1 F3600 X117.73 Y122.687 E257.07625
G0 F12000 X117.164 Y122.687
G1 F3600 X124.136 Y115.714 E257.40421
G0 F12000 X124.136 Y115.149
G1 F3600 X116.598 Y122.687 E257.75878
G0 F12000 X116.033 Y122.687
G1 F3600 X124.136 Y114.583 E258.13994
G0 F12000 X124.136 Y114.017
G1 F3600 X115.467 Y122.687 E258.54773
G0 F12000 X114.901 Y122.687
G1 F3600 X124.136 Y113.452 E258.98211
G0 F12000 X124.136 Y112.886
G1 F3600 X114.336 Y122.686 E259.44308
G0 F12000 X113.771 Y122.686
G1 F3600 X124.136 Y112.32 E259.93064
G0 F12000 X124.136 Y111.755
G1 F3600 X113.205 Y122.686 E260.4448
G0 F12000 X112.639 Y122.686
G1 F3600 X124.136 Y111.189 E260.98558
G0 F12000 X124.136 Y110.623
G1 F3600 X112.074 Y122.686 E261.55296
G0 F12000 X111.508 Y122.686
G1 F3600 X124.136 Y110.058 E262.14695
G0 F12000 X124.136 Y109.492
G1 F3600 X110.942 Y122.686 E262.76755
G0 F12000 X110.377 Y122.686
G1 F3600 X124.136 Y108.926 E263.41476
G0 F12000 X124.136 Y108.361
G1 F3600 X109.811 Y122.686 E264.08856
G0 F12000 X109.245 Y122.686
G1 F3600 X124.136 Y107.795 E264.78899
G0 F12000 X124.136 Y107.229
G1 F3600 X108.679 Y122.686 E265.51604
G0 F12000 X108.114 Y122.686
G1 F3600 X124.136 Y106.664 E266.26966
G0 F12000 X124.136 Y106.098
G1 F3600 X107.548 Y122.686 E267.04991
G0 F12000 X106.982 Y122.686
G1 F3600 X124.136 Y105.532 E267.85678
G0 F12000 X124.136 Y104.966
G1 F3600 X106.417 Y122.686 E268.69025
G0 F12000 X105.851 Y122.686
G1 F3600 X124.136 Y104.401 E269.55033
G0 F12000 X124.136 Y103.835
G1 F3600 X105.286 Y122.685 E270.43697
G0 F12000 X104.72 Y122.685
G1 F3600 X124.136 Y103.269 E271.35024
G0 F12000 X124.136 Y102.704
G1 F3600 X104.155 Y122.685 E272.29009
G0 F12000 X103.589 Y122.685
G1 F3600 X124.136 Y102.138 E273.25655
G0 F12000 X124.136 Y101.572
G1 F3600 X103.023 Y122.685 E274.24964
G0 F12000 X102.458 Y122.685
G1 F3600 X124.136 Y101.007 E275.26931
G0 F12000 X124.136 Y100.441
G1 F3600 X101.892 Y122.685 E276.3156
G0 F12000 X101.326 Y122.685
G1 F3600 X124.136 Y99.875 E277.38851
G0 F12000 X124.136 Y99.31
G1 F3600 X100.761 Y122.685 E278.488
G0 F12000 X100.195 Y122.685
G1 F3600 X124.136 Y98.744 E279.61411
G0 F12000 X124.136 Y98.178
G1 F3600 X99.629 Y122.685 E280.76685
G0 F12000 X99.064 Y122.685
G1 F3600 X124.136 Y97.613 E281.94616
G0 F12000 X123.875 Y97.308
G1 F3600 X98.498 Y122.685 E283.13981
G0 F12000 X97.932 Y122.685
G1 F3600 X123.309 Y97.308 E284.33347
G0 F12000 X122.743 Y97.308
G1 F3600 X97.366 Y122.685 E285.52713
G0 F12000 X96.801 Y122.685
G1 F3600 X122.177 Y97.308 E286.72076
G0 F12000 X121.612 Y97.308
G1 F3600 X96.235 Y122.685 E287.91441
G0 F12000 X95.861 Y122.494
G1 F3600 X121.046 Y97.308 E289.09906
G0 F12000 X120.48 Y97.308
G1 F3600 X95.861 Y121.928 E290.25709
G0 F12000 X95.861 Y121.362
G1 F3600 X119.915 Y97.308 E291.38852
G0 F12000 X119.349 Y97.308
G1 F3600 X95.861 Y120.796 E292.49332
G0 F12000 X95.861 Y120.231
G1 F3600 X118.783 Y97.308 E293.57152
G0 F12000 X118.218 Y97.308
G1 F3600 X95.861 Y119.665 E294.62313
G0 F12000 X95.861 Y119.099
G1 F3600 X117.652 Y97.308 E295.64811
G0 F12000 X117.086 Y97.308
G1 F3600 X95.861 Y118.534 E296.64649
G0 F12000 X95.861 Y117.968
G1 F3600 X116.521 Y97.308 E297.61827
G0 F12000 X115.955 Y97.308
G1 F3600 X95.861 Y117.402 E298.56344
G0 F12000 X95.861 Y116.837
G1 F3600 X115.389 Y97.308 E299.482
G0 F12000 X114.824 Y97.308
G1 F3600 X95.861 Y116.271 E300.37396
G0 F12000 X95.861 Y115.705
G1 F3600 X114.258 Y97.308 E301.2393
G0 F12000 X113.692 Y97.308
G1 F3600 X95.861 Y115.14 E302.07803
G0 F12000 X95.861 Y114.574
G1 F3600 X113.126 Y97.308 E302.89015
G0 F12000 X112.561 Y97.308
G1 F3600 X95.861 Y114.008 E303.67567
G0 F12000 X95.861 Y113.443
G1 F3600 X111.995 Y97.308 E304.43459
G0 F12000 X111.429 Y97.308
G1 F3600 X95.861 Y112.877 E305.16688
G0 F12000 X95.861 Y112.311
G1 F3600 X110.864 Y97.308 E305.87257
G0 F12000 X110.298 Y97.308
G1 F3600 X95.861 Y111.745 E306.55165
G0 F12000 X95.861 Y111.18
G1 F3600 X109.732 Y97.308 E307.20412
G0 F12000 X109.167 Y97.308
G1 F3600 X95.861 Y110.614 E307.82999
G0 F12000 X95.861 Y110.048
G1 F3600 X108.601 Y97.308 E308.42924
G0 F12000 X108.035 Y97.308
G1 F3600 X95.861 Y109.483 E309.0019
G0 F12000 X95.861 Y108.917
G1 F3600 X107.47 Y97.308 E309.54795
G0 F12000 X106.904 Y97.308
G1 F3600 X95.861 Y108.351 E310.06738
G0 F12000 X95.861 Y107.786
G1 F3600 X106.338 Y97.308 E310.56021
G0 F12000 X105.773 Y97.308
G1 F3600 X95.861 Y107.22 E311.02644
G0 F12000 X95.861 Y106.654
G1 F3600 X105.207 Y97.308 E311.46604
G0 F12000 X104.641 Y97.308
G1 F3600 X95.861 Y106.089 E311.87905
G0 F12000 X95.861 Y105.523
G1 F3600 X104.076 Y97.308 E312.26546
G0 F12000 X103.51 Y97.308
G1 F3600 X95.861 Y104.957 E312.62524
G0 F12000 X95.861 Y104.392
G1 F3600 X102.944 Y97.308 E312.95843
G0 F12000 X102.378 Y97.308
G1 F3600 X95.861 Y103.826 E313.26499
G0 F12000 X95.861 Y103.26
G1 F3600 X101.813 Y97.308 E313.54496
G0 F12000 X101.247 Y97.308
G1 F3600 X95.861 Y102.695 E313.79832
G0 F12000 X95.861 Y102.129
G1 F3600 X100.681 Y97.308 E314.02506
G0 F12000 X100.116 Y97.308
G1 F3600 X95.861 Y101.563 E314.22521
G0 F12000 X95.861 Y100.997
G1 F3600 X99.55 Y97.308 E314.39872
G0 F12000 X98.984 Y97.308
G1 F3600 X95.861 Y100.432 E314.54564
G0 F12000 X95.861 Y99.866
G1 F3600 X98.419 Y97.308 E314.66597
G0 F12000 X97.853 Y97.308
G1 F3600 X95.861 Y99.3 E314.75966
G0 F12000 X95.861 Y98.735
G1 F3600 X97.287 Y97.308 E314.82676
G0 F12000 X96.722 Y97.308
G1 F3600 X95.861 Y98.169 E314.86726
G0 F12000 X95.861 Y97.603
G1 F3600 X96.156 Y97.308 E314.88114
G1 F2400 E314.08114
;MESH:NONMESH
G0 F300 Z0.6
G0 F12000 X96.156 Y96.848
G0 X95.63 Y96.58
G0 X95.286 Y95.543
G0 X94.284 Y94.437
G0 X86.722 Y61.177
;TIME_ELAPSED:301.273550
;LAYER:2
M106 S170
;TYPE:SKIRT
G1 F2400 E314.88114
G1 F1800 X87.29 Y60.468 E314.91135
G1 X87.597 Y60.132 E314.92649
G1 X88.097 Y59.639 E314.94984
G1 X88.786 Y59.054 E314.97991
G1 X89.189 Y58.757 E314.99656
G1 X89.699 Y58.41 E315.01707
G1 X90.002 Y58.222 E315.02893
G1 X90.795 Y57.789 E315.05898
G1 X91.424 Y57.516 E315.08179
G1 X91.896 Y57.326 E315.09871
G1 X92.376 Y57.164 E315.11556
G1 X93.117 Y56.959 E315.14113
G1 X94.003 Y56.783 E315.17118
G1 X94.901 Y56.686 E315.20122
G1 X95.378 Y56.666 E315.2171
G1 X96.206 Y56.652 E315.24464
G1 X123.639 Y56.65 E316.15707
G1 X124.487 Y56.661 E316.18527
G1 X125.389 Y56.714 E316.21533
G1 X126.173 Y56.826 E316.24167
G1 X126.83 Y56.958 E316.26396
G1 X127.703 Y57.191 E316.29401
G1 X128.383 Y57.431 E316.31799
G1 X129.345 Y57.865 E316.35309
G1 X130.285 Y58.396 E316.389
G1 X130.588 Y58.594 E316.40104
G1 X131.359 Y59.168 E316.43301
G1 X132.174 Y59.901 E316.46947
G1 X132.404 Y60.135 E316.48038
G1 X132.881 Y60.668 E316.50417
G1 X133.083 Y60.918 E316.51486
G1 X133.368 Y61.295 E316.53058
G1 X133.884 Y62.079 E316.5618
G1 X134.171 Y62.586 E316.58117
G1 X134.334 Y62.901 E316.59297
G1 X134.548 Y63.356 E316.60969
G1 X134.903 Y64.272 E316.64237
G1 X135.142 Y65.086 E316.67059
G1 X135.263 Y65.634 E316.68925
G1 X135.362 Y66.195 E316.7082
G1 X135.411 Y66.548 E316.72005
G1 X135.483 Y67.44 E316.74982
G1 X135.499 Y68.36 E316.78042
G1 X135.498 Y93.004 E317.60008
G1 X135.485 Y93.908 E317.63015
G1 X135.484 Y96.525 E317.7172
G1 X135.499 Y97.725 E317.75711
G1 X135.498 Y122.304 E318.57461
G1 X135.488 Y123.029 E318.59873
G1 X135.436 Y123.93 E318.62874
G1 X135.366 Y124.47 E318.64686
G1 X135.272 Y125.02 E318.66541
G1 X135.067 Y125.899 E318.69543
G1 X134.91 Y126.408 E318.71315
G1 X134.724 Y126.919 E318.73124
G1 X134.337 Y127.794 E318.76306
G1 X133.882 Y128.62 E318.79442
G1 X133.494 Y129.234 E318.81858
G1 X133.035 Y129.844 E318.84397
G1 X132.437 Y130.521 E318.87402
G1 X131.848 Y131.092 E318.9013
G1 X131.163 Y131.681 E318.93135
G1 X130.429 Y132.207 E318.96138
G1 X129.423 Y132.784 E318.99996
G1 X129.138 Y132.926 E319.01055
G1 X128.312 Y133.292 E319.0406
G1 X127.458 Y133.584 E319.07061
G1 X126.693 Y133.776 E319.09685
G1 X125.949 Y133.91 E319.12199
G1 X125.051 Y134.013 E319.15205
G1 X124.474 Y134.038 E319.17126
G1 X123.624 Y134.049 E319.19954
G1 X96.36 Y134.05 E320.10634
G1 X95.526 Y134.039 E320.13408
G1 X94.624 Y133.986 E320.16413
G1 X93.859 Y133.88 E320.18982
G1 X92.858 Y133.678 E320.22379
G1 X92.161 Y133.469 E320.24799
G1 X91.318 Y133.145 E320.27803
G1 X90.825 Y132.915 E320.29612
G1 X90.19 Y132.581 E320.31998
G1 X89.42 Y132.11 E320.35001
G1 X88.907 Y131.743 E320.37098
G1 X88.449 Y131.373 E320.39057
G1 X88.214 Y131.164 E320.40103
G1 X87.654 Y130.613 E320.42716
G1 X87.453 Y130.399 E320.43692
G1 X86.865 Y129.714 E320.46695
G1 X86.457 Y129.157 E320.48991
G1 X85.98 Y128.39 E320.51995
G1 X85.626 Y127.705 E320.5456
G1 X85.262 Y126.879 E320.57562
G1 X84.971 Y126.024 E320.60566
G1 X84.809 Y125.393 E320.62733
G1 X84.676 Y124.725 E320.64998
G1 X84.554 Y123.83 E320.68003
G1 X84.517 Y123.254 E320.69922
G1 X84.501 Y122.202 E320.73422
G1 X84.502 Y97.698 E321.54922
G1 X84.515 Y96.794 E321.57929
G1 X84.516 Y94.179 E321.66627
G1 X84.501 Y92.978 E321.70622
G1 X84.502 Y68.333 E322.52591
G1 X84.512 Y67.661 E322.54827
G1 X84.566 Y66.76 E322.57829
G1 X84.686 Y65.931 E322.60615
G1 X84.778 Y65.456 E322.62224
G1 X84.962 Y64.707 E322.64789
G1 X85.094 Y64.28 E322.66276
G1 X85.374 Y63.538 E322.68914
G1 X85.624 Y62.982 E322.70941
G1 X86.046 Y62.195 E322.73911
G1 X86.368 Y61.677 E322.7594
G1 X86.722 Y61.177 E322.77978
G1 F2400 E321.97978
;MESH:bno085_case_lid.stl
G0 F15000 X94.06 Y67.609
G0 X110 Y93.946
;TYPE:WALL-INNER
G1 F2400 E322.77978
G1 F5400 X124.297 Y93.944 E323.2553
G1 X124.519 Y93.869 E323.26309
G1 X124.692 Y93.643 E323.27256
G1 X124.695 Y67.786 E324.13256
G1 X124.574 Y67.573 E324.14071
G1 X124.482 Y67.498 E324.14466
G1 X124.281 Y67.449 E324.15154
G1 X95.694 Y67.452 E325.10235
G1 X95.544 Y67.492 E325.10751
G1 X95.413 Y67.585 E325.11285
G1 X95.3 Y67.857 E325.12265
G1 X95.3 Y93.527 E325.97644
G1 X95.344 Y93.704 E325.9825
G1 X95.437 Y93.835 E325.98785
G1 X95.708 Y93.948 E325.99761
G1 X110 Y93.946 E326.47297
G0 F15000 X110 Y94.346
;TYPE:WALL-OUTER
G1 F5400 X124.363 Y94.344 E326.95068
G1 X124.714 Y94.225 E326.96301
G1 X124.88 Y94.093 E326.97006
G1 X125.048 Y93.822 E326.98067
G1 X125.092 Y93.633 E326.98712
G1 X125.095 Y67.82 E327.84567
G1 X125.064 Y67.624 E327.85227
G1 X124.884 Y67.311 E327.86428
G1 X124.583 Y67.103 E327.87644
G1 X124.323 Y67.049 E327.88528
G1 X95.642 Y67.052 E328.83921
G1 X95.371 Y67.124 E328.84854
G1 X95.114 Y67.307 E328.85903
G1 X94.953 Y67.572 E328.86934
G1 X94.9 Y67.814 E328.87758
G1 X94.9 Y93.575 E329.7344
G1 X94.974 Y93.874 E329.74464
G1 X95.159 Y94.134 E329.75526
G1 X95.424 Y94.295 E329.76557
G1 X95.666 Y94.348 E329.77381
G1 X110 Y94.346 E330.25056
G0 F15000 X110 Y93.586
;TYPE:SKIN
G1 F5400 X95.706 Y93.588 E330.72598
G1 X95.66 Y93.47 E330.73019
G1 X95.66 Y67.908 E331.58039
G1 X95.687 Y67.842 E331.58276
G1 X95.753 Y67.812 E331.58517
G1 X124.278 Y67.809 E332.53392
G1 X124.331 Y67.887 E332.53705
G1 X124.324 Y93.544 E333.39041
G1 X124.233 Y93.584 E333.39371
G1 X110 Y93.586 E333.86711
G1 F2400 E333.06711
G0 F15000 X110 Y93.846
G0 X95.635 Y93.816
G0 X96.215 Y93.386
G1 F2400 E333.86711
G1 F5400 X95.86 Y93.031 E333.8838
G0 F15000 X95.86 Y92.466
G1 F5400 X96.78 Y93.386 E333.92708
G0 F15000 X97.346 Y93.386
G1 F5400 X95.86 Y91.9 E333.99697
G0 F15000 X95.86 Y91.334
G1 F5400 X97.912 Y93.386 E334.09349
G0 F15000 X98.477 Y93.386
G1 F5400 X95.86 Y90.768 E334.21661
G0 F15000 X95.86 Y90.203
G1 F5400 X99.043 Y93.386 E334.36633
G0 F15000 X99.609 Y93.386
G1 F5400 X95.86 Y89.637 E334.54267
G0 F15000 X95.86 Y89.071
G1 F5400 X100.174 Y93.386 E334.74561
G0 F15000 X100.74 Y93.386
G1 F5400 X95.86 Y88.506 E334.97515
G0 F15000 X95.86 Y87.94
G1 F5400 X101.306 Y93.386 E335.23132
G0 F15000 X101.871 Y93.386
G1 F5400 X95.86 Y87.374 E335.51408
G0 F15000 X95.86 Y86.809
G1 F5400 X102.437 Y93.386 E335.82344
G0 F15000 X103.002 Y93.385
G1 F5400 X95.86 Y86.243 E336.15938
G0 F15000 X95.86 Y85.677
G1 F5400 X103.568 Y93.385 E336.52194
G0 F15000 X104.133 Y93.385
G1 F5400 X95.86 Y85.112 E336.91108
G0 F15000 X95.86 Y84.546
G1 F5400 X104.699 Y93.385 E337.32684
G0 F15000 X105.265 Y93.385
G1 F5400 X95.86 Y83.98 E337.76922
G0 F15000 X95.86 Y83.415
G1 F5400 X105.831 Y93.385 E338.2382
G0 F15000 X106.396 Y93.385
G1 F5400 X95.86 Y82.849 E338.73378
G0 F15000 X95.86 Y82.283
G1 F5400 X106.962 Y93.385 E339.25599
G0 F15000 X107.528 Y93.385
G1 F5400 X95.86 Y81.718 E339.80479
G0 F15000 X95.86 Y81.152
G1 F5400 X108.093 Y93.385 E340.38019
G0 F15000 X108.659 Y93.385
G1 F5400 X95.86 Y80.586 E340.98222
G0 F15000 X95.86 Y80.02
G1 F5400 X109.225 Y93.385 E341.61087
G0 F15000 X109.79 Y93.385
G1 F5400 X95.86 Y79.455 E342.26609
G0 F15000 X95.86 Y78.889
G1 F5400 X110.355 Y93.385 E342.94791
G0 F15000 X110.921 Y93.385
G1 F5400 X95.86 Y78.323 E343.65636
G0 F15000 X95.86 Y77.758
G1 F5400 X111.487 Y93.385 E344.39141
G0 F15000 X112.052 Y93.385
G1 F5400 X95.86 Y77.192 E345.15305
G0 F15000 X95.86 Y76.626
G1 F5400 X112.618 Y93.385 E345.94132
G0 F15000 X113.184 Y93.385
G1 F5400 X95.86 Y76.061 E346.75619
G0 F15000 X95.86 Y75.495
G1 F5400 X113.749 Y93.385 E347.59766
G0 F15000 X114.315 Y93.385
G1 F5400 X95.86 Y74.929 E348.46575
G0 F15000 X95.86 Y74.364
G1 F5400 X114.881 Y93.385 E349.36044
G0 F15000 X115.446 Y93.385
G1 F5400 X95.86 Y73.798 E350.28173
G0 F15000 X95.86 Y73.232
G1 F5400 X116.012 Y93.385 E351.22964
G0 F15000 X116.578 Y93.385
G1 F5400 X95.86 Y72.667 E352.20415
G0 F15000 X95.86 Y72.101
G1 F5400 X117.143 Y93.384 E353.20524
G0 F15000 X117.709 Y93.384
G1 F5400 X95.86 Y71.535 E354.23295
G0 F15000 X95.86 Y70.969
G1 F5400 X118.274 Y93.384 E355.28725
G0 F15000 X118.84 Y93.384
G1 F5400 X95.86 Y70.404 E356.36816
G0 F15000 X95.86 Y69.838
G1 F5400 X119.406 Y93.384 E357.4757
G0 F15000 X119.971 Y93.384
G1 F5400 X95.86 Y69.272 E358.60983
G0 F15000 X95.86 Y68.707
G1 F5400 X120.537 Y93.384 E359.77056
G0 F15000 X121.103 Y93.384
G1 F5400 X95.86 Y68.141 E360.95791
G0 F15000 X96.295 Y68.011
G1 F5400 X121.668 Y93.384 E362.15138
G0 F15000 X122.234 Y93.384
G1 F5400 X96.861 Y68.011 E363.34485
G0 F15000 X97.427 Y68.011
G1 F5400 X122.8 Y93.384 E364.53831
G0 F15000 X123.365 Y93.384
G1 F5400 X97.992 Y68.011 E365.73178
G0 F15000 X98.558 Y68.011
G1 F5400 X123.931 Y93.384 E366.92525
G0 F15000 X124.124 Y93.011
G1 F5400 X99.124 Y68.011 E368.10117
G0 F15000 X99.689 Y68.011
G1 F5400 X124.124 Y92.446 E369.25052
G0 F15000 X124.124 Y91.88
G1 F5400 X100.255 Y68.011 E370.37325
G0 F15000 X100.821 Y68.011
G1 F5400 X124.124 Y91.314 E371.46935
G0 F15000 X124.124 Y90.749
G1 F5400 X101.386 Y68.011 E372.53887
G0 F15000 X101.952 Y68.011
G1 F5400 X124.125 Y90.184 E373.58182
G0 F15000 X124.125 Y89.618
G1 F5400 X102.518 Y68.011 E374.59815
G0 F15000 X103.083 Y68.011
G1 F5400 X124.125 Y89.052 E375.58788
G0 F15000 X124.125 Y88.487
G1 F5400 X103.649 Y68.011 E376.55101
G0 F15000 X104.215 Y68.011
G1 F5400 X124.125 Y87.921 E377.48751
G0 F15000 X124.126 Y87.356
G1 F5400 X104.78 Y68.011 E378.39746
G0 F15000 X105.346 Y68.011
G1 F5400 X124.126 Y86.79 E379.28079
G0 F15000 X124.126 Y86.225
G1 F5400 X105.912 Y68.011 E380.13753
G0 F15000 X106.478 Y68.011
G1 F5400 X124.126 Y85.659 E380.96763
G0 F15000 X124.126 Y85.093
G1 F5400 X107.043 Y68.011 E381.77114
G0 F15000 X107.609 Y68.011
G1 F5400 X124.126 Y84.528 E382.54805
G0 F15000 X124.126 Y83.963
G1 F5400 X108.175 Y68.011 E383.29836
G0 F15000 X108.74 Y68.011
G1 F5400 X124.126 Y83.397 E384.02207
G0 F15000 X124.126 Y82.831
G1 F5400 X109.306 Y68.011 E384.71916
G0 F15000 X109.872 Y68.011
G1 F5400 X124.126 Y82.266 E385.38965
G0 F15000 X124.127 Y81.701
G1 F5400 X110.437 Y68.01 E386.03361
G0 F15000 X111.002 Y68.01
G1 F5400 X124.127 Y81.135 E386.65096
G0 F15000 X124.127 Y80.569
G1 F5400 X111.568 Y68.01 E387.2417
G0 F15000 X112.134 Y68.01
G1 F5400 X124.127 Y80.003 E387.80582
G0 F15000 X124.127 Y79.438
G1 F5400 X112.699 Y68.01 E388.34335
G0 F15000 X113.265 Y68.01
G1 F5400 X124.128 Y78.873 E388.85432
G0 F15000 X124.128 Y78.307
G1 F5400 X113.831 Y68.01 E389.33866
G0 F15000 X114.396 Y68.01
G1 F5400 X124.128 Y77.741 E389.7964
G0 F15000 X124.128 Y77.176
G1 F5400 X114.962 Y68.01 E390.22754
G0 F15000 X115.528 Y68.01
G1 F5400 X124.128 Y76.61 E390.63205
G0 F15000 X124.128 Y76.045
G1 F5400 X116.093 Y68.01 E391.01
G0 F15000 X116.659 Y68.01
G1 F5400 X124.128 Y75.479 E391.36131
G0 F15000 X124.128 Y74.914
G1 F5400 X117.225 Y68.01 E391.68603
G0 F15000 X117.791 Y68.01
G1 F5400 X124.128 Y74.348 E391.98413
G0 F15000 X124.128 Y73.782
G1 F5400 X118.356 Y68.01 E392.25563
G0 F15000 X118.922 Y68.01
G1 F5400 X124.129 Y73.217 E392.50055
G0 F15000 X124.129 Y72.652
G1 F5400 X119.488 Y68.01 E392.71887
G0 F15000 X120.053 Y68.01
G1 F5400 X124.129 Y72.086 E392.91059
G0 F15000 X124.129 Y71.52
G1 F5400 X120.619 Y68.01 E393.07569
G0 F15000 X121.185 Y68.01
G1 F5400 X124.129 Y70.955 E393.21419
G0 F15000 X124.13 Y70.39
G1 F5400 X121.75 Y68.01 E393.32614
G0 F15000 X122.316 Y68.01
G1 F5400 X124.13 Y69.824 E393.41147
G0 F15000 X124.13 Y69.258
G1 F5400 X122.882 Y68.01 E393.47017
G0 F15000 X123.447 Y68.01
G1 F5400 X124.13 Y68.693 E393.50229
G0 F15000 X124.13 Y68.127
G1 F5400 X124.013 Y68.01 E393.5078
G1 F2400 E392.7078
;MESH:bno085_case_body.stl
G0 F15000 X124.493 Y67.66
G0 X124.524 Y93.602
G0 X109.997 Y94.136
G0 X109.998 Y95.211
G0 X109.996 Y95.486
G0 X110 Y123.248
;TYPE:WALL-INNER
G1 F2400 E393.5078
G1 F5400 X124.287 Y123.248 E393.98299
G1 X124.523 Y123.165 E393.99131
G1 X124.647 Y123.03 E393.9974
G1 X124.696 Y122.85 E394.00361
G1 X124.696 Y97.158 E394.85813
G1 X124.62 Y96.926 E394.86625
G1 X124.483 Y96.802 E394.87239
G1 X124.29 Y96.748 E394.87906
G1 X95.714 Y96.748 E395.8295
G1 X95.497 Y96.812 E395.83702
G1 X95.381 Y96.921 E395.84232
G1 X95.3 Y97.154 E395.85052
G1 X95.3 Y122.838 E396.70478
G1 X95.345 Y123.026 E396.71121
G1 X95.473 Y123.165 E396.71749
G1 X95.709 Y123.248 E396.72581
G1 X110 Y123.248 E397.20113
G0 F15000 X110 Y123.648
;TYPE:WALL-OUTER
G1 F5400 X124.322 Y123.648 E397.67748
G1 X124.528 Y123.612 E397.68444
G1 X124.769 Y123.489 E397.69344
G1 X124.986 Y123.252 E397.70413
G1 X125.096 Y122.883 E397.71693
G1 X125.096 Y97.12 E398.57381
G1 X125.049 Y96.88 E398.58195
G1 X124.94 Y96.677 E398.58961
G1 X124.705 Y96.462 E398.60021
G1 X124.326 Y96.348 E398.61337
G1 X95.673 Y96.348 E399.56637
G1 X95.427 Y96.399 E399.57473
G1 X95.265 Y96.482 E399.58078
G1 X95.055 Y96.678 E399.59034
G1 X94.936 Y96.916 E399.59919
G1 X94.9 Y97.118 E399.60601
G1 X94.9 Y122.876 E400.46272
G1 X95.009 Y123.251 E400.47571
G1 X95.227 Y123.489 E400.48645
G1 X95.468 Y123.611 E400.49543
G1 X95.674 Y123.648 E400.50239
G1 X110 Y123.648 E400.97888
G0 F15000 X110 Y122.888
;TYPE:SKIN
G1 F5400 X95.752 Y122.888 E401.45277
G1 X95.661 Y122.832 E401.45632
G1 X95.66 Y97.196 E402.30898
G1 X95.712 Y97.108 E402.31238
G1 X124.282 Y97.108 E403.26262
G1 X124.336 Y97.202 E403.26623
G1 X124.336 Y122.832 E404.11868
G1 X124.241 Y122.888 E404.12235
G1 X110 Y122.888 E404.59601
G1 F2400 E403.79601
G0 F15000 X110 Y123.148
G0 X95.662 Y123.131
G0 X96.101 Y122.688
G1 F2400 E404.59601
G1 F5400 X95.86 Y122.447 E404.60735
G0 F15000 X95.86 Y121.881
G1 F5400 X96.666 Y122.688 E404.64528
G0 F15000 X97.232 Y122.688
G1 F5400 X95.86 Y121.315 E404.70984
G0 F15000 X95.86 Y120.75
G1 F5400 X97.798 Y122.688 E404.801
G0 F15000 X98.364 Y122.688
G1 F5400 X95.86 Y120.184 E404.91878
G0 F15000 X95.86 Y119.618
G1 F5400 X98.929 Y122.688 E405.06316
G0 F15000 X99.495 Y122.688
G1 F5400 X95.86 Y119.053 E405.23414
G0 F15000 X95.86 Y118.487
G1 F5400 X100.061 Y122.688 E405.43174
G0 F15000 X100.626 Y122.688
G1 F5400 X95.86 Y117.921 E405.65594
G0 F15000 X95.86 Y117.356
G1 F5400 X101.192 Y122.688 E405.90674
G0 F15000 X101.758 Y122.688
G1 F5400 X95.86 Y116.79 E406.18416
G0 F15000 X95.86 Y116.224
G1 F5400 X102.323 Y122.688 E406.48819
G0 F15000 X102.889 Y122.688
G1 F5400 X95.86 Y115.659 E406.81881
G0 F15000 X95.86 Y115.093
G1 F5400 X103.455 Y122.688 E407.17606
G0 F15000 X104.02 Y122.688
G1 F5400 X95.86 Y114.527 E407.5599
G0 F15000 X95.86 Y113.962
G1 F5400 X104.586 Y122.688 E407.97035
G0 F15000 X105.152 Y122.688
G1 F5400 X95.86 Y113.396 E408.40741
G0 F15000 X95.86 Y112.83
G1 F5400 X105.717 Y122.688 E408.87108
G0 F15000 X106.283 Y122.688
G1 F5400 X95.86 Y112.265 E409.36135
G0 F15000 X95.86 Y111.699
G1 F5400 X106.849 Y122.688 E409.87823
G0 F15000 X107.414 Y122.688
G1 F5400 X95.86 Y111.133 E410.42172
G0 F15000 X95.86 Y110.567
G1 F5400 X107.98 Y122.688 E410.99183
G0 F15000 X108.546 Y122.688
G1 F5400 X95.86 Y110.002 E411.58854
G0 F15000 X95.86 Y109.436
G1 F5400 X109.112 Y122.688 E412.21188
G0 F15000 X109.677 Y122.688
G1 F5400 X95.86 Y108.87 E412.86181
G0 F15000 X95.86 Y108.305
G1 F5400 X110.243 Y122.688 E413.53834
G0 F15000 X110.809 Y122.688
G1 F5400 X95.86 Y107.739 E414.2415
G0 F15000 X95.86 Y107.173
G1 F5400 X111.374 Y122.688 E414.97125
G0 F15000 X111.94 Y122.688
G1 F5400 X95.86 Y106.608 E415.72761
G0 F15000 X95.86 Y106.042
G1 F5400 X112.506 Y122.688 E416.51058
G0 F15000 X113.071 Y122.688
G1 F5400 X95.86 Y105.476 E417.32016
G0 F15000 X95.86 Y104.911
G1 F5400 X113.637 Y122.688 E418.15633
G0 F15000 X114.203 Y122.688
G1 F5400 X95.86 Y104.345 E419.01913
G0 F15000 X95.86 Y103.779
G1 F5400 X114.768 Y122.688 E419.90853
G0 F15000 X115.334 Y122.688
G1 F5400 X95.86 Y103.214 E420.82453
G0 F15000 X95.86 Y102.648
G1 F5400 X115.9 Y122.688 E421.76715
G0 F15000 X116.465 Y122.688
G1 F5400 X95.86 Y102.082 E422.73637
G0 F15000 X95.86 Y101.516
G1 F5400 X117.031 Y122.688 E423.73221
G0 F15000 X117.597 Y122.688
G1 F5400 X95.86 Y100.951 E424.75465
G0 F15000 X95.86 Y100.385
G1 F5400 X118.162 Y122.688 E425.80369
G0 F15000 X118.728 Y122.688
G1 F5400 X95.86 Y99.819 E426.87936
G0 F15000 X95.86 Y99.254
G1 F5400 X119.294 Y122.688 E427.98162
G0 F15000 X119.86 Y122.688
G1 F5400 X95.86 Y98.688 E429.11051
G0 F15000 X95.86 Y98.122
G1 F5400 X120.425 Y122.688 E430.26599
G0 F15000 X120.991 Y122.688
G1 F5400 X95.86 Y97.557 E431.44808
G0 F15000 X96.177 Y97.308
G1 F5400 X121.557 Y122.688 E432.64188
G0 F15000 X122.122 Y122.688
G1 F5400 X96.743 Y97.308 E433.83565
G0 F15000 X97.308 Y97.308
G1 F5400 X122.688 Y122.688 E435.02945
G0 F15000 X123.254 Y122.688
G1 F5400 X97.874 Y97.308 E436.22324
G0 F15000 X98.44 Y97.308
G1 F5400 X123.819 Y122.688 E437.41702
G0 F15000 X124.136 Y122.439
G1 F5400 X99.006 Y97.308 E438.59908
G0 F15000 X99.571 Y97.308
G1 F5400 X124.136 Y121.873 E439.75454
G0 F15000 X124.136 Y121.308
G1 F5400 X100.137 Y97.308 E440.88341
G0 F15000 X100.703 Y97.308
G1 F5400 X124.136 Y120.742 E441.98565
G0 F15000 X124.136 Y120.176
G1 F5400 X101.268 Y97.308 E443.06129
G0 F15000 X101.834 Y97.308
G1 F5400 X124.136 Y119.611 E444.11033
G0 F15000 X124.136 Y119.045
G1 F5400 X102.4 Y97.308 E445.13275
G0 F15000 X102.965 Y97.308
G1 F5400 X124.136 Y118.479 E446.12856
G0 F15000 X124.136 Y117.914
G1 F5400 X103.531 Y97.308 E447.09778
G0 F15000 X104.097 Y97.308
G1 F5400 X124.136 Y117.348 E448.04038
G0 F15000 X124.136 Y116.782
G1 F5400 X104.662 Y97.308 E448.95638
G0 F15000 X105.228 Y97.308
G1 F5400 X124.136 Y116.217 E449.84578
G0 F15000 X124.136 Y115.651
G1 F5400 X105.794 Y97.308 E450.70855
G0 F15000 X106.359 Y97.308
G1 F5400 X124.136 Y115.085 E451.54473
G0 F15000 X124.136 Y114.519
G1 F5400 X106.925 Y97.308 E452.35428
G0 F15000 X107.491 Y97.308
G1 F5400 X124.136 Y113.954 E453.13723
G0 F15000 X124.136 Y113.388
G1 F5400 X108.057 Y97.308 E453.89356
G0 F15000 X108.622 Y97.308
G1 F5400 X124.136 Y112.822 E454.62329
G0 F15000 X124.136 Y112.257
G1 F5400 X109.188 Y97.308 E455.32642
G0 F15000 X109.754 Y97.308
G1 F5400 X124.136 Y111.691 E456.00293
G0 F15000 X124.136 Y111.125
G1 F5400 X110.319 Y97.308 E456.65284
G0 F15000 X110.885 Y97.308
G1 F5400 X124.136 Y110.56 E457.27615
G0 F15000 X124.136 Y109.994
G1 F5400 X111.451 Y97.308 E457.87284
G0 F15000 X112.016 Y97.308
G1 F5400 X124.136 Y109.428 E458.44293
G0 F15000 X124.136 Y108.863
G1 F5400 X112.582 Y97.308 E458.98642
G0 F15000 X113.148 Y97.308
G1 F5400 X124.136 Y108.297 E459.50328
G0 F15000 X124.136 Y107.731
G1 F5400 X113.713 Y97.308 E459.99355
G0 F15000 X114.279 Y97.308
G1 F5400 X124.136 Y107.166 E460.45721
G0 F15000 X124.136 Y106.6
G1 F5400 X114.845 Y97.308 E460.89426
G0 F15000 X115.41 Y97.308
G1 F5400 X124.136 Y106.034 E461.3047
G0 F15000 X124.136 Y105.469
G1 F5400 X115.976 Y97.308 E461.68855
G0 F15000 X116.542 Y97.308
G1 F5400 X124.136 Y104.903 E462.04577
G0 F15000 X124.136 Y104.337
G1 F5400 X117.107 Y97.308 E462.37639
G0 F15000 X117.673 Y97.308
G1 F5400 X124.136 Y103.771 E462.68039
G0 F15000 X124.136 Y103.206
G1 F5400 X118.239 Y97.308 E462.95779
G0 F15000 X118.805 Y97.308
G1 F5400 X124.136 Y102.64 E463.20857
G0 F15000 X124.136 Y102.074
G1 F5400 X119.37 Y97.308 E463.43275
G0 F15000 X119.936 Y97.308
G1 F5400 X124.136 Y101.509 E463.63033
G0 F15000 X124.136 Y100.943
G1 F5400 X120.502 Y97.308 E463.80128
G0 F15000 X121.067 Y97.308
G1 F5400 X124.136 Y100.377 E463.94564
G0 F15000 X124.136 Y99.812
G1 F5400 X121.633 Y97.308 E464.06339
G0 F15000 X122.199 Y97.308
G1 F5400 X124.136 Y99.246 E464.15453
G0 F15000 X124.136 Y98.68
G1 F5400 X122.764 Y97.308 E464.21906
G0 F15000 X123.33 Y97.308
G1 F5400 X124.136 Y98.115 E464.257
G0 F15000 X124.136 Y97.549
G1 F5400 X123.896 Y97.308 E464.26831
G1 F2400 E463.46831
;MESH:NONMESH
G0 F300 Z0.8
G0 F15000 X123.896 Y96.848
G0 X110 Y96.561
G0 X110 Y94.136
G0 X110 Y93.948
;TIME_ELAPSED:399.811530
;LAYER:3
M106 S255
;TYPE:WALL-INNER
;MESH:bno085_case_lid.stl
G1 F2400 E464.26831
G1 F5400 X124.286 Y93.948 E464.74347
G1 X124.475 Y93.903 E464.74993
G1 X124.617 Y93.775 E464.75629
G1 X124.696 Y93.553 E464.76412
G1 X124.696 Y67.771 E465.62164
G1 X124.579 Y67.575 E465.62923
G1 X124.337 Y67.448 E465.63832
G1 X95.716 Y67.448 E466.59026
G1 X95.564 Y67.483 E466.59544
G1 X95.403 Y67.596 E466.60199
G1 X95.3 Y67.843 E466.61089
G1 X95.3 Y93.628 E467.4685
G1 X95.415 Y93.817 E467.47586
G1 X95.65 Y93.948 E467.48481
G1 X110 Y93.948 E467.96209
G0 F15000 X110 Y94.348
;TYPE:WALL-OUTER
G1 F5400 X124.324 Y94.348 E468.43851
G1 X124.647 Y94.286 E468.44945
G1 X124.933 Y94.029 E468.46224
G1 X125.046 Y93.828 E468.4699
G1 X125.096 Y93.595 E468.47783
G1 X125.096 Y67.82 E469.33511
G1 X125.05 Y67.585 E469.34308
G1 X124.886 Y67.309 E469.35375
G1 X124.706 Y67.163 E469.36146
G1 X124.413 Y67.048 E469.37193
G1 X95.671 Y67.048 E470.32789
G1 X95.399 Y67.111 E470.33718
G1 X95.105 Y67.316 E470.3491
G1 X94.949 Y67.572 E470.35907
G1 X94.9 Y67.801 E470.36686
G1 X94.9 Y93.576 E471.22414
G1 X94.946 Y93.815 E471.23224
G1 X95.109 Y94.085 E471.24273
G1 X95.313 Y94.247 E471.25139
G1 X95.577 Y94.348 E471.26079
G1 X110 Y94.348 E471.7405
G0 F15000 X110 Y93.588
;TYPE:SKIN
G1 F5400 X95.729 Y93.588 E472.21516
G1 X95.66 Y93.526 E472.21824
G1 X95.66 Y67.86 E473.0719
G1 X95.772 Y67.808 E473.076
G1 X124.263 Y67.808 E474.02362
G1 X124.336 Y67.872 E474.02685
G1 X124.336 Y93.504 E474.87937
G1 X124.284 Y93.588 E474.88266
G1 X110 Y93.588 E475.35775
G1 F2400 E474.55775
G0 F15000 X110 Y93.848
G0 X124.363 Y93.785
G0 X124.596 Y93.088
G0 X124.135 Y93.088
G1 F2400 E475.35775
G1 F5400 X123.835 Y93.388 E475.37186
G0 F15000 X123.269 Y93.388
G1 F5400 X124.135 Y92.522 E475.41259
G0 F15000 X124.135 Y91.956
G1 F5400 X122.704 Y93.388 E475.47992
G0 F15000 X122.138 Y93.388
G1 F5400 X124.135 Y91.391 E475.57386
G0 F15000 X124.135 Y90.825
G1 F5400 X121.572 Y93.388 E475.69441
G0 F15000 X121.006 Y93.388
G1 F5400 X124.135 Y90.259 E475.84159
G0 F15000 X124.135 Y89.694
G1 F5400 X120.441 Y93.388 E476.01535
G0 F15000 X119.875 Y93.388
G1 F5400 X124.135 Y89.128 E476.21572
G0 F15000 X124.135 Y88.562
G1 F5400 X119.309 Y93.388 E476.44272
G0 F15000 X118.744 Y93.388
G1 F5400 X124.135 Y87.997 E476.6963
G0 F15000 X124.135 Y87.431
G1 F5400 X118.178 Y93.388 E476.9765
G0 F15000 X117.612 Y93.388
G1 F5400 X124.135 Y86.865 E477.28332
G0 F15000 X124.135 Y86.3
G1 F5400 X117.047 Y93.388 E477.61672
G0 F15000 X116.481 Y93.388
G1 F5400 X124.135 Y85.734 E477.97674
G0 F15000 X124.135 Y85.168
G1 F5400 X115.915 Y93.388 E478.36338
G0 F15000 X115.35 Y93.388
G1 F5400 X124.135 Y84.602 E478.77663
G0 F15000 X124.135 Y84.037
G1 F5400 X114.784 Y93.388 E479.21647
G0 F15000 X114.218 Y93.388
G1 F5400 X124.135 Y83.471 E479.68293
G0 F15000 X124.135 Y82.905
G1 F5400 X113.653 Y93.388 E480.176
G0 F15000 X113.087 Y93.388
G1 F5400 X124.135 Y82.34 E480.69566
G0 F15000 X124.135 Y81.774
G1 F5400 X112.521 Y93.388 E481.24195
G0 F15000 X111.956 Y93.388
G1 F5400 X124.135 Y81.208 E481.81483
G0 F15000 X124.135 Y80.643
G1 F5400 X111.39 Y93.388 E482.41432
G0 F15000 X110.824 Y93.388
G1 F5400 X124.135 Y80.077 E483.04043
G0 F15000 X124.135 Y79.511
G1 F5400 X110.258 Y93.388 E483.69316
G0 F15000 X109.693 Y93.388
G1 F5400 X124.135 Y78.946 E484.37247
G0 F15000 X124.135 Y78.38
G1 F5400 X109.127 Y93.388 E485.0784
G0 F15000 X108.561 Y93.388
G1 F5400 X124.135 Y77.814 E485.81095
G0 F15000 X124.135 Y77.249
G1 F5400 X107.996 Y93.388 E486.57008
G0 F15000 X107.43 Y93.388
G1 F5400 X124.135 Y76.683 E487.35583
G0 F15000 X124.135 Y76.117
G1 F5400 X106.864 Y93.388 E488.16821
G0 F15000 X106.299 Y93.388
G1 F5400 X124.135 Y75.552 E489.00716
G0 F15000 X124.135 Y74.986
G1 F5400 X105.733 Y93.388 E489.87273
G0 F15000 X105.167 Y93.388
G1 F5400 X124.135 Y74.42 E490.76493
G0 F15000 X124.135 Y73.854
G1 F5400 X104.602 Y93.388 E491.68372
G0 F15000 X104.036 Y93.388
G1 F5400 X124.135 Y73.289 E492.62912
G0 F15000 X124.135 Y72.723
G1 F5400 X103.47 Y93.388 E493.60114
G0 F15000 X102.905 Y93.388
G1 F5400 X124.135 Y72.157 E494.59976
G0 F15000 X124.135 Y71.592
G1 F5400 X102.339 Y93.388 E495.62497
G0 F15000 X101.773 Y93.388
G1 F5400 X124.135 Y71.026 E496.67681
G0 F15000 X124.135 Y70.46
G1 F5400 X101.207 Y93.388 E497.75528
G0 F15000 X100.642 Y93.388
G1 F5400 X124.135 Y69.895 E498.86031
G0 F15000 X124.135 Y69.329
G1 F5400 X100.076 Y93.388 E499.99198
G0 F15000 X99.51 Y93.388
G1 F5400 X124.135 Y68.763 E501.15026
G0 F15000 X124.135 Y68.198
G1 F5400 X98.945 Y93.388 E502.33512
G0 F15000 X98.379 Y93.388
G1 F5400 X123.759 Y68.008 E503.52892
G0 F15000 X123.194 Y68.008
G1 F5400 X97.813 Y93.388 E504.72274
G0 F15000 X97.248 Y93.388
G1 F5400 X122.628 Y68.008 E505.91654
G0 F15000 X122.062 Y68.008
G1 F5400 X96.682 Y93.388 E507.11033
G0 F15000 X96.116 Y93.388
G1 F5400 X121.497 Y68.008 E508.30415
G0 F15000 X120.931 Y68.008
G1 F5400 X95.86 Y93.079 E509.48342
G0 F15000 X95.86 Y92.513
G1 F5400 X120.365 Y68.008 E510.63606
G0 F15000 X119.799 Y68.008
G1 F5400 X95.86 Y91.947 E511.76207
G0 F15000 X95.86 Y91.382
G1 F5400 X119.234 Y68.008 E512.86152
G0 F15000 X118.668 Y68.008
G1 F5400 X95.86 Y90.816 E513.93433
G0 F15000 X95.86 Y90.25
G1 F5400 X118.102 Y68.008 E514.98053
G0 F15000 X117.537 Y68.008
G1 F5400 X95.86 Y89.684 E516.00013
G0 F15000 X95.86 Y89.119
G1 F5400 X116.971 Y68.008 E516.99312
G0 F15000 X116.405 Y68.008
G1 F5400 X95.86 Y88.553 E517.9595
G0 F15000 X95.86 Y87.987
G1 F5400 X115.84 Y68.008 E518.89927
G0 F15000 X115.274 Y68.008
G1 F5400 X95.86 Y87.422 E519.81245
G0 F15000 X95.86 Y86.856
G1 F5400 X114.708 Y68.008 E520.699
G0 F15000 X114.143 Y68.008
G1 F5400 X95.86 Y86.29 E521.55895
G0 F15000 X95.86 Y85.725
G1 F5400 X113.577 Y68.008 E522.3923
G0 F15000 X113.011 Y68.008
G1 F5400 X95.86 Y85.159 E523.19903
G0 F15000 X95.86 Y84.593
G1 F5400 X112.446 Y68.008 E523.97917
G0 F15000 X111.88 Y68.008
G1 F5400 X95.86 Y84.028 E524.7327
G0 F15000 X95.86 Y83.462
G1 F5400 X111.314 Y68.008 E525.45961
G0 F15000 X110.748 Y68.008
G1 F5400 X95.86 Y82.896 E526.15989
G0 F15000 X95.86 Y82.331
G1 F5400 X110.183 Y68.008 E526.8336
G0 F15000 X109.617 Y68.008
G1 F5400 X95.86 Y81.765 E527.48069
G0 F15000 X95.86 Y81.199
G1 F5400 X109.051 Y68.008 E528.10115
G0 F15000 X108.486 Y68.008
G1 F5400 X95.86 Y80.634 E528.69504
G0 F15000 X95.86 Y80.068
G1 F5400 X107.92 Y68.008 E529.26231
G0 F15000 X107.354 Y68.008
G1 F5400 X95.86 Y79.502 E529.80295
G0 F15000 X95.86 Y78.936
G1 F5400 X106.789 Y68.008 E530.31699
G0 F15000 X106.223 Y68.008
G1 F5400 X95.86 Y78.371 E530.80444
G0 F15000 X95.86 Y77.805
G1 F5400 X105.657 Y68.008 E531.26526
G0 F15000 X105.092 Y68.008
G1 F5400 X95.86 Y77.239 E531.69948
G0 F15000 X95.86 Y76.674
G1 F5400 X104.526 Y68.008 E532.1071
G0 F15000 X103.96 Y68.008
G1 F5400 X95.86 Y76.108 E532.4881
G0 F15000 X95.86 Y75.542
G1 F5400 X103.395 Y68.008 E532.8425
G0 F15000 X102.829 Y68.008
G1 F5400 X95.86 Y74.977 E533.1703
G0 F15000 X95.86 Y74.411
G1 F5400 X102.263 Y68.008 E533.47148
G0 F15000 X101.698 Y68.008
G1 F5400 X95.86 Y73.845 E533.74606
G0 F15000 X95.86 Y73.28
G1 F5400 X101.132 Y68.008 E533.99403
G0 F15000 X100.566 Y68.008
G1 F5400 X95.86 Y72.714 E534.21539
G0 F15000 X95.86 Y72.148
G1 F5400 X100 Y68.008 E534.41012
G0 F15000 X99.435 Y68.008
G1 F5400 X95.86 Y71.583 E534.57828
G0 F15000 X95.86 Y71.017
G1 F5400 X98.869 Y68.008 E534.71981
G0 F15000 X98.303 Y68.008
G1 F5400 X95.86 Y70.451 E534.83473
G0 F15000 X95.86 Y69.885
G1 F5400 X97.738 Y68.008 E534.92304
G0 F15000 X97.172 Y68.008
G1 F5400 X95.86 Y69.32 E534.98475
G0 F15000 X95.86 Y68.754
G1 F5400 X96.606 Y68.008 E535.01984
G0 F15000 X96.041 Y68.008
G1 F5400 X95.86 Y68.188 E535.02833
G1 F2400 E534.22833
;MESH:bno085_case_body.stl
G0 F15000 X95.614 Y67.597
G0 X95.461 Y67.857
G0 X95.462 Y93.583
G0 X109.999 Y94.139
G0 X110 Y95.214
G0 X109.998 Y95.486
G0 X110 Y123.248
;TYPE:WALL-INNER
G1 F2400 E535.02833
G1 F5400 X124.353 Y123.248 E535.50571
G1 X124.578 Y123.123 E535.51427
G1 X124.649 Y123.035 E535.51803
G1 X124.696 Y122.832 E535.52496
G1 X124.696 Y97.165 E536.37865
G1 X124.663 Y97.014 E536.38379
G1 X124.554 Y96.858 E536.39012
G1 X124.278 Y96.748 E536.4
G1 X95.642 Y96.748 E537.35244
G1 X95.425 Y96.862 E537.36059
G1 X95.3 Y97.162 E537.3714
G1 X95.3 Y122.921 E538.22815
G1 X95.41 Y123.119 E538.23569
G1 X95.579 Y123.219 E538.24222
G1 X95.717 Y123.248 E538.24691
G1 X110 Y123.248 E538.72196
G0 F15000 X110 Y123.648
;TYPE:WALL-OUTER
G1 F5400 X124.322 Y123.648 E539.19831
G1 X124.52 Y123.612 E539.20501
G1 X124.84 Y123.435 E539.21717
G1 X125.019 Y123.214 E539.22663
G1 X125.096 Y122.877 E539.23813
G1 X125.096 Y97.122 E540.09474
G1 X125.037 Y96.85 E540.104
G1 X124.832 Y96.558 E540.11586
G1 X124.562 Y96.398 E540.1263
G1 X124.319 Y96.348 E540.13455
G1 X95.674 Y96.348 E541.08729
G1 X95.476 Y96.384 E541.09398
G1 X95.145 Y96.551 E541.10632
G1 X94.95 Y96.881 E541.11906
G1 X94.9 Y97.121 E541.12722
G1 X94.9 Y122.875 E541.9838
G1 X94.933 Y123.077 E541.99061
G1 X95.059 Y123.329 E541.99998
G1 X95.156 Y123.434 E542.00473
G1 X95.433 Y123.598 E542.01544
G1 X95.677 Y123.648 E542.02372
G1 X110 Y123.648 E542.50011
G0 F15000 X110 Y122.888
;TYPE:SKIN
G1 F5400 X95.769 Y122.888 E542.97343
G1 X95.66 Y122.841 E542.97738
G1 X95.66 Y97.212 E543.82981
G1 X95.702 Y97.108 E543.83354
G1 X124.227 Y97.108 E544.78228
G1 X124.336 Y97.176 E544.78655
G1 X124.336 Y122.836 E545.64001
G1 X124.254 Y122.887 E545.64322
G1 X110 Y122.888 E546.11731
G1 F2400 E545.31731
G0 F15000 X110 Y123.148
G0 X124.311 Y123.086
G0 X124.596 Y122.503
G0 X124.136 Y122.503
G1 F2400 E546.11731
G1 F5400 X123.952 Y122.687 E546.12597
G0 F15000 X123.386 Y122.687
G1 F5400 X124.136 Y121.937 E546.16124
G0 F15000 X124.136 Y121.371
G1 F5400 X122.82 Y122.687 E546.22314
G0 F15000 X122.255 Y122.687
G1 F5400 X124.136 Y120.806 E546.31162
G0 F15000 X124.136 Y120.24
G1 F5400 X121.689 Y122.687 E546.42672
G0 F15000 X121.123 Y122.687
G1 F5400 X124.136 Y119.674 E546.56844
G0 F15000 X124.136 Y119.109
G1 F5400 X120.557 Y122.687 E546.73676
G0 F15000 X119.992 Y122.687
G1 F5400 X124.136 Y118.543 E546.93169
G0 F15000 X124.136 Y117.977
G1 F5400 X119.426 Y122.687 E547.15323
G0 F15000 X118.86 Y122.687
G1 F5400 X124.136 Y117.412 E547.40137
G0 F15000 X124.136 Y116.846
G1 F5400 X118.295 Y122.687 E547.67612
G0 F15000 X117.729 Y122.687
G1 F5400 X124.136 Y116.28 E547.97748
G0 F15000 X124.136 Y115.714
G1 F5400 X117.163 Y122.687 E548.30547
G0 F15000 X116.598 Y122.687
G1 F5400 X124.136 Y115.149 E548.66003
G0 F15000 X124.136 Y114.583
G1 F5400 X116.032 Y122.687 E549.04122
G0 F15000 X115.466 Y122.687
G1 F5400 X124.136 Y114.017 E549.44903
G0 F15000 X124.136 Y113.452
G1 F5400 X114.901 Y122.687 E549.88342
G0 F15000 X114.335 Y122.687
G1 F5400 X124.136 Y112.886 E550.34443
G0 F15000 X124.136 Y112.32
G1 F5400 X113.769 Y122.687 E550.83206
G0 F15000 X113.204 Y122.687
G1 F5400 X124.136 Y111.755 E551.34627
G0 F15000 X124.136 Y111.189
G1 F5400 X112.638 Y122.687 E551.8871
G0 F15000 X112.072 Y122.687
G1 F5400 X124.136 Y110.623 E552.45455
G0 F15000 X124.136 Y110.058
G1 F5400 X111.506 Y122.687 E553.0486
G0 F15000 X110.941 Y122.687
G1 F5400 X124.136 Y109.492 E553.66926
G0 F15000 X124.136 Y108.926
G1 F5400 X110.375 Y122.687 E554.31653
G0 F15000 X109.809 Y122.688
G1 F5400 X124.136 Y108.361 E554.99043
G0 F15000 X124.136 Y107.795
G1 F5400 X109.243 Y122.688 E555.69095
G0 F15000 X108.677 Y122.688
G1 F5400 X124.136 Y107.229 E556.41809
G0 F15000 X124.136 Y106.664
G1 F5400 X108.112 Y122.688 E557.17181
G0 F15000 X107.546 Y122.688
G1 F5400 X124.136 Y106.098 E557.95216
G0 F15000 X124.136 Y105.532
G1 F5400 X106.98 Y122.688 E558.75912
G0 F15000 X106.415 Y122.688
G1 F5400 X124.136 Y104.966 E559.59269
G0 F15000 X124.136 Y104.401
G1 F5400 X105.849 Y122.688 E560.45285
G0 F15000 X105.283 Y122.688
G1 F5400 X124.136 Y103.835 E561.33964
G0 F15000 X124.136 Y103.269
G1 F5400 X104.718 Y122.688 E562.25303
G0 F15000 X104.152 Y122.688
G1 F5400 X124.136 Y102.704 E563.19301
G0 F15000 X124.136 Y102.138
G1 F5400 X103.586 Y122.688 E564.15962
G0 F15000 X103.021 Y122.688
G1 F5400 X124.136 Y101.572 E565.15283
G0 F15000 X124.136 Y101.007
G1 F5400 X102.455 Y122.688 E566.17264
G0 F15000 X101.889 Y122.688
G1 F5400 X124.136 Y100.441 E567.21907
G0 F15000 X124.136 Y99.875
G1 F5400 X101.323 Y122.688 E568.29212
G0 F15000 X100.758 Y122.688
G1 F5400 X124.136 Y99.31 E569.39175
G0 F15000 X124.136 Y98.744
G1 F5400 X100.192 Y122.688 E570.518
G0 F15000 X99.626 Y122.688
G1 F5400 X124.136 Y98.178 E571.67088
G0 F15000 X124.136 Y97.613
G1 F5400 X99.061 Y122.688 E572.85033
G0 F15000 X98.495 Y122.688
G1 F5400 X123.875 Y97.308 E574.04413
G0 F15000 X123.31 Y97.308
G1 F5400 X97.929 Y122.688 E575.23795
G0 F15000 X97.364 Y122.688
G1 F5400 X122.744 Y97.308 E576.43175
G0 F15000 X122.178 Y97.308
G1 F5400 X96.798 Y122.688 E577.62554
G0 F15000 X96.232 Y122.688
G1 F5400 X121.612 Y97.308 E578.81934
G0 F15000 X121.047 Y97.308
G1 F5400 X95.86 Y122.494 E580.00404
G0 F15000 X95.86 Y121.929
G1 F5400 X120.481 Y97.308 E581.16213
G0 F15000 X119.915 Y97.308
G1 F5400 X95.86 Y121.363 E582.29361
G0 F15000 X95.86 Y120.797
G1 F5400 X119.35 Y97.308 E583.39848
G0 F15000 X118.784 Y97.308
G1 F5400 X95.86 Y120.231 E584.47673
G0 F15000 X95.86 Y119.666
G1 F5400 X118.218 Y97.308 E585.52838
G0 F15000 X117.653 Y97.308
G1 F5400 X95.86 Y119.1 E586.55343
G0 F15000 X95.86 Y118.534
G1 F5400 X117.087 Y97.308 E587.55186
G0 F15000 X116.521 Y97.308
G1 F5400 X95.86 Y117.969 E588.52369
G0 F15000 X95.86 Y117.403
G1 F5400 X115.956 Y97.308 E589.46893
G0 F15000 X115.39 Y97.308
G1 F5400 X95.86 Y116.837 E590.38753
G0 F15000 X95.86 Y116.272
G1 F5400 X114.824 Y97.308 E591.27954
G0 F15000 X114.259 Y97.308
G1 F5400 X95.86 Y115.706 E592.14495
G0 F15000 X95.86 Y115.14
G1 F5400 X113.693 Y97.308 E592.98374
G0 F15000 X113.127 Y97.308
G1 F5400 X95.86 Y114.575 E593.79592
G0 F15000 X95.86 Y114.009
G1 F5400 X112.562 Y97.308 E594.58151
G0 F15000 X111.996 Y97.308
G1 F5400 X95.86 Y113.443 E595.34048
G0 F15000 X95.86 Y112.878
G1 F5400 X111.43 Y97.308 E596.07284
G0 F15000 X110.864 Y97.308
G1 F5400 X95.86 Y112.312 E596.77858
G0 F15000 X95.86 Y111.746
G1 F5400 X110.299 Y97.308 E597.45773
G0 F15000 X109.733 Y97.308
G1 F5400 X95.86 Y111.181 E598.11027
G0 F15000 X95.86 Y110.615
G1 F5400 X109.167 Y97.308 E598.73619
G0 F15000 X108.602 Y97.308
G1 F5400 X95.86 Y110.049 E599.33551
G0 F15000 X95.86 Y109.483
G1 F5400 X108.036 Y97.308 E599.90821
G0 F15000 X107.47 Y97.308
G1 F5400 X95.86 Y108.918 E600.45431
G0 F15000 X95.86 Y108.352
G1 F5400 X106.905 Y97.308 E600.97381
G0 F15000 X106.339 Y97.308
G1 F5400 X95.86 Y107.786 E601.46668
G0 F15000 X95.86 Y107.221
G1 F5400 X105.773 Y97.308 E601.93296
G0 F15000 X105.208 Y97.308
G1 F5400 X95.86 Y106.655 E602.37264
G0 F15000 X95.86 Y106.089
G1 F5400 X104.642 Y97.308 E602.78569
G0 F15000 X104.076 Y97.308
G1 F5400 X95.86 Y105.524 E603.17215
G0 F15000 X95.86 Y104.958
G1 F5400 X103.511 Y97.308 E603.532
G0 F15000 X102.945 Y97.308
G1 F5400 X95.86 Y104.392 E603.86524
G0 F15000 X95.86 Y103.827
G1 F5400 X102.379 Y97.308 E604.17187
G0 F15000 X101.813 Y97.308
G1 F5400 X95.86 Y103.261 E604.45188
G0 F15000 X95.86 Y102.695
G1 F5400 X101.248 Y97.308 E604.70529
G0 F15000 X100.682 Y97.308
G1 F5400 X95.86 Y102.13 E604.93211
G0 F15000 X95.86 Y101.564
G1 F5400 X100.116 Y97.308 E605.13229
G0 F15000 X99.551 Y97.308
G1 F5400 X95.86 Y100.998 E605.30588
G0 F15000 X95.86 Y100.432
G1 F5400 X98.985 Y97.308 E605.45285
G0 F15000 X98.419 Y97.308
G1 F5400 X95.86 Y99.867 E605.57322
G0 F15000 X95.86 Y99.301
G1 F5400 X97.854 Y97.308 E605.66699
G0 F15000 X97.288 Y97.308
G1 F5400 X95.86 Y98.735 E605.73413
G0 F15000 X95.86 Y98.17
G1 F5400 X96.722 Y97.308 E605.77468
G0 F15000 X96.157 Y97.308
G1 F5400 X95.86 Y97.604 E605.78862
G1 F2400 E604.98862
;MESH:NONMESH
G0 F300 Z1
G0 F15000 X95.428 Y97.095
G0 X95.633 Y96.946
G0 X110 Y96.561
G0 X110 Y94.139
G0 X110 Y93.948
;TIME_ELAPSED:489.826978
;LAYER:4
;note -- min layer time used
;TYPE:WALL-INNER
;MESH:bno085_case_lid.stl
G1 F2400 E605.78862
G1 F5400 X124.339 Y93.948 E606.26554
G1 X124.595 Y93.802 E606.27534
G1 X124.7 Y93.589 E606.28324
G1 X124.696 Y67.808 E607.14072
G1 X124.549 Y67.549 E607.15063
G1 X124.298 Y67.452 E607.15958
G1 X95.66 Y67.449 E608.11208
G1 X95.411 Y67.588 E608.12157
G1 X95.301 Y67.862 E608.13139
G1 X95.3 Y93.532 E608.98517
G1 X95.342 Y93.714 E608.99139
G1 X95.489 Y93.887 E608.99894
G1 X95.65 Y93.948 E609.00466
G1 X110 Y93.948 E609.48195
G0 F15000 X110 Y94.348
;TYPE:WALL-OUTER
G1 F5400 X124.403 Y94.348 E609.96099
G1 X124.634 Y94.272 E609.96908
G1 X124.891 Y94.08 E609.97975
G1 X125.029 Y93.869 E609.98814
G1 X125.1 Y93.652 E609.99573
G1 X125.096 Y67.744 E610.85743
G1 X125.02 Y67.513 E610.86552
G1 X124.828 Y67.253 E610.87627
G1 X124.627 Y67.122 E610.88425
G1 X124.347 Y67.052 E610.89385
G1 X95.594 Y67.049 E611.85018
G1 X95.362 Y67.128 E611.85833
G1 X95.108 Y67.314 E611.8688
G1 X94.95 Y67.581 E611.87912
G1 X94.901 Y67.821 E611.88727
G1 X94.9 Y93.577 E612.74392
G1 X94.965 Y93.859 E612.75354
G1 X95.054 Y94.018 E612.7596
G1 X95.267 Y94.231 E612.76962
G1 X95.577 Y94.348 E612.78064
G1 X110 Y94.348 E613.26035
G0 F15000 X109.951 Y93.868
;TYPE:FILL
G1 F10497.1 X124.619 Y89.938 E613.76542
G0 F15000 X124.389 Y89.938
G0 X124.389 Y92.952
G0 X124.62 Y92.952
G1 F10497.1 X124.38 Y93.845 E613.79617
G0 F15000 X124.167 Y93.868
G1 F10497.1 X97.829 Y67.529 E615.03506
G0 F15000 X97.828 Y67.761
G0 X100.372 Y67.761
G0 X100.373 Y67.529
G1 F10497.1 X95.381 Y86.161 E615.67662
G0 F15000 X95.381 Y85.349
G1 F10497.1 X124.617 Y77.515 E616.68331
G1 X124.618 Y77.348
G1 X114.801 Y67.531 E617.14508
G0 F15000 X115.513 Y67.531
G1 F10497.1 X95.382 Y72.925 E617.83825
G0 F15000 X95.38 Y73.566
G1 F10497.1 X115.682 Y93.868 E618.7932
G0 F15000 X115.682 Y93.639
G0 X118.162 Y93.639
G0 X118.162 Y93.869
G1 F10497.1 X124.616 Y69.784 E619.62253
G0 F15000 X124.617 Y68.862
G1 F10497.1 X123.287 Y67.532 E619.68509
G0 F15000 X123.286 Y67.761
G0 X124.389 Y71.304
G0 X124.616 Y71.304
G1 F10497.1 X95.381 Y79.137 E620.69175
G0 F15000 X95.611 Y79.137
G0 X95.611 Y82.051
G0 X95.38 Y82.051
G1 F10497.1 X107.197 Y93.868 E621.24758
G0 F15000 X107.197 Y93.639
G0 X105.739 Y93.639
G0 X105.739 Y93.869
G1 F10497.1 X112.796 Y67.53 E622.15452
G0 F15000 X112.795 Y67.761
G0 X106.584 Y67.761
G0 X106.585 Y67.529
G1 F10497.1 X99.527 Y93.869 E623.0615
G0 F15000 X98.711 Y93.868
G1 F10497.1 X95.38 Y90.537 E623.21818
G0 F15000 X95.611 Y90.537
G0 X95.611 Y91.561
G0 X95.38 Y91.561
G1 F10497.1 X124.618 Y83.726 E624.22495
G0 F15000 X124.389 Y83.726
G0 X124.389 Y85.834
G0 X124.619 Y85.834
G1 F10497.1 X106.315 Y67.53 E625.08591
G0 F15000 X106.314 Y67.761
G0 X119.007 Y67.761
G0 X119.008 Y67.532
G1 F10497.1 X111.951 Y93.868 E625.99275
G0 F15000 X111.951 Y93.339
G1 F2400 E625.19275
;MESH:bno085_case_body.stl
G0 F15000 X109.999 Y94.139
G0 X109.999 Y96.561
G0 X110 Y122.939
G0 X110 Y123.248
;TYPE:WALL-INNER
G1 F2400 E625.99275
G1 F5400 X124.28 Y123.247 E626.46771
G1 X124.433 Y123.216 E626.4729
G1 X124.572 Y123.134 E626.47827
G1 X124.657 Y123.001 E626.48352
G1 X124.696 Y122.833 E626.48925
G1 X124.696 Y97.158 E627.34321
G1 X124.668 Y97.012 E627.34815
G1 X124.585 Y96.877 E627.35342
G1 X124.416 Y96.776 E627.35997
G1 X124.279 Y96.748 E627.36462
G1 X95.734 Y96.748 E628.31403
G1 X95.507 Y96.811 E628.32187
G1 X95.417 Y96.881 E628.32566
G1 X95.3 Y97.158 E628.33566
G1 X95.3 Y122.838 E629.18978
G1 X95.329 Y122.984 E629.19473
G1 X95.412 Y123.117 E629.19995
G1 X95.582 Y123.22 E629.20656
G1 X95.717 Y123.248 E629.21114
G1 X110 Y123.248 E629.6862
G0 F15000 X110 Y123.647
;TYPE:WALL-OUTER
G1 F5400 X124.32 Y123.647 E630.16248
G1 X124.568 Y123.597 E630.1709
G1 X124.881 Y123.394 E630.18331
G1 X125.032 Y123.157 E630.19265
G1 X125.096 Y122.877 E630.20221
G1 X125.096 Y97.12 E631.05889
G1 X125.049 Y96.876 E631.06715
G1 X124.843 Y96.565 E631.07956
G1 X124.562 Y96.398 E631.09043
G1 X124.319 Y96.348 E631.09868
G1 X95.68 Y96.348 E632.05122
G1 X95.324 Y96.447 E632.06351
G1 X95.113 Y96.611 E632.0724
G1 X94.949 Y96.883 E632.08296
G1 X94.9 Y97.117 E632.09091
G1 X94.9 Y122.876 E632.94766
G1 X94.947 Y123.12 E632.95593
G1 X95.156 Y123.431 E632.96839
G1 X95.434 Y123.598 E632.97918
G1 X95.677 Y123.648 E632.98743
G1 X110 Y123.647 E633.46381
G0 F15000 X109.951 Y123.168
;TYPE:FILL
G1 F10497.1 X124.615 Y119.238 E633.96875
G0 F15000 X124.389 Y119.238
G0 X124.389 Y122.266
G0 X124.615 Y122.266
G1 F10497.1 X124.383 Y123.134 E633.99863
G0 F15000 X124.167 Y123.167
G1 F10497.1 X97.828 Y96.828 E635.23754
G0 F15000 X97.828 Y97.061
G0 X100.373 Y97.061
G0 X100.373 Y96.828
G1 F10497.1 X95.38 Y115.462 E635.87917
G0 F15000 X95.38 Y114.648
G1 F10497.1 X124.615 Y106.815 E636.88583
G1 X124.616 Y106.646
G1 X114.799 Y96.828 E637.34761
G0 F15000 X115.524 Y96.827
G1 F10497.1 X95.381 Y102.225 E638.04121
G0 F15000 X95.38 Y102.865
G1 F10497.1 X115.682 Y123.167 E638.99616
G0 F15000 X115.682 Y122.939
G0 X118.162 Y122.939
G0 X118.162 Y123.167
G1 F10497.1 X124.616 Y99.083 E639.82546
G0 F15000 X124.616 Y98.161
G1 F10497.1 X123.284 Y96.828 E639.88813
G0 F15000 X123.284 Y97.061
G0 X124.389 Y100.603
G0 X124.615 Y100.603
G1 F10497.1 X95.38 Y108.437 E640.8948
G0 F15000 X95.611 Y108.437
G0 X95.611 Y111.35
G0 X95.38 Y111.35
G1 F10497.1 X107.197 Y123.167 E641.45064
G0 F15000 X107.197 Y122.939
G0 X105.739 Y122.939
G0 X105.739 Y123.168
G1 F10497.1 X112.797 Y96.827 E642.35765
G0 F15000 X112.797 Y97.061
G0 X119.008 Y97.061
G0 X119.008 Y96.828
G1 F10497.1 X111.95 Y123.168 E643.26462
G0 F15000 X111.95 Y122.939
G0 X99.527 Y122.939
G0 X99.527 Y123.168
G1 F10497.1 X106.585 Y96.828 E644.1716
G0 F15000 X106.314 Y96.828
G1 F10497.1 X124.616 Y115.131 E645.0325
G0 F15000 X124.389 Y115.131
G0 X124.389 Y113.026
G0 X124.616 Y113.026
G1 F10497.1 X95.381 Y120.86 E646.03916
G0 F15000 X95.611 Y120.86
G0 X95.611 Y119.836
G0 X95.38 Y119.836
G1 F10497.1 X98.711 Y123.167 E646.19584
G0 F15000 X98.711 Y122.639
G1 F2400 E645.39584
;MESH:NONMESH
G0 F300 Z1.2
G0 F15000 X110 Y96.561
G0 X110 Y94.139
G0 X110 Y93.639
G0 X110 Y93.948
;TIME_ELAPSED:516.277677
;LAYER:5
;TYPE:WALL-INNER
;MESH:bno085_case_lid.stl
G1 F2400 E646.19584
G1 F5400 X124.339 Y93.948 E646.67276
G1 X124.596 Y93.802 E646.68259
G1 X124.7 Y93.592 E646.69038
G1 X124.696 Y67.859 E647.54627
G1 X124.668 Y67.712 E647.55124
G1 X124.577 Y67.569 E647.55688
G1 X124.3 Y67.452 E647.56688
G1 X95.66 Y67.449 E648.51945
G1 X95.411 Y67.588 E648.52894
G1 X95.301 Y67.862 E648.53876
G1 X95.3 Y93.538 E649.39275
G1 X95.386 Y93.794 E649.40173
G1 X95.53 Y93.9 E649.40767
G1 X95.742 Y93.948 E649.4149
G1 X110 Y93.948 E649.88913
G0 F15000 X110 Y94.348
;TYPE:WALL-OUTER
G1 F5400 X124.403 Y94.348 E650.36817
G1 X124.634 Y94.272 E650.37626
G1 X124.892 Y94.08 E650.38696
G1 X125.033 Y93.865 E650.39551
G1 X125.1 Y93.653 E650.4029
G1 X125.096 Y67.82 E651.26211
G1 X125.049 Y67.576 E651.27038
G1 X124.837 Y67.262 E651.28298
G1 X124.619 Y67.119 E651.29165
G1 X124.348 Y67.052 E651.30094
G1 X95.594 Y67.049 E652.2573
G1 X95.362 Y67.128 E652.26545
G1 X95.108 Y67.314 E652.27592
G1 X94.95 Y67.581 E652.28624
G1 X94.901 Y67.821 E652.29439
G1 X94.9 Y93.576 E653.151
G1 X94.947 Y93.82 E653.15927
G1 X95.158 Y94.137 E653.17193
G1 X95.374 Y94.276 E653.18047
G1 X95.698 Y94.348 E653.19151
G1 X110 Y94.348 E653.6672
G0 F15000 X110 Y93.639
G0 X112.588 Y90.944
;TYPE:FILL
G1 F10800 X118.235 Y69.869 E654.39288
G0 F15000 X117.787 Y70.318
G1 F10800 X118.259 Y70.79 E654.41509
G0 F15000 X119.91 Y72.44
G1 F10800 X120.915 Y73.445 E654.46236
G0 F15000 X122.282 Y72.075
G1 F10800 X99.754 Y78.111 E655.23807
G0 F15000 X97.891 Y76.247
G1 F10800 X98.12 Y75.394 E655.26745
G0 F15000 X97.765 Y75.751
G1 F10800 X113.498 Y91.485 E656.0075
G0 F15000 X119.281 Y89.15
G1 F10800 X122.113 Y78.58 E656.37146
G1 X122.159 Y78.41
G1 X122.263 Y78.02 E656.38489
G0 F15000 X122.28 Y78.287
G1 F10800 X97.961 Y84.804 E657.22228
G0 F15000 X97.765 Y84.236
G1 F10800 X105.013 Y91.485 E657.56323
G0 F15000 X106.677 Y89.825
G1 F10800 X112.024 Y69.868 E658.25041
G0 F15000 X110.438 Y71.454
G1 F10800 X111.567 Y72.583 E658.30351
G0 F15000 X112.943 Y73.958
G1 F10800 X119.777 Y80.793 E658.62499
G1 X119.839 Y80.855
G1 X121.365 Y82.381 E658.69677
G0 F15000 X122.281 Y84.498
G1 F10800 X102.859 Y89.703 E659.36554
G0 F15000 X101.863 Y89.97
G1 F10800 X100.339 Y90.378 E659.41801
G1 X100.321 Y90.362
G1 X105.813 Y69.867 E660.12373
G0 F15000 X106.705 Y70.037
G1 F10800 X99.027 Y72.095 E660.38812
G1 X99.008 Y72.078
G1 X99.454 Y70.416 E660.44535
G0 F15000 X101.627 Y71.128
G1 F10800 X119.572 Y89.074 E661.28945
G1 F2700 X119.551 Y89.251
G1 X124.418 Y84.383 E661.42682
G0 F15000 X124.418 Y83.818
G1 F2700 X119.553 Y88.683 E661.56412
G0 F15000 X119.268 Y88.968
G1 F2700 X114.568 Y93.668 E661.69677
G0 F15000 X115.133 Y93.668
G1 F2700 X119.344 Y89.457 E661.81561
G0 F15000 X119.833 Y89.534
G1 F2700 X124.418 Y84.949 E661.94501
G0 F15000 X124.418 Y85.515
G1 F2700 X120.116 Y89.817 E662.06642
G0 F15000 X120.399 Y90.1
G1 F2700 X124.418 Y86.08 E662.17986
G0 F15000 X124.418 Y86.646
G1 F2700 X120.682 Y90.382 E662.2853
G0 F15000 X120.965 Y90.665
G1 F2700 X124.418 Y87.212 E662.38275
G0 F15000 X124.418 Y87.777
G1 F2700 X121.391 Y90.805 E662.46819
G0 F15000 X121.247 Y90.949
G1 F2700 X118.527 Y93.668 E662.54494
G0 F15000 X117.962 Y93.668
G1 F2700 X120.62 Y91.01 E662.61996
G0 F15000 X119.846 Y91.218
G1 F2700 X117.396 Y93.668 E662.6891
G0 F15000 X116.83 Y93.668
G1 F2700 X119.073 Y91.426 E662.75239
G0 F15000 X118.93 Y91.003
G1 F2700 X116.265 Y93.668 E662.8276
G0 F15000 X115.699 Y93.668
G1 F2700 X119.137 Y90.23 E662.92463
G0 F15000 X118.985 Y88.685
G1 F2700 X114.002 Y93.668 E663.06526
G0 F15000 X113.436 Y93.668
G1 F2700 X118.702 Y88.402 E663.21388
G0 F15000 X118.419 Y88.12
G1 F2700 X112.871 Y93.668 E663.37045
G0 F15000 X112.305 Y93.668
G1 F2700 X118.136 Y87.837 E663.53502
G0 F15000 X117.853 Y87.554
G1 F2700 X111.739 Y93.668 E663.70757
G0 F15000 X111.173 Y93.668
G1 F2700 X117.571 Y87.271 E663.88812
G0 F15000 X119.76 Y87.91
G1 F2700 X124.418 Y83.253 E664.01956
G0 F15000 X124.418 Y82.687
G1 F2700 X119.967 Y87.137 E664.14517
G0 F15000 X121.38 Y84.593
G1 F2700 X124.418 Y81.556 E664.23089
G0 F15000 X124.418 Y82.121
G1 F2700 X122.151 Y84.388 E664.29487
G0 F15000 X122.096 Y83.311
G1 F2700 X124.418 Y80.99 E664.36039
G0 F15000 X124.418 Y80.424
G1 F2700 X121.813 Y83.028 E664.43389
G0 F15000 X121.531 Y82.745
G1 F2700 X124.418 Y79.859 E664.51536
G0 F15000 X124.418 Y79.293
G1 F2700 X121.248 Y82.462 E664.60481
G0 F15000 X121.415 Y81.73
G1 F2700 X124.418 Y78.727 E664.68956
G0 F15000 X124.418 Y78.161
G1 F2700 X121.622 Y80.957 E664.76847
G0 F15000 X121.83 Y80.184
G1 F2700 X124.417 Y77.596 E664.84149
G0 F15000 X124.417 Y77.031
G1 F2700 X122.037 Y79.411 E664.90866
G0 F15000 X122.244 Y78.638
G1 F2700 X124.417 Y76.465 E664.96999
G0 F15000 X124.417 Y75.899
G1 F2700 X122.137 Y78.179 E665.03433
G0 F15000 X121.364 Y78.386
G1 F2700 X124.417 Y75.334 E665.12048
G0 F15000 X124.417 Y74.768
G1 F2700 X120.591 Y78.594 E665.22846
G0 F15000 X119.819 Y78.801
G1 F2700 X124.417 Y74.202 E665.35824
G0 F15000 X124.417 Y73.637
G1 F2700 X119.046 Y79.007 E665.50981
G0 F15000 X118.274 Y79.214
G1 F2700 X124.417 Y73.071 E665.68318
G0 F15000 X124.416 Y72.506
G1 F2700 X122.096 Y74.826 E665.74865
G0 F15000 X121.813 Y74.543
G1 F2700 X124.416 Y71.94 E665.82211
G0 F15000 X124.416 Y71.375
G1 F2700 X121.53 Y74.26 E665.90355
G0 F15000 X121.248 Y73.977
G1 F2700 X124.416 Y70.809 E665.99296
G0 F15000 X124.416 Y70.243
G1 F2700 X120.965 Y73.694 E666.09035
G0 F15000 X120.576 Y72.387
G1 F2700 X124.416 Y68.546 E666.19874
G0 F15000 X124.416 Y67.981
G1 F2700 X119.834 Y72.563 E666.32805
G0 F15000 X119.551 Y72.28
G1 F2700 X124.1 Y67.731 E666.45643
G0 F15000 X123.534 Y67.731
G1 F2700 X119.268 Y71.997 E666.57683
G0 F15000 X118.986 Y71.714
G1 F2700 X122.969 Y67.731 E666.68924
G0 F15000 X122.403 Y67.731
G1 F2700 X118.703 Y71.431 E666.79366
G0 F15000 X118.42 Y71.148
G1 F2700 X121.837 Y67.731 E666.8901
G0 F15000 X121.272 Y67.731
G1 F2700 X118.137 Y70.866 E666.97857
G0 F15000 X118.314 Y70.123
G1 F2700 X120.706 Y67.731 E667.04608
G0 F15000 X120.14 Y67.731
G1 F2700 X117.571 Y70.301 E667.1186
G0 F15000 X117.287 Y70.018
G1 F2700 X119.575 Y67.731 E667.18316
G0 F15000 X119.009 Y67.731
G1 F2700 X112.763 Y73.977 E667.35943
G0 F15000 X112.48 Y73.694
G1 F2700 X118.443 Y67.731 E667.52772
G0 F15000 X117.878 Y67.731
G1 F2700 X112.197 Y73.411 E667.68804
G0 F15000 X111.914 Y73.128
G1 F2700 X117.312 Y67.731 E667.84036
G0 F15000 X116.747 Y67.73
G1 F2700 X111.632 Y72.845 E667.98472
G0 F15000 X111.485 Y72.426
G1 F2700 X116.181 Y67.73 E668.11725
G0 F15000 X115.615 Y67.73
G1 F2700 X111.692 Y71.654 E668.22798
G0 F15000 X111.899 Y70.881
G1 F2700 X115.05 Y67.73 E668.31691
G0 F15000 X114.484 Y67.73
G1 F2700 X112.105 Y70.109 E668.38405
G0 F15000 X110.217 Y71.432
G1 F2700 X113.918 Y67.73 E668.48852
G0 F15000 X113.353 Y67.73
G1 F2700 X109.934 Y71.149 E668.58501
G0 F15000 X109.651 Y70.866
G1 F2700 X112.787 Y67.73 E668.67351
G0 F15000 X112.221 Y67.73
G1 F2700 X109.367 Y70.584 E668.75406
G0 F15000 X109.085 Y70.301
G1 F2700 X111.656 Y67.73 E668.82662
G0 F15000 X111.09 Y67.73
G1 F2700 X108.802 Y70.018 E668.89119
G0 F15000 X106.652 Y69.905
G1 F2700 X108.828 Y67.73 E668.95259
G0 F15000 X109.394 Y67.73
G1 F2700 X105.484 Y71.639 E669.06292
G0 F15000 X105.276 Y72.413
G1 F2700 X109.959 Y67.73 E669.19509
G0 F15000 X110.524 Y67.73
G1 F2700 X105.069 Y73.186 E669.34905
G0 F15000 X104.334 Y70.527
G1 F2700 X107.131 Y67.73 E669.42799
G0 F15000 X107.697 Y67.73
G1 F2700 X105.106 Y70.32 E669.5011
G0 F15000 X105.898 Y70.094
G1 F2700 X108.262 Y67.73 E669.56782
G0 F15000 X108.262 Y67.761
G0 X106.565 Y67.761
G0 X106.565 Y67.73
G1 F2700 X103.56 Y70.735 E669.65262
G0 F15000 X102.787 Y70.942
G1 F2700 X106 Y67.73 E669.74329
G0 F15000 X105.434 Y67.73
G1 F2700 X102.014 Y71.149 E669.83979
G0 F15000 X101.448 Y71.15
G1 F2700 X104.868 Y67.73 E669.93631
G0 F15000 X104.302 Y67.73
G1 F2700 X101.165 Y70.867 E670.02484
G0 F15000 X100.882 Y70.584
G1 F2700 X103.737 Y67.73 E670.1054
G0 F15000 X103.171 Y67.73
G1 F2700 X100.599 Y70.301 E670.17798
G0 F15000 X100.317 Y70.018
G1 F2700 X102.606 Y67.729 E670.24258
G0 F15000 X102.04 Y67.729
G1 F2700 X95.581 Y74.188 E670.42487
G0 F15000 X95.581 Y73.623
G1 F2700 X101.475 Y67.729 E670.59121
G0 F15000 X100.909 Y67.729
G1 F2700 X95.581 Y73.057 E670.74157
G0 F15000 X95.581 Y72.491
G1 F2700 X100.343 Y67.729 E670.87597
G0 F15000 X99.778 Y67.729
G1 F2700 X95.581 Y71.925 E670.9944
G0 F15000 X95.581 Y71.36
G1 F2700 X99.212 Y67.729 E671.09688
G0 F15000 X98.646 Y67.729
G1 F2700 X95.581 Y70.794 E671.18338
G0 F15000 X95.581 Y70.228
G1 F2700 X98.081 Y67.729 E671.25392
G0 F15000 X97.515 Y67.729
G1 F2700 X95.581 Y69.663 E671.3085
G0 F15000 X95.581 Y69.097
G1 F2700 X96.949 Y67.729 E671.34711
G0 F15000 X96.384 Y67.729
G1 F2700 X95.581 Y68.531 E671.36976
G0 F15000 X95.581 Y67.966
G1 F2700 X95.818 Y67.729 E671.37645
G0 F15000 X95.818 Y67.761
G0 X98.151 Y72.184
G1 F2700 X95.581 Y74.754 E671.44898
G0 F15000 X95.581 Y75.32
G1 F2700 X98.926 Y71.975 E671.54338
G0 F15000 X99.071 Y72.396
G1 F2700 X95.581 Y75.885 E671.64186
G0 F15000 X95.581 Y76.451
G1 F2700 X98.863 Y73.169 E671.73449
G0 F15000 X98.656 Y73.942
G1 F2700 X95.581 Y77.017 E671.82127
G0 F15000 X95.581 Y77.582
G1 F2700 X98.448 Y74.716 E671.90217
G0 F15000 X97.772 Y75.957
G1 F2700 X95.581 Y78.148 E671.964
G0 F15000 X95.581 Y78.714
G1 F2700 X98.033 Y76.262 E672.0332
G0 F15000 X97.826 Y77.034
G1 F2700 X95.581 Y79.279 E672.09656
G0 F15000 X95.581 Y79.845
G1 F2700 X98.619 Y76.807 E672.1823
G0 F15000 X98.902 Y77.089
G1 F2700 X95.581 Y80.411 E672.27604
G0 F15000 X95.581 Y80.976
G1 F2700 X98.168 Y78.389 E672.34905
G0 F15000 X98.941 Y78.183
G1 F2700 X95.581 Y81.542 E672.44386
G0 F15000 X95.581 Y82.108
G1 F2700 X99.713 Y77.975 E672.56049
G0 F15000 X100.034 Y78.221
G1 F2700 X95.581 Y82.674 E672.68617
G0 F15000 X95.581 Y83.239
G1 F2700 X100.317 Y78.504 E672.81981
G0 F15000 X100.599 Y78.787
G1 F2700 X95.581 Y83.805 E672.96143
G0 F15000 X95.581 Y84.371
G1 F2700 X100.882 Y79.069 E673.11105
G0 F15000 X101.165 Y79.352
G1 F2700 X95.581 Y84.936 E673.26864
G0 F15000 X95.581 Y85.502
G1 F2700 X101.448 Y79.635 E673.43422
G0 F15000 X101.731 Y79.918
G1 F2700 X95.581 Y86.068 E673.60779
G0 F15000 X95.581 Y86.633
G1 F2700 X97.772 Y84.443 E673.66961
G0 F15000 X98.054 Y84.726
G1 F2700 X95.581 Y87.199 E673.7394
G0 F15000 X95.581 Y87.765
G1 F2700 X98.337 Y85.009 E673.81718
G0 F15000 X98.619 Y85.292
G1 F2700 X95.581 Y88.33 E673.90292
G0 F15000 X95.581 Y88.896
G1 F2700 X98.902 Y85.575 E673.99665
G0 F15000 X99.185 Y85.858
G1 F2700 X95.581 Y89.462 E674.09836
G0 F15000 X95.581 Y90.027
G1 F2700 X99.468 Y86.14 E674.20806
G0 F15000 X99.751 Y86.423
G1 F2700 X95.581 Y90.593 E674.32575
G0 F15000 X95.581 Y91.159
G1 F2700 X100.034 Y86.706 E674.45142
G0 F15000 X100.317 Y86.989
G1 F2700 X95.581 Y91.724 E674.58507
G0 F15000 X95.581 Y92.29
G1 F2700 X100.599 Y87.272 E674.72668
G0 F15000 X100.882 Y87.555
G1 F2700 X95.581 Y92.856 E674.87629
G0 F15000 X95.581 Y93.422
G1 F2700 X98.195 Y90.807 E674.95008
G0 F15000 X98.969 Y90.599
G1 F2700 X95.9 Y93.668 E675.03669
G0 F15000 X96.466 Y93.668
G1 F2700 X99.742 Y90.392 E675.12915
G0 F15000 X100.307 Y90.958
G1 F2700 X97.597 Y93.668 E675.20563
G0 F15000 X98.163 Y93.668
G1 F2700 X102.061 Y89.77 E675.31564
G0 F15000 X102.832 Y89.564
G1 F2700 X98.728 Y93.668 E675.43146
G0 F15000 X99.294 Y93.668
G1 F2700 X103.145 Y89.817 E675.54015
G0 F15000 X103.428 Y90.1
G1 F2700 X99.86 Y93.668 E675.64084
G0 F15000 X100.425 Y93.668
G1 F2700 X103.711 Y90.382 E675.73358
G0 F15000 X103.994 Y90.665
G1 F2700 X100.991 Y93.668 E675.81833
G0 F15000 X101.557 Y93.668
G1 F2700 X104.278 Y90.947 E675.89512
G0 F15000 X104.561 Y91.23
G1 F2700 X102.122 Y93.668 E675.96394
G0 F15000 X102.688 Y93.668
G1 F2700 X106.929 Y89.427 E676.08363
G0 F15000 X106.722 Y90.2
G1 F2700 X103.254 Y93.668 E676.18151
G0 F15000 X103.82 Y93.668
G1 F2700 X106.516 Y90.972 E676.2576
G0 F15000 X106.649 Y93.639
G0 X106.648 Y93.668
G1 F2700 X111.065 Y89.251 E676.38225
G0 F15000 X111.348 Y89.534
G1 F2700 X107.214 Y93.668 E676.49892
G0 F15000 X107.779 Y93.668
G1 F2700 X111.631 Y89.817 E676.60762
G0 F15000 X111.914 Y90.1
G1 F2700 X108.345 Y93.668 E676.70833
G0 F15000 X108.911 Y93.668
G1 F2700 X112.197 Y90.382 E676.80107
G0 F15000 X112.479 Y90.665
G1 F2700 X109.476 Y93.668 E676.88582
G0 F15000 X110.042 Y93.668
G1 F2700 X112.723 Y90.987 E676.96148
G0 F15000 X113.046 Y91.23
G1 F2700 X110.608 Y93.668 E677.03029
G0 F15000 X110.609 Y93.639
G0 X106.083 Y93.639
G0 X106.082 Y93.668
G1 F2700 X110.782 Y88.968 E677.16293
G0 F15000 X110.5 Y88.685
G1 F2700 X105.517 Y93.668 E677.30357
G0 F15000 X104.951 Y93.668
G1 F2700 X110.217 Y88.402 E677.45218
G0 F15000 X109.934 Y88.12
G1 F2700 X104.385 Y93.668 E677.60877
G0 F15000 X104.386 Y93.639
G0 X100.515 Y90.185
G1 F2700 X97.031 Y93.668 E677.70709
G0 F15000 X97.032 Y93.639
G0 X119.094 Y93.639
G0 X119.093 Y93.668
G1 F2700 X121.53 Y91.231 E677.77586
G0 F15000 X122.166 Y90.595
G1 F2700 X124.418 Y88.343 E677.83942
G0 F15000 X124.419 Y88.908
G1 F2700 X119.659 Y93.668 E677.97376
G0 F15000 X120.224 Y93.668
G1 F2700 X124.419 Y89.474 E678.09214
G0 F15000 X124.419 Y90.039
G1 F2700 X120.79 Y93.668 E678.19455
G0 F15000 X121.356 Y93.668
G1 F2700 X124.419 Y90.605 E678.281
G0 F15000 X124.419 Y91.171
G1 F2700 X121.921 Y93.668 E678.35148
G0 F15000 X122.487 Y93.668
G1 F2700 X124.419 Y91.736 E678.40601
G0 F15000 X124.419 Y92.302
G1 F2700 X123.053 Y93.668 E678.44456
G0 F15000 X123.619 Y93.668
G1 F2700 X124.419 Y92.868 E678.46714
G0 F15000 X124.419 Y93.434
G1 F2700 X124.184 Y93.668 E678.47376
G0 F15000 X124.185 Y93.639
G0 X121.349 Y72.179
G1 F2700 X124.416 Y69.112 E678.56031
G0 F15000 X124.416 Y69.678
G1 F2700 X122.122 Y71.972 E678.62505
G1 F2400 E677.82505
;MESH:bno085_case_body.stl
G0 F15000 X109.999 Y94.139
G0 X109.999 Y96.561
G0 X110 Y122.939
G0 X110 Y123.248
;TYPE:WALL-INNER
G1 F2400 E678.62505
G1 F5400 X124.341 Y123.248 E679.10204
G1 X124.594 Y123.103 E679.11174
G1 X124.696 Y122.89 E679.11959
G1 X124.696 Y97.106 E679.97717
G1 X124.552 Y96.852 E679.98688
G1 X124.279 Y96.748 E679.9966
G1 X95.659 Y96.748 E680.9485
G1 X95.406 Y96.893 E680.9582
G1 X95.3 Y97.162 E680.96782
G1 X95.3 Y122.888 E681.82347
G1 X95.445 Y123.144 E681.83326
G1 X95.717 Y123.248 E681.84294
G1 X110 Y123.248 E682.318
G0 F15000 X110 Y123.648
;TYPE:WALL-OUTER
G1 F5400 X124.404 Y123.648 E682.79707
G1 X124.627 Y123.575 E682.80488
G1 X124.888 Y123.383 E682.81566
G1 X125.018 Y123.187 E682.82348
G1 X125.096 Y122.955 E682.83162
G1 X125.096 Y97.044 E683.69342
G1 X125.023 Y96.817 E683.70135
G1 X124.829 Y96.554 E683.71222
G1 X124.599 Y96.408 E683.72128
G1 X124.322 Y96.348 E683.73071
G1 X95.593 Y96.348 E684.68624
G1 X95.37 Y96.424 E684.69408
G1 X95.109 Y96.615 E684.70483
G1 X94.96 Y96.85 E684.71409
G1 X94.9 Y97.118 E684.72322
G1 X94.9 Y122.952 E685.58246
G1 X94.977 Y123.183 E685.59056
G1 X95.167 Y123.442 E685.60125
G1 X95.397 Y123.587 E685.61029
G1 X95.674 Y123.648 E685.61972
G1 X110 Y123.648 E686.09621
G0 F15000 X110.493 Y123.168
;TYPE:FILL
G1 F10800 X112.197 Y122.712 E686.15488
G0 F15000 X111.962 Y122.579
G1 F10800 X111.804 Y123.169 E686.17519
G0 F15000 X111.804 Y122.939
G0 X115.562 Y122.848
G1 F10800 X115.882 Y123.168 E686.19025
G0 F15000 X115.882 Y122.939
G0 X118.016 Y122.939
G0 X118.016 Y123.169
G1 F10800 X118.164 Y122.617 E686.20925
G0 F15000 X123.889 Y122.69
G1 F10800 X124.357 Y123.158 E686.23127
G1 X124.228 Y123.168
G1 X124.616 Y121.72 E686.28113
G0 F15000 X124.389 Y121.72
G0 X124.296 Y119.47
G1 F10800 X124.615 Y119.384 E686.29212
G0 F15000 X124.389 Y119.384
G0 X107.397 Y122.939
G0 X107.397 Y123.168
G1 F10800 X107.077 Y122.848 E686.30717
G0 F15000 X105.74 Y122.618
G1 F10800 X105.592 Y123.169 E686.32614
G0 F15000 X105.592 Y122.939
G0 X99.529 Y122.616
G1 F10800 X99.381 Y123.169 E686.34518
G0 F15000 X98.912 Y123.168
G1 F10800 X98.591 Y122.848 E686.36026
G0 F15000 X95.932 Y120.858
G1 F10800 X95.381 Y121.006 E686.37923
G0 F15000 X95.61 Y121.007
G0 X95.701 Y119.957
G1 F10800 X95.38 Y119.636 E686.39433
G0 F15000 X95.61 Y119.637
G0 X95.701 Y102.987
G1 F10800 X95.38 Y102.666 E686.40943
G0 F15000 X95.381 Y102.371
G1 F10800 X95.932 Y102.223 E686.42841
G0 F15000 X98.533 Y97.334
G1 F10800 X98.028 Y96.828 E686.45219
G0 F15000 X98.028 Y97.061
G0 X100.141 Y97.149
G1 F10800 X100.227 Y96.828 E686.46324
G0 F15000 X100.227 Y97.061
G0 X106.353 Y97.148
G1 F10800 X106.439 Y96.828 E686.47426
G1 X106.513 Y96.828
G1 X107.019 Y97.335 E686.49808
G0 F15000 X112.565 Y97.148
G1 F10800 X112.651 Y96.827 E686.50914
G0 F15000 X112.651 Y97.061
G0 X114.873 Y97.148
G1 F10800 X116.068 Y96.828 E686.55028
G0 F15000 X115.504 Y97.335
G1 F10800 X114.998 Y96.828 E686.57411
G0 F15000 X114.998 Y97.061
G0 X118.776 Y97.149
G1 F10800 X118.862 Y96.827 E686.58519
G0 F15000 X118.862 Y97.061
G0 X123.483 Y97.061
G0 X123.483 Y96.828
G1 F10800 X123.99 Y97.335 E686.60904
G1 X124.114 Y97.459
G1 X124.616 Y97.961 E686.63265
G0 F15000 X124.616 Y98.538
G1 F10800 X124.296 Y99.731 E686.67373
G0 F15000 X124.06 Y100.611
G1 F10800 X124.011 Y100.795 E686.68007
G1 X124.002 Y100.914
G1 X124.615 Y100.749 E686.70118
G0 F15000 X124.416 Y101.24
G1 F2700 X102.688 Y122.968 E687.31439
G0 F15000 X103.254 Y122.968
G1 F2700 X124.416 Y101.806 E687.91163
G0 F15000 X124.416 Y102.371
G1 F2700 X103.82 Y122.968 E688.49291
G0 F15000 X104.385 Y122.968
G1 F2700 X124.416 Y102.937 E689.05823
G0 F15000 X124.416 Y103.503
G1 F2700 X104.951 Y122.968 E689.60757
G0 F15000 X105.517 Y122.968
G1 F2700 X124.416 Y104.068 E690.14095
G0 F15000 X124.416 Y104.634
G1 F2700 X106.082 Y122.968 E690.65838
G0 F15000 X106.823 Y122.793
G1 F2700 X124.416 Y105.2 E691.15489
G0 F15000 X124.416 Y105.765
G1 F2700 X107.214 Y122.968 E691.64038
G0 F15000 X107.779 Y122.968
G1 F2700 X124.416 Y106.331 E692.10992
G0 F15000 X124.416 Y106.897
G1 F2700 X108.345 Y122.968 E692.56347
G0 F15000 X108.911 Y122.968
G1 F2700 X124.416 Y107.463 E693.00106
G0 F15000 X124.416 Y108.028
G1 F2700 X109.476 Y122.968 E693.4227
G0 F15000 X110.042 Y122.968
G1 F2700 X124.416 Y108.594 E693.82836
G0 F15000 X124.416 Y109.16
G1 F2700 X110.608 Y122.968 E694.21806
G0 F15000 X111.348 Y122.793
G1 F2700 X124.416 Y109.725 E694.58686
G0 F15000 X124.416 Y110.291
G1 F2700 X111.739 Y122.968 E694.94463
G0 F15000 X112.305 Y122.968
G1 F2700 X124.416 Y110.857 E695.28643
G0 F15000 X124.416 Y111.422
G1 F2700 X112.871 Y122.968 E695.61227
G0 F15000 X113.436 Y122.968
G1 F2700 X124.416 Y111.988 E695.92215
G0 F15000 X124.416 Y112.554
G1 F2700 X114.002 Y122.968 E696.21606
G0 F15000 X114.568 Y122.968
G1 F2700 X124.416 Y113.119 E696.494
G0 F15000 X124.416 Y113.685
G1 F2700 X115.308 Y122.793 E696.75105
G0 F15000 X115.699 Y122.968
G1 F2700 X124.416 Y114.251 E696.99706
G0 F15000 X124.416 Y114.816
G1 F2700 X116.265 Y122.968 E697.22712
G0 F15000 X116.83 Y122.968
G1 F2700 X124.416 Y115.382 E697.44121
G0 F15000 X124.416 Y115.948
G1 F2700 X117.396 Y122.968 E697.63933
G0 F15000 X117.962 Y122.968
G1 F2700 X124.416 Y116.514 E697.82147
G0 F15000 X124.416 Y117.079
G1 F2700 X118.527 Y122.968 E697.98767
G0 F15000 X119.093 Y122.968
G1 F2700 X124.416 Y117.645 E698.1379
G0 F15000 X124.416 Y118.211
G1 F2700 X119.659 Y122.968 E698.27215
G0 F15000 X120.224 Y122.968
G1 F2700 X124.416 Y118.776 E698.39046
G0 F15000 X124.416 Y119.342
G1 F2700 X120.79 Y122.968 E698.4928
G0 F15000 X121.356 Y122.968
G1 F2700 X124.416 Y119.908 E698.57916
G0 F15000 X124.416 Y120.473
G1 F2700 X121.921 Y122.968 E698.64957
G0 F15000 X122.487 Y122.968
G1 F2700 X124.416 Y121.039 E698.70401
G0 F15000 X124.416 Y121.605
G1 F2700 X123.053 Y122.968 E698.74248
G0 F15000 X123.793 Y122.793
G1 F2700 X124.416 Y122.17 E698.76006
G0 F15000 X124.389 Y122.17
G0 X124.106 Y100.984
G1 F2700 X102.122 Y122.968 E699.3805
G0 F15000 X101.557 Y122.968
G1 F2700 X124.314 Y100.211 E700.02275
G0 F15000 X124.416 Y99.543
G1 F2700 X100.991 Y122.968 E700.68385
G0 F15000 X100.425 Y122.968
G1 F2700 X124.416 Y98.977 E701.36093
G0 F15000 X124.416 Y98.412
G1 F2700 X99.86 Y122.968 E702.05395
G0 F15000 X99.294 Y122.968
G1 F2700 X124.359 Y97.903 E702.76134
G0 F15000 X124.416 Y97.28
G1 F2700 X98.728 Y122.968 E703.48631
G0 F15000 X98.337 Y122.794
G1 F2700 X123.794 Y97.337 E704.20476
G0 F15000 X123.51 Y97.055
G1 F2700 X97.597 Y122.968 E704.93608
G0 F15000 X97.031 Y122.968
G1 F2700 X122.972 Y97.028 E705.66818
G0 F15000 X122.406 Y97.028
G1 F2700 X96.466 Y122.968 E706.40026
G0 F15000 X95.9 Y122.968
G1 F2700 X121.84 Y97.028 E707.13235
G0 F15000 X121.274 Y97.028
G1 F2700 X95.58 Y122.722 E707.85749
G0 F15000 X95.58 Y122.156
G1 F2700 X120.709 Y97.028 E708.56667
G0 F15000 X120.143 Y97.028
G1 F2700 X95.58 Y121.591 E709.25989
G0 F15000 X95.878 Y120.727
G1 F2700 X119.577 Y97.028 E709.92873
G0 F15000 X118.934 Y97.106
G1 F2700 X95.792 Y120.248 E710.58184
G0 F15000 X95.58 Y119.893
G1 F2700 X118.446 Y97.028 E711.22716
G0 F15000 X117.88 Y97.028
G1 F2700 X95.58 Y119.328 E711.85651
G0 F15000 X95.58 Y118.762
G1 F2700 X117.315 Y97.028 E712.4699
G0 F15000 X116.749 Y97.028
G1 F2700 X95.58 Y118.196 E713.06733
G0 F15000 X95.58 Y117.631
G1 F2700 X116.183 Y97.028 E713.64879
G0 F15000 X115.309 Y97.337
G1 F2700 X95.58 Y117.065 E714.20557
G0 F15000 X95.58 Y116.499
G1 F2700 X115.025 Y97.055 E714.75433
G0 F15000 X114.381 Y97.133
G1 F2700 X95.58 Y115.934 E715.28494
G0 F15000 X95.58 Y115.368
G1 F2700 X113.607 Y97.341 E715.7937
G0 F15000 X113.355 Y97.028
G1 F2700 X95.58 Y114.802 E716.29533
G0 F15000 X95.58 Y114.237
G1 F2700 X112.727 Y97.09 E716.77926
G0 F15000 X112.224 Y97.028
G1 F2700 X95.58 Y113.671 E717.24897
G0 F15000 X95.58 Y113.105
G1 F2700 X111.658 Y97.028 E717.70272
G0 F15000 X111.092 Y97.028
G1 F2700 X95.58 Y112.54 E718.1405
G0 F15000 X95.58 Y111.974
G1 F2700 X110.526 Y97.028 E718.56231
G0 F15000 X109.961 Y97.028
G1 F2700 X95.58 Y111.408 E718.96816
G0 F15000 X95.58 Y110.843
G1 F2700 X109.395 Y97.028 E719.35805
G0 F15000 X108.829 Y97.028
G1 F2700 X95.58 Y110.277 E719.73196
G0 F15000 X95.58 Y109.711
G1 F2700 X108.264 Y97.028 E720.08992
G0 F15000 X107.698 Y97.028
G1 F2700 X95.58 Y109.145 E720.4319
G0 F15000 X95.58 Y108.58
G1 F2700 X106.823 Y97.337 E720.7492
G0 F15000 X106.518 Y97.077
G1 F2700 X95.58 Y108.014 E721.05788
G0 F15000 X95.58 Y107.448
G1 F2700 X106.001 Y97.028 E721.35197
G0 F15000 X105.435 Y97.028
G1 F2700 X95.58 Y106.883 E721.6301
G0 F15000 X95.58 Y106.317
G1 F2700 X104.87 Y97.028 E721.89227
G0 F15000 X104.304 Y97.028
G1 F2700 X95.58 Y105.751 E722.13846
G0 F15000 X95.58 Y105.186
G1 F2700 X103.738 Y97.028 E722.3687
G0 F15000 X103.173 Y97.028
G1 F2700 X95.58 Y104.62 E722.58298
G0 F15000 X95.58 Y104.054
G1 F2700 X102.607 Y97.028 E722.78128
G0 F15000 X102.041 Y97.028
G1 F2700 X95.792 Y103.277 E722.95764
G0 F15000 X95.58 Y102.924
G1 F2700 X101.475 Y97.028 E723.12402
G0 F15000 X100.91 Y97.028
G1 F2700 X95.833 Y102.104 E723.26729
G0 F15000 X95.58 Y101.792
G1 F2700 X100.311 Y97.061 E723.40081
G0 F15000 X99.778 Y97.028
G1 F2700 X95.58 Y101.226 E723.51929
G0 F15000 X95.58 Y100.66
G1 F2700 X99.213 Y97.028 E723.62181
G0 F15000 X98.337 Y97.337
G1 F2700 X95.58 Y100.095 E723.69963
G0 F15000 X95.58 Y99.529
G1 F2700 X98.054 Y97.055 E723.76945
G0 F15000 X97.516 Y97.028
G1 F2700 X95.58 Y98.963 E723.82408
G0 F15000 X95.58 Y98.397
G1 F2700 X96.95 Y97.028 E723.86273
G0 F15000 X96.384 Y97.028
G1 F2700 X95.58 Y97.832 E723.88542
G0 F15000 X95.91 Y97.832
G1 F2400 E723.08542
;MESH:NONMESH
G0 F300 Z1.4
G0 F15000 X110 Y96.561
G0 X110 Y94.139
G0 X110 Y93.639
G0 X110 Y93.946
;TIME_ELAPSED:630.034673
;LAYER:6
;TYPE:WALL-INNER
;MESH:bno085_case_lid.stl
G1 F2400 E723.88542
G1 F5400 X124.339 Y93.948 E724.36233
G1 X124.59 Y93.806 E724.37192
G1 X124.662 Y93.689 E724.37649
G1 X124.7 Y93.513 E724.38248
G1 X124.696 Y67.857 E725.2358
G1 X124.616 Y67.616 E725.24425
G1 X124.463 Y67.489 E725.25086
G1 X124.337 Y67.456 E725.2552
G1 X95.658 Y67.449 E726.20906
G1 X95.405 Y67.594 E726.21876
G1 X95.301 Y67.86 E726.22826
G1 X95.3 Y93.538 E727.08232
G1 X95.329 Y93.686 E727.08733
G1 X95.432 Y93.84 E727.09349
G1 X95.658 Y93.944 E727.10177
G1 X110 Y93.946 E727.57879
G0 F15000 X110 Y94.346
;TYPE:WALL-OUTER
G1 F5400 X124.403 Y94.348 E728.05783
G1 X124.634 Y94.272 E728.06592
G1 X124.89 Y94.082 E728.07652
G1 X125.039 Y93.84 E728.08597
G1 X125.1 Y93.555 E728.09567
G1 X125.096 Y67.819 E728.95165
G1 X125.049 Y67.576 E728.95988
G1 X124.941 Y67.376 E728.96744
G1 X124.779 Y67.211 E728.97513
G1 X124.618 Y67.115 E728.98137
G1 X124.387 Y67.056 E728.9893
G1 X95.593 Y67.049 E729.94699
G1 X95.366 Y67.124 E729.95494
G1 X95.106 Y67.318 E729.96573
G1 X94.956 Y67.557 E729.97512
G1 X94.901 Y67.818 E729.98399
G1 X94.9 Y93.576 E730.8407
G1 X94.947 Y93.82 E730.84897
G1 X95.056 Y94.025 E730.85669
G1 X95.179 Y94.154 E730.86262
G1 X95.406 Y94.293 E730.87147
G1 X95.609 Y94.344 E730.87843
G1 X110 Y94.346 E731.35708
G1 F2400 E730.55708
G0 F15000 X110.001 Y94.037
G0 X112.259 Y93.766
G0 X112.259 Y91.48
G0 X112.261 Y91.62
;TYPE:FILL
G1 F2400 E731.35708
G1 F10800 X118.113 Y69.78 E732.10911
G0 F15000 X117.449 Y69.78
G1 F10800 X122.37 Y74.702 E732.3406
G0 F15000 X122.15 Y74.702
G0 X122.15 Y77.076
G0 X122.37 Y77.076
G1 F10800 X118.473 Y91.62 E732.8414
G0 F15000 X119.429 Y91.621
G1 F10800 X122.369 Y90.833 E732.94263
G0 F15000 X122.318 Y91.62
G1 F10800 X100.478 Y69.78 E733.96992
G0 F15000 X99.478 Y69.78
G1 F10800 X97.63 Y76.677 E734.20741
G0 F15000 X97.85 Y76.677
G0 X97.85 Y75.417
G0 X97.63 Y75.417
G1 F10800 X113.833 Y91.62 E734.96955
G0 F15000 X113.833 Y91.4
G0 X106.049 Y91.4
G0 X106.049 Y91.621
G1 F10800 X111.902 Y69.78 E735.72161
G0 F15000 X111.902 Y70
G0 X108.964 Y70
G0 X108.964 Y69.78
G1 F10800 X122.37 Y83.187 E736.35221
G0 F15000 X122.15 Y83.187
G0 X122.15 Y84.621
G0 X122.369 Y84.621
G1 F10800 X97.63 Y91.25 E737.20406
G0 F15000 X97.85 Y91.25
G0 X99.838 Y91.4
G0 X99.838 Y91.621
G1 F10800 X105.69 Y69.78 E737.95612
G0 F15000 X105.69 Y70
G0 X108.21 Y70
G0 X108.21 Y69.78
G1 F10800 X97.631 Y72.615 E738.3204
G0 F15000 X97.85 Y72.615
G0 X97.85 Y78.826
G0 X97.63 Y78.826
G1 F10800 X122.37 Y72.197 E739.17228
G0 F15000 X122.15 Y72.197
G0 X122.15 Y78.409
G0 X122.369 Y78.409
G1 F10800 X97.63 Y85.038 E740.02413
G0 F15000 X97.85 Y85.038
G0 X97.85 Y83.902
G0 X97.63 Y83.902
G1 F10800 X105.348 Y91.62 E740.38716
G1 F2400 E739.58716
G0 F15000 X105.348 Y91.4
G0 X109.999 Y91.48
G0 X109.997 Y93.766
G0 X110 Y93.586
;TYPE:SKIN
G1 F2400 E740.38716
G1 F5400 X95.691 Y93.584 E740.86308
G1 X95.66 Y93.491 E740.86634
G1 X95.661 Y67.911 E741.71713
G1 X95.733 Y67.809 E741.72129
G1 X124.267 Y67.816 E742.67033
G1 X124.336 Y67.855 E742.67297
G1 X124.34 Y93.462 E743.52466
G1 X124.259 Y93.588 E743.52964
G1 X110 Y93.586 E744.0039
G1 F2400 E743.2039
G0 F15000 X109.999 Y93.846
G0 X109.998 Y91.48
G0 X110 Y91.659
G1 F2400 E744.0039
G1 F5400 X122.243 Y91.657 E744.4111
G1 X122.35 Y91.602 E744.4151
G1 X122.406 Y91.495 E744.41912
G1 X122.408 Y69.94 E745.13604
G1 X122.35 Y69.798 E745.14114
G1 X122.208 Y69.74 E745.14625
G1 X97.753 Y69.742 E745.95962
G1 X97.646 Y69.798 E745.96364
G1 X97.588 Y69.94 E745.96874
G1 X97.591 Y91.495 E746.68566
G1 X97.646 Y91.602 E746.68966
G1 X97.788 Y91.66 E746.69477
G1 X110 Y91.659 E747.10094
G1 F2400 E746.30094
G0 F15000 X110 Y91.4
G0 X97.764 Y91.486
G0 X95.481 Y91.484
G0 X95.86 Y93.032
G1 F2400 E747.10094
G1 F5400 X96.212 Y93.384 E747.1175
G0 F15000 X96.778 Y93.384
G1 F5400 X95.86 Y92.466 E747.16068
G0 F15000 X95.86 Y91.901
G1 F5400 X97.344 Y93.384 E747.23046
G0 F15000 X97.91 Y93.384
G1 F5400 X95.86 Y91.335 E747.32686
G0 F15000 X95.86 Y90.769
G1 F5400 X98.475 Y93.384 E747.44986
G0 F15000 X99.041 Y93.384
G1 F5400 X95.86 Y90.203 E747.59948
G0 F15000 X95.86 Y89.638
G1 F5400 X97.394 Y91.172 E747.67164
G0 F15000 X97.394 Y90.606
G1 F5400 X95.86 Y89.072 E747.74379
G0 F15000 X95.86 Y88.506
G1 F5400 X97.394 Y90.04 E747.81595
G0 F15000 X97.394 Y89.474
G1 F5400 X95.86 Y87.941 E747.88808
G0 F15000 X95.86 Y87.375
G1 F5400 X97.394 Y88.909 E747.96023
G0 F15000 X97.393 Y88.342
G1 F5400 X95.86 Y86.809 E748.03234
G0 F15000 X95.86 Y86.244
G1 F5400 X97.393 Y87.777 E748.10445
G0 F15000 X97.393 Y87.211
G1 F5400 X95.86 Y85.678 E748.17656
G0 F15000 X95.86 Y85.112
G1 F5400 X97.393 Y86.645 E748.24866
G0 F15000 X97.393 Y86.079
G1 F5400 X95.86 Y84.547 E748.32075
G0 F15000 X95.86 Y83.981
G1 F5400 X97.393 Y85.513 E748.39283
G0 F15000 X97.393 Y84.948
G1 F5400 X95.86 Y83.415 E748.46494
G0 F15000 X95.86 Y82.85
G1 F5400 X97.393 Y84.382 E748.53702
G0 F15000 X97.393 Y83.816
G1 F5400 X95.86 Y82.284 E748.60911
G0 F15000 X95.86 Y81.718
G1 F5400 X97.392 Y83.25 E748.68117
G0 F15000 X97.392 Y82.684
G1 F5400 X95.86 Y81.153 E748.75321
G0 F15000 X95.86 Y80.587
G1 F5400 X97.392 Y82.118 E748.82524
G0 F15000 X97.392 Y81.553
G1 F5400 X95.86 Y80.021 E748.8973
G0 F15000 X95.86 Y79.455
G1 F5400 X97.392 Y80.987 E748.96936
G0 F15000 X97.391 Y80.421
G1 F5400 X95.86 Y78.89 E749.04138
G0 F15000 X95.86 Y78.324
G1 F5400 X97.391 Y79.855 E749.11339
G0 F15000 X97.391 Y79.289
G1 F5400 X95.86 Y77.758 E749.1854
G0 F15000 X95.86 Y77.193
G1 F5400 X97.391 Y78.724 E749.25742
G0 F15000 X97.391 Y78.158
G1 F5400 X95.86 Y76.627 E749.32943
G0 F15000 X95.86 Y76.061
G1 F5400 X97.391 Y77.592 E749.40145
G0 F15000 X97.391 Y77.026
G1 F5400 X95.86 Y75.496 E749.47344
G0 F15000 X95.86 Y74.93
G1 F5400 X97.391 Y76.46 E749.54543
G0 F15000 X97.391 Y75.894
G1 F5400 X95.86 Y74.364 E749.61742
G0 F15000 X95.86 Y73.799
G1 F5400 X97.39 Y75.328 E749.68936
G0 F15000 X97.39 Y74.762
G1 F5400 X95.86 Y73.233 E749.7613
G0 F15000 X95.86 Y72.667
G1 F5400 X97.39 Y74.197 E749.83327
G0 F15000 X97.39 Y73.631
G1 F5400 X95.86 Y72.102 E749.90521
G0 F15000 X95.86 Y71.536
G1 F5400 X97.39 Y73.065 E749.97715
G0 F15000 X97.389 Y72.499
G1 F5400 X95.86 Y70.97 E750.04907
G0 F15000 X95.86 Y70.405
G1 F5400 X97.389 Y71.933 E750.12097
G0 F15000 X97.389 Y71.368
G1 F5400 X95.86 Y69.839 E750.19289
G0 F15000 X95.86 Y69.273
G1 F5400 X97.389 Y70.802 E750.26481
G0 F15000 X97.389 Y70.236
G1 F5400 X95.86 Y68.707 E750.33673
G0 F15000 X95.86 Y68.142
G1 F5400 X97.468 Y69.749 E750.41234
G0 F15000 X97.829 Y69.545
G1 F5400 X96.295 Y68.01 E750.48452
G0 F15000 X96.86 Y68.01
G1 F5400 X98.395 Y69.545 E750.55672
G0 F15000 X98.96 Y69.545
G1 F5400 X97.426 Y68.01 E750.6289
G0 F15000 X97.992 Y68.01
G1 F5400 X99.526 Y69.545 E750.70108
G0 F15000 X100.092 Y69.545
G1 F5400 X98.557 Y68.01 E750.77328
G0 F15000 X99.123 Y68.01
G1 F5400 X100.657 Y69.545 E750.84546
G0 F15000 X101.222 Y69.544
G1 F5400 X99.689 Y68.011 E750.91756
G0 F15000 X100.255 Y68.011
G1 F5400 X101.788 Y69.544 E750.98967
G0 F15000 X102.354 Y69.544
G1 F5400 X100.821 Y68.011 E751.06178
G0 F15000 X101.386 Y68.011
G1 F5400 X102.919 Y69.544 E751.13389
G0 F15000 X103.485 Y69.544
G1 F5400 X101.952 Y68.011 E751.20599
G0 F15000 X102.518 Y68.011
G1 F5400 X104.051 Y69.544 E751.2781
G0 F15000 X104.616 Y69.544
G1 F5400 X103.084 Y68.012 E751.35016
G0 F15000 X103.65 Y68.012
G1 F5400 X105.181 Y69.543 E751.42218
G0 F15000 X105.747 Y69.543
G1 F5400 X104.216 Y68.012 E751.49419
G0 F15000 X104.781 Y68.012
G1 F5400 X106.313 Y69.543 E751.56623
G0 F15000 X106.878 Y69.543
G1 F5400 X105.347 Y68.012 E751.63824
G0 F15000 X105.913 Y68.012
G1 F5400 X107.444 Y69.543 E751.71025
G0 F15000 X108.01 Y69.543
G1 F5400 X106.479 Y68.012 E751.78227
G0 F15000 X107.045 Y68.012
G1 F5400 X108.575 Y69.543 E751.85426
G0 F15000 X109.141 Y69.543
G1 F5400 X107.61 Y68.012 E751.92627
G0 F15000 X108.176 Y68.012
G1 F5400 X109.706 Y69.543 E751.99826
G0 F15000 X110.272 Y69.543
G1 F5400 X108.742 Y68.012 E752.07025
G0 F15000 X109.307 Y68.012
G1 F5400 X110.838 Y69.543 E752.14226
G0 F15000 X111.403 Y69.543
G1 F5400 X109.873 Y68.012 E752.21425
G0 F15000 X110.439 Y68.013
G1 F5400 X111.968 Y69.542 E752.28617
G0 F15000 X112.534 Y69.542
G1 F5400 X111.005 Y68.013 E752.35809
G0 F15000 X111.571 Y68.013
G1 F5400 X113.1 Y69.542 E752.43001
G0 F15000 X113.665 Y69.542
G1 F5400 X112.137 Y68.013 E752.50191
G0 F15000 X112.702 Y68.013
G1 F5400 X114.231 Y69.542 E752.57383
G0 F15000 X114.797 Y69.542
G1 F5400 X113.268 Y68.013 E752.64575
G0 F15000 X113.834 Y68.014
G1 F5400 X115.362 Y69.541 E752.7176
G0 F15000 X115.927 Y69.541
G1 F5400 X114.4 Y68.014 E752.78942
G0 F15000 X114.966 Y68.014
G1 F5400 X116.493 Y69.541 E752.86125
G0 F15000 X117.059 Y69.541
G1 F5400 X115.531 Y68.014 E752.9331
G0 F15000 X116.097 Y68.014
G1 F5400 X117.624 Y69.541 E753.00492
G0 F15000 X118.19 Y69.541
G1 F5400 X116.663 Y68.014 E753.07675
G0 F15000 X117.229 Y68.014
G1 F5400 X118.755 Y69.54 E753.14853
G0 F15000 X119.321 Y69.54
G1 F5400 X117.795 Y68.014 E753.2203
G0 F15000 X118.36 Y68.014
G1 F5400 X119.886 Y69.54 E753.29208
G0 F15000 X120.452 Y69.54
G1 F5400 X118.926 Y68.014 E753.36386
G0 F15000 X119.492 Y68.014
G1 F5400 X121.018 Y69.54 E753.43564
G0 F15000 X121.583 Y69.54
G1 F5400 X120.058 Y68.014 E753.50739
G0 F15000 X120.624 Y68.015
G1 F5400 X122.149 Y69.54 E753.57912
G0 F15000 X122.607 Y69.999
G1 F5400 X124.138 Y71.529 E753.65111
G0 F15000 X124.138 Y72.094
G1 F5400 X122.607 Y70.564 E753.7231
G0 F15000 X122.607 Y71.13
G1 F5400 X124.138 Y72.66 E753.79509
G0 F15000 X124.138 Y73.227
G1 F5400 X122.607 Y71.696 E753.86711
G0 F15000 X122.607 Y72.261
G1 F5400 X124.138 Y73.792 E753.93912
G0 F15000 X124.138 Y74.358
G1 F5400 X122.607 Y72.827 E754.01114
G0 F15000 X122.607 Y73.392
G1 F5400 X124.138 Y74.924 E754.08317
G0 F15000 X124.138 Y75.489
G1 F5400 X122.607 Y73.958 E754.15519
G0 F15000 X122.607 Y74.523
G1 F5400 X124.138 Y76.055 E754.22722
G0 F15000 X124.138 Y76.621
G1 F5400 X122.607 Y75.089 E754.29926
G0 F15000 X122.607 Y75.655
G1 F5400 X124.138 Y77.186 E754.37127
G0 F15000 X124.138 Y77.752
G1 F5400 X122.606 Y76.22 E754.44333
G0 F15000 X122.606 Y76.785
G1 F5400 X124.139 Y78.318 E754.51544
G0 F15000 X124.139 Y78.884
G1 F5400 X122.606 Y77.351 E754.58755
G0 F15000 X122.606 Y77.917
G1 F5400 X124.139 Y79.45 E754.65966
G0 F15000 X124.139 Y80.015
G1 F5400 X122.606 Y78.482 E754.73176
G0 F15000 X122.606 Y79.048
G1 F5400 X124.139 Y80.581 E754.80387
G0 F15000 X124.139 Y81.147
G1 F5400 X122.605 Y79.613 E754.87603
G0 F15000 X122.605 Y80.179
G1 F5400 X124.139 Y81.713 E754.94818
G0 F15000 X124.139 Y82.278
G1 F5400 X122.605 Y80.745 E755.02031
G0 F15000 X122.605 Y81.31
G1 F5400 X124.139 Y82.844 E755.09247
G0 F15000 X124.14 Y83.41
G1 F5400 X122.605 Y81.876 E755.16465
G0 F15000 X122.605 Y82.441
G1 F5400 X124.14 Y83.976 E755.23685
G0 F15000 X124.14 Y84.542
G1 F5400 X122.605 Y83.007 E755.30905
G0 F15000 X122.605 Y83.572
G1 F5400 X124.14 Y85.107 E755.38125
G0 F15000 X124.14 Y85.673
G1 F5400 X122.605 Y84.138 E755.45345
G0 F15000 X122.605 Y84.704
G1 F5400 X124.14 Y86.239 E755.52565
G0 F15000 X124.14 Y86.804
G1 F5400 X122.605 Y85.269 E755.59786
G0 F15000 X122.604 Y85.834
G1 F5400 X124.14 Y87.37 E755.6701
G0 F15000 X124.14 Y87.936
G1 F5400 X122.604 Y86.4 E755.74235
G0 F15000 X122.604 Y86.966
G1 F5400 X124.14 Y88.502 E755.8146
G0 F15000 X124.14 Y89.068
G1 F5400 X122.604 Y87.531 E755.88687
G0 F15000 X122.604 Y88.097
G1 F5400 X124.14 Y89.634 E755.95915
G0 F15000 X124.14 Y90.199
G1 F5400 X122.603 Y88.662 E756.03144
G0 F15000 X122.603 Y89.228
G1 F5400 X124.14 Y90.765 E756.10374
G0 F15000 X124.14 Y91.331
G1 F5400 X122.603 Y89.793 E756.17606
G0 F15000 X122.603 Y90.359
G1 F5400 X124.14 Y91.896 E756.24835
G0 F15000 X124.14 Y92.462
G1 F5400 X122.603 Y90.925 E756.32065
G0 F15000 X122.603 Y91.49
G1 F5400 X124.14 Y93.028 E756.39297
G0 F15000 X123.935 Y93.388
G1 F5400 X122.359 Y91.812 E756.4671
G0 F15000 X121.836 Y91.855
G1 F5400 X123.369 Y93.388 E756.53921
G0 F15000 X122.803 Y93.388
G1 F5400 X121.27 Y91.855 E756.61131
G0 F15000 X120.705 Y91.855
G1 F5400 X122.238 Y93.388 E756.68342
G0 F15000 X121.672 Y93.388
G1 F5400 X120.139 Y91.855 E756.75553
G0 F15000 X119.573 Y91.855
G1 F5400 X121.106 Y93.388 E756.82764
G0 F15000 X120.54 Y93.388
G1 F5400 X119.008 Y91.855 E756.89972
G0 F15000 X118.443 Y91.855
G1 F5400 X119.975 Y93.388 E756.9718
G0 F15000 X119.408 Y93.387
G1 F5400 X117.877 Y91.855 E757.04384
G0 F15000 X117.311 Y91.855
G1 F5400 X118.843 Y93.387 E757.1159
G0 F15000 X118.277 Y93.387
G1 F5400 X116.745 Y91.855 E757.18796
G0 F15000 X116.18 Y91.855
G1 F5400 X117.711 Y93.387 E757.26
G0 F15000 X117.146 Y93.387
G1 F5400 X115.615 Y91.856 E757.33201
G0 F15000 X115.049 Y91.856
G1 F5400 X116.58 Y93.387 E757.40403
G0 F15000 X116.014 Y93.387
G1 F5400 X114.483 Y91.856 E757.47604
G0 F15000 X113.918 Y91.856
G1 F5400 X115.449 Y93.387 E757.54805
G0 F15000 X114.883 Y93.387
G1 F5400 X113.352 Y91.856 E757.62007
G0 F15000 X112.787 Y91.857
G1 F5400 X114.317 Y93.386 E757.69201
G0 F15000 X113.751 Y93.386
G1 F5400 X112.221 Y91.857 E757.76395
G0 F15000 X111.656 Y91.857
G1 F5400 X113.185 Y93.386 E757.83587
G0 F15000 X112.619 Y93.386
G1 F5400 X111.09 Y91.857 E757.90779
G0 F15000 X110.524 Y91.857
G1 F5400 X112.054 Y93.386 E757.97974
G0 F15000 X111.488 Y93.386
G1 F5400 X109.959 Y91.857 E758.05166
G0 F15000 X109.394 Y91.857
G1 F5400 X110.922 Y93.386 E758.12355
G0 F15000 X110.357 Y93.386
G1 F5400 X108.828 Y91.857 E758.19547
G0 F15000 X108.262 Y91.857
G1 F5400 X109.79 Y93.385 E758.26734
G0 F15000 X109.225 Y93.385
G1 F5400 X107.697 Y91.857 E758.33922
G0 F15000 X107.131 Y91.857
G1 F5400 X108.659 Y93.385 E758.41109
G0 F15000 X108.093 Y93.385
G1 F5400 X106.566 Y91.858 E758.48291
G0 F15000 X106 Y91.858
G1 F5400 X107.528 Y93.385 E758.55476
G0 F15000 X106.962 Y93.385
G1 F5400 X105.435 Y91.858 E758.62659
G0 F15000 X104.869 Y91.858
G1 F5400 X106.396 Y93.385 E758.69841
G0 F15000 X105.831 Y93.385
G1 F5400 X104.303 Y91.858 E758.77026
G0 F15000 X103.738 Y91.859
G1 F5400 X105.264 Y93.385 E758.84204
G0 F15000 X104.698 Y93.385
G1 F5400 X103.173 Y91.859 E758.9138
G0 F15000 X102.607 Y91.859
G1 F5400 X104.133 Y93.385 E758.98557
G0 F15000 X103.567 Y93.385
G1 F5400 X102.041 Y91.859 E759.05735
G0 F15000 X101.475 Y91.859
G1 F5400 X103.001 Y93.385 E759.12913
G0 F15000 X102.436 Y93.385
G1 F5400 X100.91 Y91.859 E759.20091
G0 F15000 X100.345 Y91.86
G1 F5400 X101.87 Y93.385 E759.27264
G0 F15000 X101.304 Y93.385
G1 F5400 X99.779 Y91.86 E759.34437
G0 F15000 X99.213 Y91.86
G1 F5400 X100.739 Y93.385 E759.41613
G0 F15000 X100.172 Y93.384
G1 F5400 X98.648 Y91.86 E759.48781
G0 F15000 X98.082 Y91.86
G1 F5400 X99.607 Y93.384 E759.55952
G1 F2400 E758.75952
G0 F15000 X99.606 Y93.844
G0 X124.317 Y93.786
G0 X124.509 Y93.583
G0 X124.597 Y70.963
G0 X124.138 Y70.963
G1 F2400 E759.55952
G1 F5400 X121.19 Y68.015 E759.69818
G0 F15000 X121.755 Y68.015
G1 F5400 X124.138 Y70.397 E759.81025
G0 F15000 X124.138 Y69.832
G1 F5400 X122.321 Y68.015 E759.89571
G0 F15000 X122.887 Y68.015
G1 F5400 X124.138 Y69.266 E759.95456
G0 F15000 X124.138 Y68.7
G1 F5400 X123.452 Y68.015 E759.9868
G0 F15000 X124.018 Y68.015
G1 F5400 X124.138 Y68.135 E759.99245
G1 F2400 E759.19245
;MESH:bno085_case_body.stl
G0 F15000 X124.433 Y67.61
G0 X124.535 Y67.871
G0 X124.539 Y93.498
G0 X124.346 Y93.769
G0 X110.007 Y94.117
G0 X110.007 Y96.561
G0 X124.128 Y97.322
G0 X124.524 Y104.672
G0 X124.524 Y115.328
G0 X124.128 Y122.678
G0 X110 Y122.939
G0 X110 Y123.248
;TYPE:WALL-INNER
G1 F2400 E759.99245
G1 F5400 X124.283 Y123.248 E760.4675
G1 X124.419 Y123.221 E760.47211
G1 X124.567 Y123.133 E760.47784
G1 X124.662 Y123.002 E760.48322
G1 X124.696 Y122.839 E760.48876
G1 X124.696 Y97.158 E761.34291
G1 X124.665 Y96.997 E761.34837
G1 X124.571 Y96.869 E761.35365
G1 X124.415 Y96.775 E761.35971
G1 X124.279 Y96.748 E761.36432
G1 X95.623 Y96.748 E762.31742
G1 X95.441 Y96.858 E762.32449
G1 X95.3 Y97.105 E762.33395
G1 X95.3 Y122.888 E763.1915
G1 X95.44 Y123.137 E763.201
G1 X95.72 Y123.248 E763.21102
G1 X110 Y123.248 E763.68597
G0 F15000 X110 Y123.648
;TYPE:WALL-OUTER
G1 F5400 X124.321 Y123.648 E764.16229
G1 X124.563 Y123.601 E764.17049
G1 X124.831 Y123.441 E764.18087
G1 X125.028 Y123.204 E764.19112
G1 X125.096 Y122.879 E764.20217
G1 X125.096 Y97.12 E765.05891
G1 X125.048 Y96.871 E765.06735
G1 X124.835 Y96.562 E765.07983
G1 X124.562 Y96.397 E765.09044
G1 X124.319 Y96.348 E765.09868
G1 X95.675 Y96.348 E766.05139
G1 X95.437 Y96.394 E766.05945
G1 X95.169 Y96.556 E766.06987
G1 X94.976 Y96.811 E766.0805
G1 X94.9 Y97.041 E766.08856
G1 X94.9 Y122.952 E766.95036
G1 X94.977 Y123.183 E766.95846
G1 X95.166 Y123.44 E766.96907
G1 X95.433 Y123.598 E766.97939
G1 X95.68 Y123.648 E766.98777
G1 X110 Y123.648 E767.46406
G0 F15000 X110 Y122.939
G0 X111.038 Y122.939
G0 X111.038 Y123.168
;TYPE:FILL
G1 F10800 X113.42 Y122.53 E767.54608
G0 F15000 X113.42 Y122.75
G0 X111.829 Y122.75
G0 X111.829 Y122.53
G1 F10800 X111.658 Y123.169 E767.56808
G0 F15000 X111.658 Y122.939
G0 X115.444 Y122.75
G0 X115.444 Y122.53
G1 F10800 X116.081 Y123.168 E767.59806
G0 F15000 X116.081 Y122.939
G0 X117.87 Y122.939
G0 X117.87 Y123.169
G1 F10800 X118.041 Y122.53 E767.62006
G0 F15000 X118.041 Y122.75
G0 X123.929 Y122.75
G0 X123.929 Y122.53
G1 F10800 X124.479 Y123.08 E767.64593
G0 F15000 X124.082 Y123.169
G1 F10800 X124.616 Y121.175 E767.71459
G0 F15000 X124.389 Y121.175
G0 X124.2 Y119.7
G0 X123.98 Y119.7
G1 F10800 X124.616 Y119.53 E767.73649
G0 F15000 X124.389 Y119.53
G0 X124.128 Y122.678
G0 X107.596 Y122.939
G0 X107.596 Y123.168
G1 F10800 X106.958 Y122.53 E767.7665
G0 F15000 X106.958 Y122.75
G0 X105.618 Y122.75
G0 X105.618 Y122.53
G1 F10800 X105.447 Y123.168 E767.78847
G0 F15000 X105.447 Y122.939
G0 X99.406 Y122.75
G0 X99.406 Y122.529
G1 F10800 X99.235 Y123.169 E767.8105
G1 X99.111 Y123.168
G1 X98.473 Y122.53 E767.84051
G0 F15000 X98.473 Y122.75
G0 X95.872 Y122.678
G0 X95.8 Y120.981
G0 X96.02 Y120.981
G1 F10800 X95.38 Y121.152 E767.86254
G0 F15000 X95.61 Y121.152
G0 X95.8 Y120.077
G0 X96.02 Y120.077
G1 F10800 X95.38 Y119.437 E767.89265
G1 F2400 E767.09265
G0 F15000 X95.61 Y119.437
G0 X95.472 Y115.328
G0 X95.472 Y104.672
G0 X95.8 Y103.107
G0 X96.02 Y103.107
G1 F2400 E767.89265
G1 F10800 X95.38 Y102.467 E767.92275
G1 X95.381 Y102.517
G1 X96.02 Y102.346 E767.94475
G0 F15000 X95.8 Y102.346
G0 X95.872 Y97.322
G0 X98.868 Y97.25
G0 X98.868 Y97.47
G1 F10800 X98.227 Y96.828 E767.97493
G0 F15000 X98.227 Y97.061
G0 X99.909 Y97.25
G0 X99.909 Y97.471
G1 F10800 X100.081 Y96.827 E767.9971
G0 F15000 X100.081 Y97.061
G0 X106.121 Y97.25
G0 X106.121 Y97.47
G1 F10800 X106.293 Y96.828 E768.0192
G0 F15000 X106.712 Y96.828
G1 F10800 X107.354 Y97.47 E768.0494
G0 F15000 X107.354 Y97.25
G0 X112.333 Y97.25
G0 X112.333 Y97.47
G1 F10800 X112.505 Y96.828 E768.07151
G0 F15000 X112.505 Y97.061
G0 X114.215 Y97.25
G0 X114.215 Y97.47
G1 F10800 X116.612 Y96.828 E768.15404
G0 F15000 X116.612 Y97.061
G0 X115.839 Y97.25
G0 X115.839 Y97.47
G1 F10800 X115.198 Y96.828 E768.18421
G0 F15000 X115.198 Y97.061
G0 X118.544 Y97.25
G0 X118.544 Y97.471
G1 F10800 X118.716 Y96.827 E768.20638
G0 F15000 X118.716 Y97.061
G0 X123.683 Y97.061
G0 X123.683 Y96.828
G1 F10800 X124.616 Y97.762 E768.25029
G0 F15000 X124.615 Y97.994
G1 F10800 X123.981 Y100.363 E768.33186
G0 F15000 X123.98 Y101.065
G1 F10800 X124.615 Y100.895 E768.35372
G1 F2400 E767.55372
G0 F15000 X124.389 Y100.895
G0 X124.524 Y104.672
G0 X124.524 Y115.328
G0 X124.382 Y122.932
G0 X110 Y122.75
G0 X110 Y122.488
;TYPE:SKIN
G1 F2400 E768.35372
G1 F5400 X96.06 Y122.488 E768.81737
G1 X96.057 Y115.3 E769.05644
G1 X96.021 Y115.22 E769.05936
G1 X95.86 Y115.14 E769.06534
G1 X95.66 Y115.14 E769.07199
G1 X95.66 Y104.86 E769.41391
G1 X95.86 Y104.86 E769.42056
G1 X96.021 Y104.78 E769.42654
G1 X96.057 Y104.7 E769.42946
G1 X96.06 Y97.508 E769.66866
G1 X123.94 Y97.508 E770.59596
G1 X123.943 Y104.7 E770.83516
G1 X123.979 Y104.78 E770.83808
G1 X124.14 Y104.86 E770.84406
G1 X124.336 Y104.86 E770.85058
G1 X124.336 Y115.14 E771.19249
G1 X124.14 Y115.14 E771.19901
G1 X123.979 Y115.22 E771.20499
G1 X123.943 Y115.3 E771.20791
G1 X123.94 Y122.488 E771.44698
G1 X110 Y122.488 E771.91063
G0 F15000 X110 Y122.75
G0 X96.832 Y122.75
G0 X96.832 Y122.288
G1 F5400 X96.259 Y121.715 E771.93758
G0 F15000 X96.259 Y121.149
G1 F5400 X97.398 Y122.288 E771.99116
G0 F15000 X97.963 Y122.288
G1 F5400 X96.259 Y120.584 E772.07131
G0 F15000 X96.259 Y120.018
G1 F5400 X98.529 Y122.288 E772.17808
G0 F15000 X99.095 Y122.288
G1 F5400 X96.259 Y119.452 E772.31148
G0 F15000 X96.259 Y118.887
G1 F5400 X99.66 Y122.288 E772.47145
G0 F15000 X100.226 Y122.288
G1 F5400 X96.258 Y118.32 E772.65809
G0 F15000 X96.258 Y117.754
G1 F5400 X100.792 Y122.288 E772.87136
G0 F15000 X101.357 Y122.288
G1 F5400 X96.258 Y117.189 E773.1112
G0 F15000 X96.258 Y116.623
G1 F5400 X101.923 Y122.288 E773.37766
G0 F15000 X102.489 Y122.288
G1 F5400 X96.258 Y116.057 E773.67075
G0 F15000 X96.258 Y115.492
G1 F5400 X103.054 Y122.288 E773.99042
G0 F15000 X103.62 Y122.288
G1 F5400 X95.86 Y114.527 E774.35545
G0 F15000 X95.86 Y113.962
G1 F5400 X104.186 Y122.288 E774.74707
G0 F15000 X104.752 Y122.288
G1 F5400 X95.86 Y113.396 E775.16533
G0 F15000 X95.86 Y112.83
G1 F5400 X105.317 Y122.288 E775.61018
G0 F15000 X105.883 Y122.288
G1 F5400 X95.86 Y112.265 E776.08163
G0 F15000 X95.86 Y111.699
G1 F5400 X106.449 Y122.288 E776.5797
G0 F15000 X107.014 Y122.288
G1 F5400 X95.86 Y111.133 E777.10438
G0 F15000 X95.86 Y110.567
G1 F5400 X107.58 Y122.288 E777.65567
G0 F15000 X108.146 Y122.288
G1 F5400 X95.86 Y110.002 E778.23357
G0 F15000 X95.86 Y109.436
G1 F5400 X108.711 Y122.288 E778.83807
G0 F15000 X109.277 Y122.288
G1 F5400 X95.86 Y108.87 E779.46918
G0 F15000 X95.86 Y108.305
G1 F5400 X109.843 Y122.288 E780.1269
G0 F15000 X110.408 Y122.288
G1 F5400 X95.86 Y107.739 E780.81122
G0 F15000 X95.86 Y107.173
G1 F5400 X110.974 Y122.288 E781.52216
G0 F15000 X111.54 Y122.288
G1 F5400 X95.86 Y106.608 E782.2597
G0 F15000 X95.86 Y106.042
G1 F5400 X112.105 Y122.288 E783.02383
G0 F15000 X112.671 Y122.288
G1 F5400 X95.86 Y105.476 E783.8146
G0 F15000 X95.959 Y105.01
G1 F5400 X113.237 Y122.288 E784.6273
G0 F15000 X113.802 Y122.288
G1 F5400 X96.246 Y104.731 E785.4531
G0 F15000 X96.258 Y104.177
G1 F5400 X114.368 Y122.288 E786.30497
G0 F15000 X114.934 Y122.288
G1 F5400 X96.258 Y103.612 E787.18343
G0 F15000 X96.258 Y103.046
G1 F5400 X115.5 Y122.288 E788.08851
G0 F15000 X116.065 Y122.288
G1 F5400 X96.258 Y102.48 E789.0202
G0 F15000 X96.258 Y101.915
G1 F5400 X116.631 Y122.288 E789.97848
G0 F15000 X117.197 Y122.288
G1 F5400 X96.258 Y101.35 E790.96336
G0 F15000 X96.258 Y100.784
G1 F5400 X117.762 Y122.288 E791.97485
G0 F15000 X118.328 Y122.288
G1 F5400 X96.258 Y100.218 E793.01295
G0 F15000 X96.259 Y99.653
G1 F5400 X118.894 Y122.288 E794.07763
G0 F15000 X119.459 Y122.288
G1 F5400 X96.259 Y99.088 E795.16889
G0 F15000 X96.259 Y98.522
G1 F5400 X120.025 Y122.288 E796.28677
G0 F15000 X120.591 Y122.288
G1 F5400 X96.259 Y97.956 E797.43127
G0 F15000 X96.577 Y97.708
G1 F5400 X121.156 Y122.288 E798.58742
G0 F15000 X121.722 Y122.288
G1 F5400 X97.142 Y97.708 E799.74358
G0 F15000 X97.708 Y97.708
G1 F5400 X122.288 Y122.288 E800.89975
G0 F15000 X122.853 Y122.288
G1 F5400 X98.274 Y97.708 E802.0559
G0 F15000 X98.839 Y97.708
G1 F5400 X123.419 Y122.288 E803.21206
G0 F15000 X123.741 Y122.044
G1 F5400 X99.405 Y97.708 E804.35675
G0 F15000 X99.971 Y97.708
G1 F5400 X123.741 Y121.478 E805.47482
G0 F15000 X123.741 Y120.912
G1 F5400 X100.536 Y97.708 E806.56629
G0 F15000 X101.102 Y97.708
G1 F5400 X123.741 Y120.347 E807.63116
G0 F15000 X123.742 Y119.782
G1 F5400 X101.668 Y97.708 E808.66945
G0 F15000 X102.233 Y97.708
G1 F5400 X123.742 Y119.216 E809.68115
G0 F15000 X123.742 Y118.65
G1 F5400 X102.799 Y97.708 E810.66622
G0 F15000 X103.365 Y97.708
G1 F5400 X123.742 Y118.085 E811.62469
G0 F15000 X123.742 Y117.52
G1 F5400 X103.931 Y97.708 E812.55656
G0 F15000 X104.496 Y97.708
G1 F5400 X123.742 Y116.954 E813.46183
G0 F15000 X123.742 Y116.388
G1 F5400 X105.062 Y97.708 E814.34048
G0 F15000 X105.628 Y97.708
G1 F5400 X123.742 Y115.823 E815.19254
G0 F15000 X123.754 Y115.269
G1 F5400 X106.193 Y97.708 E816.01855
G0 F15000 X106.759 Y97.708
G1 F5400 X124.041 Y114.99 E816.83144
G0 F15000 X124.136 Y114.519
G1 F5400 X107.325 Y97.708 E817.62218
G0 F15000 X107.89 Y97.708
G1 F5400 X124.136 Y113.954 E818.38634
G0 F15000 X124.136 Y113.388
G1 F5400 X108.456 Y97.708 E819.12388
G0 F15000 X109.022 Y97.708
G1 F5400 X124.136 Y112.822 E819.8348
G0 F15000 X124.136 Y112.257
G1 F5400 X109.587 Y97.708 E820.51914
G0 F15000 X110.153 Y97.708
G1 F5400 X124.136 Y111.691 E821.17686
G0 F15000 X124.136 Y111.125
G1 F5400 X110.719 Y97.708 E821.80795
G0 F15000 X111.284 Y97.708
G1 F5400 X124.136 Y110.56 E822.41247
G0 F15000 X124.136 Y109.994
G1 F5400 X111.85 Y97.708 E822.99037
G0 F15000 X112.416 Y97.708
G1 F5400 X124.136 Y109.428 E823.54164
G0 F15000 X124.136 Y108.863
G1 F5400 X112.982 Y97.708 E824.06631
G0 F15000 X113.547 Y97.708
G1 F5400 X124.136 Y108.297 E824.56439
G0 F15000 X124.136 Y107.731
G1 F5400 X114.113 Y97.708 E825.03584
G0 F15000 X114.679 Y97.708
G1 F5400 X124.136 Y107.166 E825.48069
G0 F15000 X124.136 Y106.6
G1 F5400 X115.244 Y97.708 E825.89894
G0 F15000 X115.81 Y97.708
G1 F5400 X124.136 Y106.034 E826.29057
G0 F15000 X124.136 Y105.469
G1 F5400 X116.376 Y97.708 E826.6556
G0 F15000 X116.941 Y97.708
G1 F5400 X123.74 Y104.507 E826.9754
G0 F15000 X123.74 Y103.941
G1 F5400 X117.507 Y97.708 E827.26859
G0 F15000 X118.073 Y97.708
G1 F5400 X123.74 Y103.375 E827.53514
G0 F15000 X123.74 Y102.81
G1 F5400 X118.638 Y97.708 E827.77513
G0 F15000 X119.204 Y97.708
G1 F5400 X123.74 Y102.244 E827.98849
G0 F15000 X123.74 Y101.678
G1 F5400 X119.77 Y97.708 E828.17522
G0 F15000 X120.335 Y97.708
G1 F5400 X123.74 Y101.113 E828.33538
G0 F15000 X123.74 Y100.547
G1 F5400 X120.901 Y97.708 E828.46892
G0 F15000 X121.467 Y97.708
G1 F5400 X123.74 Y99.981 E828.57584
G0 F15000 X123.74 Y99.416
G1 F5400 X122.032 Y97.708 E828.65618
G0 F15000 X122.598 Y97.708
G1 F5400 X123.74 Y98.85 E828.70989
G0 F15000 X123.74 Y98.284
G1 F5400 X123.164 Y97.708 E828.73698
G1 F2400 E827.93698
;MESH:NONMESH
G0 F300 Z1.6
G0 F15000 X123.164 Y97.25
G0 X110 Y96.561
G0 X110.002 Y94.117
G0 X110 Y93.948
;TIME_ELAPSED:726.954486
;LAYER:7
;TYPE:WALL-INNER
;MESH:bno085_case_lid.stl
G1 F2400 E828.73698
G1 F5400 X124.286 Y93.948 E829.21214
G1 X124.521 Y93.871 E829.22036
G1 X124.641 Y93.734 E829.22642
G1 X124.696 Y93.557 E829.23259
G1 X124.699 Y67.818 E830.08867
G1 X124.637 Y67.657 E830.09441
G1 X124.467 Y67.494 E830.10224
G1 X124.282 Y67.449 E830.10857
G1 X95.714 Y67.448 E831.05875
G1 X95.58 Y67.476 E831.0633
G1 X95.384 Y67.61 E831.0712
G1 X95.3 Y67.801 E831.07814
G1 X95.301 Y93.586 E831.93575
G1 X95.396 Y93.805 E831.94369
G1 X95.658 Y93.948 E831.95362
G1 X110 Y93.948 E832.43064
G0 F15000 X110 Y94.348
;TYPE:WALL-OUTER
G1 F5400 X124.327 Y94.348 E832.90715
G1 X124.568 Y94.297 E832.91535
G1 X124.771 Y94.191 E832.92296
G1 X124.984 Y93.951 E832.93364
G1 X125.096 Y93.687 E832.94317
G1 X125.099 Y67.742 E833.80611
G1 X124.983 Y67.443 E833.81678
G1 X124.772 Y67.209 E833.82726
G1 X124.619 Y67.12 E833.83314
G1 X124.331 Y67.049 E833.84301
G1 X95.673 Y67.048 E834.79618
G1 X95.434 Y67.098 E834.8043
G1 X95.158 Y67.26 E834.81494
G1 X95.043 Y67.393 E834.82079
G1 X94.9 Y67.714 E834.83248
G1 X94.901 Y93.659 E835.69541
G1 X95.018 Y93.963 E835.70625
G1 X95.28 Y94.226 E835.71859
G1 X95.58 Y94.348 E835.72937
G1 X110 Y94.348 E836.20898
G1 F2400 E835.40898
G0 F15000 X110 Y94.039
G0 X112.114 Y93.748
G0 X112.114 Y91.48
G0 X112.114 Y91.62
;TYPE:FILL
G1 F2400 E836.20898
G1 F10800 X117.966 Y69.78 E836.961
G0 F15000 X117.65 Y69.78
G1 F10800 X122.37 Y74.501 E837.18304
G0 F15000 X122.15 Y74.501
G0 X122.15 Y76.527
G0 X122.37 Y76.527
G1 F10800 X118.326 Y91.62 E837.70274
G0 F15000 X118.326 Y91.4
G0 X119.977 Y91.4
G0 X119.977 Y91.62
G1 F10800 X122.369 Y90.98 E837.7851
G0 F15000 X122.37 Y91.471
G1 F10800 X100.679 Y69.78 E838.80538
G0 F15000 X100.679 Y70
G0 X99.331 Y70
G0 X99.331 Y69.78
G1 F10800 X97.63 Y76.129 E839.02399
G0 F15000 X97.63 Y75.216
G1 F10800 X114.034 Y91.62 E839.79559
G0 F15000 X114.034 Y91.4
G0 X105.902 Y91.4
G0 X105.902 Y91.62
G1 F10800 X111.755 Y69.78 E840.54762
G0 F15000 X111.755 Y70
G0 X109.165 Y70
G0 X109.165 Y69.78
G1 F10800 X122.37 Y82.986 E841.16877
G0 F15000 X122.15 Y82.986
G0 X122.15 Y84.768
G0 X122.369 Y84.768
G1 F10800 X97.63 Y91.397 E842.02062
G0 F15000 X97.85 Y91.397
G0 X99.691 Y91.4
G0 X99.691 Y91.621
G1 F10800 X105.543 Y69.78 E842.77268
G0 F15000 X105.543 Y70
G0 X108.758 Y70
G0 X108.758 Y69.78
G1 F10800 X97.631 Y72.762 E843.15582
G0 F15000 X97.85 Y72.762
G0 X97.85 Y78.973
G0 X97.63 Y78.973
G1 F10800 X122.37 Y72.344 E844.0077
G0 F15000 X122.15 Y72.344
G0 X122.15 Y78.556
G0 X122.369 Y78.556
G1 F10800 X97.63 Y85.185 E844.85955
G0 F15000 X97.85 Y85.185
G0 X97.85 Y83.702
G0 X97.63 Y83.702
G1 F10800 X105.548 Y91.62 E845.23199
G1 F2400 E844.43199
G0 F15000 X105.548 Y91.4
G0 X110 Y91.48
G0 X110 Y93.748
G0 X110 Y93.588
;TYPE:SKIN
G1 F2400 E845.23199
G1 F5400 X95.735 Y93.588 E845.70645
G1 X95.66 Y93.547 E845.70929
G1 X95.664 Y67.848 E846.56404
G1 X95.763 Y67.808 E846.5676
G1 X124.278 Y67.808 E847.51601
G1 X124.336 Y67.901 E847.51965
G1 X124.336 Y93.493 E848.37085
G1 X124.279 Y93.588 E848.37453
G1 X110 Y93.588 E848.84945
G1 F2400 E848.04945
G0 F15000 X110 Y93.848
G0 X110 Y91.48
G0 X110 Y91.659
G1 F2400 E848.84945
G1 F5400 X122.243 Y91.657 E849.25666
G1 X122.35 Y91.602 E849.26066
G1 X122.406 Y91.495 E849.26468
G1 X122.408 Y69.94 E849.9816
G1 X122.35 Y69.798 E849.9867
G1 X122.208 Y69.74 E849.9918
G1 X97.753 Y69.742 E850.80518
G1 X97.647 Y69.797 E850.80915
G1 X97.588 Y69.94 E850.81429
G1 X97.591 Y91.495 E851.53122
G1 X97.646 Y91.602 E851.53522
G1 X97.788 Y91.66 E851.54032
G1 X110 Y91.659 E851.94649
G1 F2400 E851.14649
G0 F15000 X110 Y91.4
G0 X122.236 Y91.486
G0 X124.516 Y91.488
G0 X123.835 Y93.388
G1 F2400 E851.94649
G1 F5400 X124.135 Y93.088 E851.9606
G0 F15000 X124.135 Y92.522
G1 F5400 X123.269 Y93.388 E852.00134
G0 F15000 X122.704 Y93.388
G1 F5400 X124.135 Y91.956 E852.06867
G0 F15000 X124.135 Y91.391
G1 F5400 X122.138 Y93.388 E852.1626
G0 F15000 X121.572 Y93.388
G1 F5400 X124.135 Y90.825 E852.28316
G0 F15000 X124.135 Y90.259
G1 F5400 X121.006 Y93.388 E852.43034
G0 F15000 X120.441 Y93.388
G1 F5400 X121.975 Y91.854 E852.50249
G0 F15000 X121.41 Y91.854
G1 F5400 X119.875 Y93.388 E852.57467
G0 F15000 X119.309 Y93.388
G1 F5400 X120.844 Y91.854 E852.64685
G0 F15000 X120.278 Y91.854
G1 F5400 X118.744 Y93.388 E852.719
G0 F15000 X118.178 Y93.388
G1 F5400 X119.712 Y91.854 E852.79116
G0 F15000 X119.146 Y91.855
G1 F5400 X117.612 Y93.388 E852.86329
G0 F15000 X117.047 Y93.388
G1 F5400 X118.58 Y91.855 E852.9354
G0 F15000 X118.015 Y91.855
G1 F5400 X116.481 Y93.388 E853.00753
G0 F15000 X115.915 Y93.388
G1 F5400 X117.449 Y91.855 E853.07966
G0 F15000 X116.883 Y91.855
G1 F5400 X115.35 Y93.388 E853.15177
G0 F15000 X114.784 Y93.388
G1 F5400 X116.317 Y91.855 E853.22387
G0 F15000 X115.751 Y91.855
G1 F5400 X114.218 Y93.388 E853.29598
G0 F15000 X113.653 Y93.388
G1 F5400 X115.186 Y91.855 E853.36809
G0 F15000 X114.62 Y91.855
G1 F5400 X113.087 Y93.388 E853.4402
G0 F15000 X112.521 Y93.388
G1 F5400 X114.053 Y91.856 E853.51226
G0 F15000 X113.488 Y91.856
G1 F5400 X111.956 Y93.388 E853.58432
G0 F15000 X111.39 Y93.388
G1 F5400 X112.922 Y91.856 E853.65638
G0 F15000 X112.356 Y91.856
G1 F5400 X110.824 Y93.388 E853.72844
G0 F15000 X110.258 Y93.388
G1 F5400 X111.791 Y91.856 E853.80052
G0 F15000 X111.224 Y91.857
G1 F5400 X109.693 Y93.388 E853.87254
G0 F15000 X109.127 Y93.388
G1 F5400 X110.659 Y91.857 E853.94457
G0 F15000 X110.093 Y91.857
G1 F5400 X108.561 Y93.388 E854.01661
G0 F15000 X107.996 Y93.388
G1 F5400 X109.527 Y91.857 E854.08863
G0 F15000 X108.962 Y91.857
G1 F5400 X107.43 Y93.388 E854.16066
G0 F15000 X106.864 Y93.388
G1 F5400 X108.395 Y91.857 E854.23268
G0 F15000 X107.83 Y91.857
G1 F5400 X106.299 Y93.388 E854.30469
G0 F15000 X105.733 Y93.388
G1 F5400 X107.264 Y91.857 E854.3767
G0 F15000 X106.698 Y91.857
G1 F5400 X105.167 Y93.388 E854.44872
G0 F15000 X104.602 Y93.388
G1 F5400 X106.132 Y91.857 E854.52071
G0 F15000 X105.566 Y91.858
G1 F5400 X104.036 Y93.388 E854.59267
G0 F15000 X103.47 Y93.388
G1 F5400 X105 Y91.858 E854.66464
G0 F15000 X104.435 Y91.858
G1 F5400 X102.905 Y93.388 E854.73661
G0 F15000 X102.339 Y93.388
G1 F5400 X103.869 Y91.858 E854.80857
G0 F15000 X103.303 Y91.858
G1 F5400 X101.773 Y93.388 E854.88054
G0 F15000 X101.207 Y93.388
G1 F5400 X102.737 Y91.859 E854.95248
G0 F15000 X102.171 Y91.859
G1 F5400 X100.642 Y93.388 E855.0244
G0 F15000 X100.076 Y93.388
G1 F5400 X101.606 Y91.859 E855.09634
G0 F15000 X101.04 Y91.859
G1 F5400 X99.51 Y93.388 E855.16829
G0 F15000 X98.945 Y93.388
G1 F5400 X100.474 Y91.86 E855.24018
G0 F15000 X99.908 Y91.86
G1 F5400 X98.379 Y93.388 E855.31208
G0 F15000 X97.813 Y93.388
G1 F5400 X99.342 Y91.86 E855.38398
G0 F15000 X98.776 Y91.86
G1 F5400 X97.248 Y93.388 E855.45585
G0 F15000 X96.682 Y93.388
G1 F5400 X98.211 Y91.86 E855.52774
G0 F15000 X97.687 Y91.818
G1 F5400 X96.116 Y93.388 E855.60162
G0 F15000 X95.862 Y93.077
G1 F5400 X97.399 Y91.54 E855.67391
G0 F15000 X97.393 Y90.981
G1 F5400 X95.862 Y92.511 E855.7459
G0 F15000 X95.862 Y91.946
G1 F5400 X97.393 Y90.415 E855.81791
G0 F15000 X97.393 Y89.849
G1 F5400 X95.862 Y91.38 E855.88993
G0 F15000 X95.862 Y90.814
G1 F5400 X97.393 Y89.284 E855.96192
G0 F15000 X97.392 Y88.719
G1 F5400 X95.862 Y90.249 E856.03388
G0 F15000 X95.862 Y89.683
G1 F5400 X97.392 Y88.153 E856.10585
G0 F15000 X97.392 Y87.587
G1 F5400 X95.862 Y89.117 E856.17782
G0 F15000 X95.862 Y88.552
G1 F5400 X97.392 Y87.022 E856.24978
G0 F15000 X97.392 Y86.456
G1 F5400 X95.862 Y87.985 E856.32173
G0 F15000 X95.862 Y87.42
G1 F5400 X97.391 Y85.891 E856.39365
G0 F15000 X97.391 Y85.325
G1 F5400 X95.862 Y86.854 E856.46557
G0 F15000 X95.862 Y86.288
G1 F5400 X97.391 Y84.759 E856.53749
G0 F15000 X97.391 Y84.194
G1 F5400 X95.862 Y85.723 E856.60941
G0 F15000 X95.862 Y85.157
G1 F5400 X97.391 Y83.628 E856.68132
G0 F15000 X97.391 Y83.063
G1 F5400 X95.862 Y84.591 E856.75322
G0 F15000 X95.862 Y84.025
G1 F5400 X97.391 Y82.497 E856.82512
G0 F15000 X97.391 Y81.932
G1 F5400 X95.862 Y83.46 E856.89701
G0 F15000 X95.863 Y82.893
G1 F5400 X97.391 Y81.366 E856.96886
G0 F15000 X97.391 Y80.8
G1 F5400 X95.863 Y82.328 E857.04073
G0 F15000 X95.863 Y81.762
G1 F5400 X97.39 Y80.235 E857.11256
G0 F15000 X97.39 Y79.67
G1 F5400 X95.863 Y81.196 E857.18436
G0 F15000 X95.863 Y80.631
G1 F5400 X97.39 Y79.104 E857.25619
G0 F15000 X97.39 Y78.538
G1 F5400 X95.863 Y80.065 E857.32801
G0 F15000 X95.863 Y79.499
G1 F5400 X97.389 Y77.973 E857.39979
G0 F15000 X97.389 Y77.408
G1 F5400 X95.863 Y78.934 E857.47157
G0 F15000 X95.863 Y78.368
G1 F5400 X97.389 Y76.842 E857.54335
G0 F15000 X97.389 Y76.276
G1 F5400 X95.864 Y77.802 E857.6151
G0 F15000 X95.864 Y77.236
G1 F5400 X97.389 Y75.711 E857.68683
G0 F15000 X97.388 Y75.146
G1 F5400 X95.864 Y76.67 E857.75852
G0 F15000 X95.864 Y76.104
G1 F5400 X97.388 Y74.58 E857.8302
G0 F15000 X97.388 Y74.014
G1 F5400 X95.864 Y75.539 E857.90191
G0 F15000 X95.864 Y74.973
G1 F5400 X97.388 Y73.449 E857.97359
G0 F15000 X97.388 Y72.883
G1 F5400 X95.864 Y74.407 E858.04528
G0 F15000 X95.864 Y73.842
G1 F5400 X97.388 Y72.318 E858.11696
G0 F15000 X97.388 Y71.752
G1 F5400 X95.864 Y73.276 E858.18865
G0 F15000 X95.865 Y72.71
G1 F5400 X97.388 Y71.187 E858.26028
G0 F15000 X97.388 Y70.621
G1 F5400 X95.865 Y72.144 E858.33192
G0 F15000 X95.865 Y71.578
G1 F5400 X97.388 Y70.055 E858.40356
G0 F15000 X97.898 Y69.545
G1 F5400 X99.435 Y68.008 E858.47585
G0 F15000 X100 Y68.008
G1 F5400 X98.463 Y69.545 E858.54815
G0 F15000 X99.029 Y69.545
G1 F5400 X100.566 Y68.008 E858.62045
G0 F15000 X101.132 Y68.008
G1 F5400 X99.595 Y69.545 E858.69274
G0 F15000 X100.16 Y69.545
G1 F5400 X101.698 Y68.008 E858.76506
G0 F15000 X102.263 Y68.008
G1 F5400 X100.726 Y69.545 E858.83736
G0 F15000 X101.292 Y69.545
G1 F5400 X102.829 Y68.008 E858.90965
G0 F15000 X103.395 Y68.008
G1 F5400 X101.858 Y69.545 E858.98195
G0 F15000 X102.424 Y69.545
G1 F5400 X103.96 Y68.008 E859.05422
G0 F15000 X104.526 Y68.008
G1 F5400 X102.989 Y69.545 E859.12652
G0 F15000 X103.555 Y69.545
G1 F5400 X105.092 Y68.008 E859.19881
G0 F15000 X105.657 Y68.008
G1 F5400 X104.121 Y69.544 E859.27106
G0 F15000 X104.687 Y69.544
G1 F5400 X106.223 Y68.008 E859.34331
G0 F15000 X106.789 Y68.008
G1 F5400 X105.253 Y69.544 E859.41556
G0 F15000 X105.819 Y69.544
G1 F5400 X107.354 Y68.008 E859.48778
G0 F15000 X107.92 Y68.008
G1 F5400 X106.384 Y69.544 E859.56003
G0 F15000 X106.951 Y69.543
G1 F5400 X108.486 Y68.008 E859.63223
G0 F15000 X109.051 Y68.008
G1 F5400 X107.516 Y69.543 E859.70444
G0 F15000 X108.082 Y69.543
G1 F5400 X109.617 Y68.008 E859.77664
G0 F15000 X110.183 Y68.008
G1 F5400 X108.648 Y69.543 E859.84884
G0 F15000 X109.213 Y69.543
G1 F5400 X110.748 Y68.008 E859.92104
G0 F15000 X111.314 Y68.008
G1 F5400 X109.779 Y69.543 E859.99324
G0 F15000 X110.345 Y69.543
G1 F5400 X111.88 Y68.008 E860.06544
G0 F15000 X112.446 Y68.008
G1 F5400 X110.911 Y69.543 E860.13765
G0 F15000 X111.477 Y69.543
G1 F5400 X113.011 Y68.008 E860.20982
G0 F15000 X113.577 Y68.008
G1 F5400 X112.042 Y69.543 E860.28203
G0 F15000 X112.608 Y69.543
G1 F5400 X114.143 Y68.008 E860.35423
G0 F15000 X114.708 Y68.008
G1 F5400 X113.175 Y69.542 E860.42636
G0 F15000 X113.74 Y69.542
G1 F5400 X115.274 Y68.008 E860.49851
G0 F15000 X115.84 Y68.008
G1 F5400 X114.306 Y69.542 E860.57067
G0 F15000 X114.872 Y69.542
G1 F5400 X116.405 Y68.008 E860.6428
G0 F15000 X116.971 Y68.008
G1 F5400 X115.437 Y69.542 E860.71495
G0 F15000 X116.003 Y69.542
G1 F5400 X117.537 Y68.008 E860.78711
G0 F15000 X118.102 Y68.008
G1 F5400 X116.569 Y69.541 E860.85922
G0 F15000 X117.135 Y69.541
G1 F5400 X118.668 Y68.008 E860.93132
G0 F15000 X119.234 Y68.008
G1 F5400 X117.701 Y69.541 E861.00343
G0 F15000 X118.266 Y69.541
G1 F5400 X119.799 Y68.008 E861.07554
G0 F15000 X120.365 Y68.008
G1 F5400 X118.832 Y69.541 E861.14765
G0 F15000 X119.399 Y69.54
G1 F5400 X120.931 Y68.008 E861.21971
G0 F15000 X121.497 Y68.008
G1 F5400 X119.964 Y69.54 E861.29179
G0 F15000 X120.53 Y69.54
G1 F5400 X122.062 Y68.008 E861.36385
G0 F15000 X122.628 Y68.008
G1 F5400 X121.096 Y69.54 E861.43591
G0 F15000 X121.661 Y69.54
G1 F5400 X123.194 Y68.008 E861.508
G0 F15000 X123.759 Y68.008
G1 F5400 X122.221 Y69.546 E861.58034
G0 F15000 X122.546 Y69.787
G1 F5400 X124.135 Y68.198 E861.65508
G0 F15000 X124.135 Y68.763
G1 F5400 X122.608 Y70.291 E861.72693
G0 F15000 X122.608 Y70.856
G1 F5400 X124.135 Y69.329 E861.79876
G0 F15000 X124.135 Y69.895
G1 F5400 X122.608 Y71.422 E861.87058
G0 F15000 X122.608 Y71.988
G1 F5400 X124.135 Y70.46 E861.94243
G0 F15000 X124.135 Y71.026
G1 F5400 X122.608 Y72.553 E862.01425
G0 F15000 X122.607 Y73.12
G1 F5400 X124.135 Y71.592 E862.08613
G0 F15000 X124.135 Y72.157
G1 F5400 X122.607 Y73.685 E862.158
G0 F15000 X122.607 Y74.251
G1 F5400 X124.135 Y72.723 E862.22987
G0 F15000 X124.135 Y73.289
G1 F5400 X122.607 Y74.817 E862.30174
G0 F15000 X122.607 Y75.383
G1 F5400 X124.135 Y73.854 E862.37364
G0 F15000 X124.135 Y74.42
G1 F5400 X122.607 Y75.948 E862.44551
G0 F15000 X122.607 Y76.515
G1 F5400 X124.135 Y74.986 E862.51741
G0 F15000 X124.135 Y75.552
G1 F5400 X122.607 Y77.08 E862.58928
G0 F15000 X122.607 Y77.646
G1 F5400 X124.135 Y76.117 E862.66118
G0 F15000 X124.135 Y76.683
G1 F5400 X122.607 Y78.212 E862.73307
G0 F15000 X122.607 Y78.777
G1 F5400 X124.135 Y77.249 E862.80495
G0 F15000 X124.135 Y77.814
G1 F5400 X122.606 Y79.344 E862.87689
G0 F15000 X122.606 Y79.909
G1 F5400 X124.135 Y78.38 E862.94881
G0 F15000 X124.135 Y78.946
G1 F5400 X122.606 Y80.475 E863.02073
G0 F15000 X122.606 Y81.041
G1 F5400 X124.135 Y79.511 E863.09267
G0 F15000 X124.135 Y80.077
G1 F5400 X122.606 Y81.606 E863.16459
G0 F15000 X122.606 Y82.172
G1 F5400 X124.135 Y80.643 E863.23651
G0 F15000 X124.135 Y81.208
G1 F5400 X122.605 Y82.739 E863.3085
G0 F15000 X122.605 Y83.304
G1 F5400 X124.135 Y81.774 E863.38047
G0 F15000 X124.135 Y82.34
G1 F5400 X122.605 Y83.87 E863.45243
G0 F15000 X122.605 Y84.436
G1 F5400 X124.135 Y82.905 E863.52442
G0 F15000 X124.135 Y83.471
G1 F5400 X122.605 Y85.001 E863.59639
G0 F15000 X122.605 Y85.568
G1 F5400 X124.135 Y84.037 E863.66838
G0 F15000 X124.135 Y84.602
G1 F5400 X122.605 Y86.133 E863.74037
G0 F15000 X122.605 Y86.699
G1 F5400 X124.135 Y85.168 E863.81236
G0 F15000 X124.135 Y85.734
G1 F5400 X122.605 Y87.265 E863.88435
G0 F15000 X122.605 Y87.83
G1 F5400 X124.135 Y86.3 E863.95632
G0 F15000 X124.135 Y86.865
G1 F5400 X122.605 Y88.396 E864.02831
G0 F15000 X122.604 Y88.963
G1 F5400 X124.135 Y87.431 E864.10034
G0 F15000 X124.135 Y87.997
G1 F5400 X122.604 Y89.528 E864.17236
G0 F15000 X122.604 Y90.094
G1 F5400 X124.135 Y88.562 E864.24439
G0 F15000 X124.135 Y89.128
G1 F5400 X122.604 Y90.66 E864.31643
G0 F15000 X122.604 Y91.225
G1 F5400 X124.135 Y89.694 E864.38844
G1 F2400 E863.58844
G0 F15000 X124.596 Y89.695
G0 X124.537 Y67.845
G0 X98.87 Y67.549
G0 X98.869 Y68.008
G1 F2400 E864.38844
G1 F5400 X95.865 Y71.013 E864.52977
G0 F15000 X95.865 Y70.447
G1 F5400 X98.303 Y68.008 E864.64447
G0 F15000 X97.738 Y68.008
G1 F5400 X95.865 Y69.881 E864.73257
G0 F15000 X95.865 Y69.316
G1 F5400 X97.172 Y68.008 E864.79407
G0 F15000 X96.606 Y68.008
G1 F5400 X95.865 Y68.75 E864.82895
G0 F15000 X95.865 Y68.184
G1 F5400 X96.041 Y68.008 E864.83722
G1 F2400 E864.03722
;MESH:bno085_case_body.stl
G0 F15000 X95.644 Y67.577
G0 X95.465 Y67.826
G0 X95.462 Y93.556
G0 X110 Y94.119
G0 X110 Y96.561
G0 X124.128 Y97.322
G0 X124.524 Y104.672
G0 X124.524 Y115.328
G0 X124.128 Y122.678
G0 X110 Y122.939
G0 X110 Y123.248
;TYPE:WALL-INNER
G1 F2400 E864.83722
G1 F5400 X124.34 Y123.248 E865.31417
G1 X124.607 Y123.094 E865.32443
G1 X124.696 Y122.92 E865.33093
G1 X124.696 Y97.073 E866.1906
G1 X124.57 Y96.858 E866.19889
G1 X124.361 Y96.748 E866.20674
G1 X95.663 Y96.748 E867.16124
G1 X95.412 Y96.886 E867.17077
G1 X95.3 Y97.155 E867.18046
G1 X95.3 Y122.888 E868.03635
G1 X95.44 Y123.137 E868.04585
G1 X95.72 Y123.248 E868.05586
G1 X110 Y123.248 E868.53082
G0 F15000 X110 Y123.648
;TYPE:WALL-OUTER
G1 F5400 X124.404 Y123.648 E869.0099
G1 X124.635 Y123.572 E869.01799
G1 X124.893 Y123.38 E869.02868
G1 X125.063 Y123.073 E869.04035
G1 X125.096 Y122.882 E869.0468
G1 X125.096 Y97.12 E869.90365
G1 X125.05 Y96.885 E869.91161
G1 X124.883 Y96.604 E869.92249
G1 X124.781 Y96.51 E869.9271
G1 X124.521 Y96.381 E869.93675
G1 X124.32 Y96.348 E869.94353
G1 X95.597 Y96.348 E870.89886
G1 X95.361 Y96.428 E870.90715
G1 X95.111 Y96.61 E870.91743
G1 X94.946 Y96.885 E870.9281
G1 X94.9 Y97.116 E870.93593
G1 X94.9 Y122.952 E871.79524
G1 X94.977 Y123.183 E871.80334
G1 X95.166 Y123.44 E871.81395
G1 X95.433 Y123.598 E871.82427
G1 X95.68 Y123.648 E871.83265
G1 X110 Y123.648 E872.30894
G0 F15000 X110 Y122.939
G0 X111.511 Y122.939
G0 X111.511 Y123.169
;TYPE:FILL
G1 F10800 X111.682 Y122.53 E872.33094
G0 F15000 X111.586 Y123.168
G1 F10800 X113.968 Y122.53 E872.41295
G0 F15000 X113.968 Y122.75
G0 X115.644 Y122.75
G0 X115.644 Y122.53
G1 F10800 X116.282 Y123.168 E872.44296
G0 F15000 X116.282 Y122.939
G0 X117.723 Y122.939
G0 X117.723 Y123.169
G1 F10800 X117.894 Y122.53 E872.46497
G0 F15000 X117.894 Y122.75
G0 X123.935 Y122.939
G0 X123.935 Y123.169
G1 F10800 X124.616 Y120.627 E872.55249
G0 F15000 X124.616 Y119.677
G1 F10800 X123.98 Y119.847 E872.57439
G0 F15000 X124.2 Y119.847
G0 X124.2 Y122.38
G0 X123.98 Y122.38
G1 F10800 X124.577 Y122.978 E872.60249
G0 F15000 X124.375 Y122.886
G0 X107.797 Y122.939
G0 X107.797 Y123.168
G1 F10800 X107.159 Y122.53 E872.6325
G0 F15000 X107.159 Y122.75
G0 X105.471 Y122.75
G0 X105.471 Y122.53
G1 F10800 X105.3 Y123.168 E872.65447
G0 F15000 X105.3 Y122.939
G0 X99.312 Y122.939
G0 X99.312 Y123.168
G1 F10800 X98.674 Y122.53 E872.68448
G0 F15000 X99.259 Y122.529
G1 F10800 X99.088 Y123.169 E872.70652
G0 F15000 X99.088 Y122.939
G0 X95.872 Y122.678
G0 X95.8 Y121.128
G0 X96.019 Y121.128
G1 F10800 X95.38 Y121.299 E872.72852
G0 F15000 X95.611 Y121.299
G0 X95.8 Y119.877
G0 X96.02 Y119.877
G1 F10800 X95.38 Y119.236 E872.75864
G1 F2400 E871.95864
G0 F15000 X95.611 Y119.236
G0 X95.472 Y115.328
G0 X95.472 Y104.672
G0 X95.8 Y102.906
G0 X96.02 Y102.906
G1 F2400 E872.75864
G1 F10800 X95.38 Y102.266 E872.78875
G0 F15000 X95.38 Y102.664
G1 F10800 X96.02 Y102.493 E872.81078
G0 F15000 X95.8 Y102.493
G0 X95.872 Y97.322
G0 X99.069 Y97.25
G0 X99.069 Y97.47
G1 F10800 X98.427 Y96.828 E872.84098
G0 F15000 X98.427 Y97.061
G0 X99.762 Y97.25
G0 X99.762 Y97.471
G1 F10800 X99.934 Y96.827 E872.86315
G0 F15000 X99.934 Y97.061
G0 X105.974 Y97.25
G0 X105.974 Y97.47
G1 F10800 X106.146 Y96.827 E872.88529
G0 F15000 X106.912 Y96.828
G1 F10800 X107.554 Y97.47 E872.91549
G0 F15000 X107.554 Y97.25
G0 X112.186 Y97.25
G0 X112.186 Y97.47
G1 F10800 X112.358 Y96.828 E872.93759
G0 F15000 X112.358 Y97.061
G0 X114.764 Y97.25
G0 X114.764 Y97.47
G1 F10800 X117.161 Y96.828 E873.02013
G0 F15000 X117.161 Y97.061
G0 X116.04 Y97.25
G0 X116.04 Y97.47
G1 F10800 X115.398 Y96.828 E873.05032
G0 F15000 X115.398 Y97.061
G0 X118.397 Y97.25
G0 X118.397 Y97.471
G1 F10800 X118.569 Y96.827 E873.07249
G0 F15000 X118.569 Y97.061
G0 X123.883 Y97.061
G0 X123.883 Y96.828
G1 F10800 X124.616 Y97.561 E873.10697
G1 X124.616 Y97.444
G1 X123.981 Y99.815 E873.18861
G0 F15000 X124.2 Y99.815
G0 X124.389 Y101.042
G0 X124.616 Y101.042
G1 F10800 X123.98 Y101.212 E873.21051
G1 F2400 E872.41051
G0 F15000 X124.2 Y101.212
G0 X124.524 Y104.672
G0 X124.524 Y115.328
G0 X124.382 Y122.932
G0 X110 Y122.75
G0 X110 Y122.488
;TYPE:SKIN
G1 F2400 E873.21051
G1 F5400 X96.06 Y122.488 E873.67415
G1 X96.057 Y115.3 E873.91323
G1 X96.021 Y115.22 E873.91615
G1 X95.86 Y115.14 E873.92212
G1 X95.66 Y115.14 E873.92878
G1 X95.66 Y104.86 E874.27069
G1 X95.86 Y104.86 E874.27734
G1 X96.021 Y104.78 E874.28332
G1 X96.057 Y104.7 E874.28624
G1 X96.06 Y97.508 E874.52545
G1 X123.94 Y97.508 E875.45274
G1 X123.943 Y104.7 E875.69195
G1 X123.979 Y104.78 E875.69486
G1 X124.14 Y104.86 E875.70084
G1 X124.336 Y104.86 E875.70736
G1 X124.336 Y115.14 E876.04928
G1 X124.14 Y115.14 E876.0558
G1 X123.979 Y115.22 E876.06178
G1 X123.943 Y115.3 E876.06469
G1 X123.94 Y122.488 E876.30377
G1 X110 Y122.488 E876.76741
G0 F15000 X110 Y122.75
G0 X123.219 Y122.75
G0 X123.219 Y122.288
G1 F5400 X123.74 Y121.767 E876.79192
G0 F15000 X123.74 Y121.202
G1 F5400 X122.653 Y122.288 E876.84303
G0 F15000 X122.088 Y122.288
G1 F5400 X123.74 Y120.636 E876.92073
G0 F15000 X123.74 Y120.07
G1 F5400 X121.522 Y122.288 E877.02506
G0 F15000 X120.956 Y122.288
G1 F5400 X123.741 Y119.504 E877.15603
G0 F15000 X123.741 Y118.938
G1 F5400 X120.391 Y122.288 E877.31361
G0 F15000 X119.825 Y122.288
G1 F5400 X123.741 Y118.373 E877.49778
G0 F15000 X123.741 Y117.807
G1 F5400 X119.259 Y122.288 E877.70858
G0 F15000 X118.694 Y122.288
G1 F5400 X123.742 Y117.24 E877.94602
G0 F15000 X123.742 Y116.675
G1 F5400 X118.128 Y122.288 E878.21006
G0 F15000 X117.562 Y122.288
G1 F5400 X123.742 Y116.109 E878.50072
G0 F15000 X123.742 Y115.543
G1 F5400 X116.996 Y122.288 E878.81801
G0 F15000 X116.431 Y122.288
G1 F5400 X124.136 Y114.583 E879.18043
G0 F15000 X124.136 Y114.017
G1 F5400 X115.865 Y122.288 E879.56947
G0 F15000 X115.299 Y122.288
G1 F5400 X124.136 Y113.452 E879.98512
G0 F15000 X124.136 Y112.886
G1 F5400 X114.734 Y122.288 E880.42736
G0 F15000 X114.168 Y122.288
G1 F5400 X124.136 Y112.32 E880.89622
G0 F15000 X124.136 Y111.755
G1 F5400 X113.602 Y122.288 E881.39169
G0 F15000 X113.037 Y122.288
G1 F5400 X124.136 Y111.189 E881.91375
G0 F15000 X124.136 Y110.623
G1 F5400 X112.471 Y122.288 E882.46243
G0 F15000 X111.905 Y122.288
G1 F5400 X124.136 Y110.058 E883.03772
G0 F15000 X124.136 Y109.492
G1 F5400 X111.34 Y122.288 E883.6396
G0 F15000 X110.774 Y122.288
G1 F5400 X124.136 Y108.926 E884.26811
G0 F15000 X124.136 Y108.361
G1 F5400 X110.208 Y122.288 E884.92322
G0 F15000 X109.643 Y122.288
G1 F5400 X124.136 Y107.795 E885.60492
G0 F15000 X124.136 Y107.229
G1 F5400 X109.077 Y122.288 E886.31325
G0 F15000 X108.511 Y122.288
G1 F5400 X124.136 Y106.664 E887.04818
G0 F15000 X124.136 Y106.098
G1 F5400 X107.946 Y122.288 E887.80971
G0 F15000 X107.38 Y122.288
G1 F5400 X124.136 Y105.532 E888.59786
G0 F15000 X124.075 Y105.027
G1 F5400 X106.814 Y122.288 E889.40977
G0 F15000 X106.248 Y122.288
G1 F5400 X123.764 Y104.773 E890.23364
G0 F15000 X123.739 Y104.232
G1 F5400 X105.683 Y122.288 E891.08294
G0 F15000 X105.117 Y122.288
G1 F5400 X123.739 Y103.666 E891.95886
G0 F15000 X123.739 Y103.1
G1 F5400 X104.551 Y122.288 E892.86141
G0 F15000 X103.986 Y122.288
G1 F5400 X123.739 Y102.535 E893.79053
G0 F15000 X123.739 Y101.969
G1 F5400 X103.42 Y122.288 E894.74627
G0 F15000 X102.854 Y122.288
G1 F5400 X123.739 Y101.403 E895.72864
G0 F15000 X123.739 Y100.838
G1 F5400 X102.289 Y122.288 E896.73758
G0 F15000 X101.723 Y122.288
G1 F5400 X123.739 Y100.272 E897.77314
G0 F15000 X123.739 Y99.706
G1 F5400 X101.157 Y122.288 E898.83533
G0 F15000 X100.592 Y122.288
G1 F5400 X123.739 Y99.141 E899.9241
G0 F15000 X123.739 Y98.575
G1 F5400 X100.026 Y122.288 E901.03948
G0 F15000 X99.46 Y122.288
G1 F5400 X123.739 Y98.009 E902.18149
G0 F15000 X123.475 Y97.708
G1 F5400 X98.895 Y122.288 E903.33766
G0 F15000 X98.329 Y122.288
G1 F5400 X122.909 Y97.708 E904.49383
G0 F15000 X122.344 Y97.708
G1 F5400 X97.763 Y122.288 E905.65002
G0 F15000 X97.197 Y122.288
G1 F5400 X121.778 Y97.708 E906.80621
G0 F15000 X121.212 Y97.708
G1 F5400 X96.632 Y122.288 E907.96238
G0 F15000 X96.26 Y122.095
G1 F5400 X120.647 Y97.708 E909.10947
G0 F15000 X120.081 Y97.708
G1 F5400 X96.26 Y121.529 E910.22994
G0 F15000 X96.26 Y120.963
G1 F5400 X119.515 Y97.708 E911.32378
G0 F15000 X118.95 Y97.708
G1 F5400 X96.26 Y120.398 E912.39105
G0 F15000 X96.26 Y119.832
G1 F5400 X118.384 Y97.708 E913.43169
G0 F15000 X117.818 Y97.708
G1 F5400 X96.26 Y119.266 E914.44571
G0 F15000 X96.259 Y118.701
G1 F5400 X117.252 Y97.708 E915.43316
G0 F15000 X116.687 Y97.708
G1 F5400 X96.259 Y118.136 E916.39403
G0 F15000 X96.259 Y117.57
G1 F5400 X116.121 Y97.708 E917.32828
G0 F15000 X115.555 Y97.708
G1 F5400 X96.259 Y117.004 E918.2359
G0 F15000 X96.259 Y116.439
G1 F5400 X114.99 Y97.708 E919.11695
G0 F15000 X114.424 Y97.708
G1 F5400 X96.259 Y115.873 E919.97138
G0 F15000 X96.259 Y115.307
G1 F5400 X113.858 Y97.708 E920.79918
G0 F15000 X113.293 Y97.708
G1 F5400 X95.993 Y115.007 E921.6129
G0 F15000 X95.86 Y114.575
G1 F5400 X112.727 Y97.708 E922.40627
G0 F15000 X112.161 Y97.708
G1 F5400 X95.86 Y114.009 E923.17302
G0 F15000 X95.86 Y113.443
G1 F5400 X111.596 Y97.708 E923.91317
G0 F15000 X111.03 Y97.708
G1 F5400 X95.86 Y112.878 E924.62672
G0 F15000 X95.86 Y112.312
G1 F5400 X110.464 Y97.708 E925.31365
G0 F15000 X109.899 Y97.708
G1 F5400 X95.86 Y111.746 E925.97397
G0 F15000 X95.86 Y111.181
G1 F5400 X109.333 Y97.708 E926.6077
G0 F15000 X108.767 Y97.708
G1 F5400 X95.86 Y110.615 E927.21481
G0 F15000 X95.86 Y110.049
G1 F5400 X108.201 Y97.708 E927.79529
G0 F15000 X107.636 Y97.708
G1 F5400 X95.86 Y109.483 E928.34917
G0 F15000 X95.86 Y108.918
G1 F5400 X107.07 Y97.708 E928.87646
G0 F15000 X106.504 Y97.708
G1 F5400 X95.86 Y108.352 E929.37712
G0 F15000 X95.86 Y107.786
G1 F5400 X105.939 Y97.708 E929.85118
G0 F15000 X105.373 Y97.708
G1 F5400 X95.86 Y107.221 E930.29864
G0 F15000 X95.86 Y106.655
G1 F5400 X104.807 Y97.708 E930.71948
G0 F15000 X104.242 Y97.708
G1 F5400 X95.86 Y106.089 E931.11372
G0 F15000 X95.86 Y105.524
G1 F5400 X103.676 Y97.708 E931.48136
G0 F15000 X103.11 Y97.708
G1 F5400 X96.258 Y104.56 E931.80366
G0 F15000 X96.258 Y103.994
G1 F5400 X102.545 Y97.708 E932.09936
G0 F15000 X101.979 Y97.708
G1 F5400 X96.258 Y103.429 E932.36846
G0 F15000 X96.258 Y102.863
G1 F5400 X101.413 Y97.708 E932.61093
G0 F15000 X100.848 Y97.708
G1 F5400 X96.259 Y102.296 E932.82676
G0 F15000 X96.259 Y101.731
G1 F5400 X100.282 Y97.708 E933.01599
G0 F15000 X99.716 Y97.708
G1 F5400 X96.259 Y101.165 E933.1786
G0 F15000 X96.259 Y100.599
G1 F5400 X99.151 Y97.708 E933.3146
G0 F15000 X98.585 Y97.708
G1 F5400 X96.26 Y100.033 E933.42397
G0 F15000 X96.26 Y99.467
G1 F5400 X98.019 Y97.708 E933.5067
G0 F15000 X97.453 Y97.708
G1 F5400 X96.26 Y98.902 E933.56284
G0 F15000 X96.26 Y98.336
G1 F5400 X96.888 Y97.708 E933.59238
G0 F15000 X96.322 Y97.708
G1 F5400 X96.26 Y97.77 E933.5953
G1 F2400 E932.7953
;MESH:NONMESH
G0 F300 Z1.8
G0 F15000 X95.8 Y97.77
G0 X95.872 Y97.322
G0 X110 Y96.561
G0 X110 Y94.119
G0 X110 Y93.948
;TIME_ELAPSED:824.242686
;LAYER:8
;TYPE:WALL-INNER
;MESH:bno085_case_lid.stl
G1 F2400 E933.5953
G1 F5400 X124.339 Y93.948 E934.07221
G1 X124.592 Y93.804 E934.0819
G1 X124.696 Y93.533 E934.09155
G1 X124.696 Y67.808 E934.94717
G1 X124.558 Y67.558 E934.95667
G1 X124.281 Y67.448 E934.96658
G1 X95.714 Y67.448 E935.91672
G1 X95.582 Y67.475 E935.9212
G1 X95.42 Y67.573 E935.9275
G1 X95.3 Y67.778 E935.9354
G1 X95.3 Y93.622 E936.79497
G1 X95.418 Y93.823 E936.80273
G1 X95.661 Y93.948 E936.81182
G1 X110 Y93.948 E937.28873
G0 F15000 X110 Y94.348
;TYPE:WALL-OUTER
G1 F5400 X124.403 Y94.348 E937.76778
G1 X124.634 Y94.272 E937.77587
G1 X124.89 Y94.081 E937.78649
G1 X125.032 Y93.858 E937.79528
G1 X125.096 Y93.577 E937.80487
G1 X125.096 Y67.744 E938.66408
G1 X125.019 Y67.509 E938.6723
G1 X124.836 Y67.261 E938.68255
G1 X124.608 Y67.115 E938.69156
G1 X124.328 Y67.048 E938.70113
G1 X95.673 Y67.048 E939.6542
G1 X95.434 Y67.097 E939.66232
G1 X95.159 Y67.263 E939.673
G1 X95.041 Y67.399 E939.67899
G1 X94.937 Y67.618 E939.68705
G1 X94.9 Y67.822 E939.69395
G1 X94.9 Y93.572 E940.5504
G1 X94.946 Y93.808 E940.5584
G1 X95.108 Y94.085 E940.56907
G1 X95.28 Y94.229 E940.57653
G1 X95.586 Y94.348 E940.58745
G1 X110 Y94.348 E941.06686
G1 F2400 E940.26686
G0 F15000 X110 Y94.039
G0 X111.968 Y93.748
G0 X111.968 Y91.48
G0 X111.968 Y91.62
;TYPE:FILL
G1 F2400 E941.06686
G1 F10800 X117.82 Y69.78 E941.81889
G1 X117.849 Y69.78
G1 X122.37 Y74.301 E942.03154
G0 F15000 X122.15 Y74.301
G0 X122.15 Y75.983
G0 X122.37 Y75.983
G1 F10800 X118.18 Y91.62 E942.56998
G0 F15000 X118.18 Y91.4
G0 X120.523 Y91.4
G0 X120.523 Y91.62
G1 F10800 X122.37 Y91.125 E942.63358
G1 X122.37 Y91.272
G1 X100.879 Y69.78 E943.64447
G0 F15000 X100.879 Y70
G0 X99.185 Y70
G0 X99.185 Y69.78
G1 F10800 X97.63 Y75.584 E943.84432
G0 F15000 X97.63 Y75.017
G1 F10800 X114.233 Y91.62 E944.62528
G0 F15000 X114.233 Y91.4
G0 X105.756 Y91.4
G0 X105.756 Y91.621
G1 F10800 X111.609 Y69.78 E945.37734
G0 F15000 X111.609 Y70
G0 X109.364 Y70
G0 X109.364 Y69.78
G1 F10800 X122.37 Y82.787 E945.98913
G0 F15000 X122.15 Y82.787
G0 X122.15 Y84.914
G0 X122.369 Y84.914
G1 F10800 X97.631 Y91.543 E946.84095
G0 F15000 X97.82 Y91.43
G0 X99.545 Y91.4
G0 X99.545 Y91.621
G1 F10800 X105.397 Y69.779 E947.59304
G0 F15000 X105.397 Y70
G0 X109.303 Y70
G0 X109.303 Y69.78
G1 F10800 X97.631 Y72.908 E947.99495
G0 F15000 X97.85 Y72.908
G0 X97.85 Y79.119
G0 X97.63 Y79.119
G1 F10800 X122.37 Y72.49 E948.84683
G0 F15000 X122.15 Y72.49
G0 X122.15 Y78.702
G0 X122.369 Y78.702
G1 F10800 X97.63 Y85.331 E949.69868
G0 F15000 X97.85 Y85.331
G0 X97.85 Y83.502
G0 X97.63 Y83.502
G1 F10800 X105.748 Y91.62 E950.08053
G1 F2400 E949.28053
G0 F15000 X105.748 Y91.4
G0 X110 Y91.48
G0 X110 Y93.748
G0 X110 Y93.587
;TYPE:SKIN
G1 F2400 E950.08053
G1 F5400 X95.728 Y93.588 E950.55521
G1 X95.66 Y93.521 E950.55839
G1 X95.66 Y67.902 E951.41048
G1 X95.723 Y67.808 E951.41424
G1 X124.229 Y67.808 E952.36236
G1 X124.336 Y67.88 E952.36665
G1 X124.336 Y93.48 E953.21811
G1 X124.259 Y93.587 E953.22249
G1 X110 Y93.587 E953.69675
G1 F2400 E952.89675
G0 F15000 X110 Y93.848
G0 X110 Y91.48
G0 X110 Y91.659
G1 F2400 E953.69675
G1 F5400 X122.243 Y91.657 E954.10395
G1 X122.35 Y91.602 E954.10795
G1 X122.406 Y91.495 E954.11197
G1 X122.408 Y69.94 E954.82889
G1 X122.35 Y69.798 E954.83399
G1 X122.208 Y69.74 E954.8391
G1 X97.753 Y69.742 E955.65247
G1 X97.646 Y69.798 E955.65649
G1 X97.588 Y69.94 E955.66159
G1 X97.591 Y91.495 E956.37851
G1 X97.646 Y91.602 E956.38251
G1 X97.788 Y91.66 E956.38762
G1 X110 Y91.659 E956.79379
G1 F2400 E955.99379
G0 F15000 X110 Y91.4
G0 X97.764 Y91.486
G0 X97.764 Y93.748
G0 X96.216 Y93.388
G1 F2400 E956.79379
G1 F5400 X95.86 Y93.032 E956.81053
G0 F15000 X95.86 Y92.466
G1 F5400 X96.782 Y93.388 E956.8539
G0 F15000 X97.347 Y93.388
G1 F5400 X95.86 Y91.901 E956.92385
G0 F15000 X95.86 Y91.335
G1 F5400 X97.913 Y93.388 E957.02041
G0 F15000 X98.479 Y93.388
G1 F5400 X95.86 Y90.769 E957.1436
G0 F15000 X95.86 Y90.203
G1 F5400 X99.044 Y93.388 E957.29339
G0 F15000 X99.61 Y93.388
G1 F5400 X98.083 Y91.86 E957.36524
G0 F15000 X98.648 Y91.86
G1 F5400 X100.176 Y93.388 E957.43711
G0 F15000 X100.742 Y93.388
G1 F5400 X99.214 Y91.86 E957.50899
G0 F15000 X99.78 Y91.86
G1 F5400 X101.307 Y93.388 E957.58083
G0 F15000 X101.873 Y93.388
G1 F5400 X100.346 Y91.86 E957.65268
G0 F15000 X100.911 Y91.86
G1 F5400 X102.439 Y93.388 E957.72456
G0 F15000 X103.004 Y93.388
G1 F5400 X101.476 Y91.86 E957.79643
G0 F15000 X102.042 Y91.86
G1 F5400 X103.57 Y93.388 E957.8683
G0 F15000 X104.136 Y93.388
G1 F5400 X102.608 Y91.86 E957.94017
G0 F15000 X103.173 Y91.86
G1 F5400 X104.701 Y93.388 E958.01205
G0 F15000 X105.267 Y93.388
G1 F5400 X103.738 Y91.859 E958.08396
G0 F15000 X104.304 Y91.859
G1 F5400 X105.833 Y93.388 E958.15588
G0 F15000 X106.398 Y93.388
G1 F5400 X104.87 Y91.859 E958.22778
G0 F15000 X105.435 Y91.859
G1 F5400 X106.964 Y93.388 E958.2997
G0 F15000 X107.53 Y93.388
G1 F5400 X106 Y91.858 E958.37167
G0 F15000 X106.566 Y91.858
G1 F5400 X108.095 Y93.388 E958.44361
G0 F15000 X108.661 Y93.388
G1 F5400 X107.132 Y91.858 E958.51555
G0 F15000 X107.697 Y91.858
G1 F5400 X109.227 Y93.388 E958.58752
G0 F15000 X109.792 Y93.388
G1 F5400 X108.263 Y91.858 E958.65946
G0 F15000 X108.828 Y91.857
G1 F5400 X110.358 Y93.388 E958.73145
G0 F15000 X110.924 Y93.388
G1 F5400 X109.394 Y91.857 E958.80344
G0 F15000 X109.959 Y91.857
G1 F5400 X111.49 Y93.388 E958.87546
G0 F15000 X112.055 Y93.388
G1 F5400 X110.525 Y91.857 E958.94745
G0 F15000 X111.091 Y91.857
G1 F5400 X112.621 Y93.388 E959.01944
G0 F15000 X113.187 Y93.388
G1 F5400 X111.656 Y91.857 E959.09145
G0 F15000 X112.221 Y91.857
G1 F5400 X113.752 Y93.388 E959.16346
G0 F15000 X114.318 Y93.388
G1 F5400 X112.787 Y91.857 E959.23548
G0 F15000 X113.353 Y91.857
G1 F5400 X114.884 Y93.388 E959.30749
G0 F15000 X115.449 Y93.388
G1 F5400 X113.918 Y91.857 E959.3795
G0 F15000 X114.483 Y91.856
G1 F5400 X116.015 Y93.388 E959.45156
G0 F15000 X116.581 Y93.388
G1 F5400 X115.049 Y91.856 E959.52362
G0 F15000 X115.615 Y91.856
G1 F5400 X117.146 Y93.388 E959.59566
G0 F15000 X117.712 Y93.388
G1 F5400 X116.18 Y91.856 E959.66772
G0 F15000 X116.746 Y91.856
G1 F5400 X118.278 Y93.388 E959.73978
G0 F15000 X118.843 Y93.388
G1 F5400 X117.311 Y91.855 E959.81187
G0 F15000 X117.877 Y91.855
G1 F5400 X119.409 Y93.388 E959.88395
G0 F15000 X119.975 Y93.388
G1 F5400 X118.443 Y91.855 E959.95603
G0 F15000 X119.008 Y91.855
G1 F5400 X120.54 Y93.388 E960.02812
G0 F15000 X121.106 Y93.388
G1 F5400 X119.573 Y91.855 E960.10023
G0 F15000 X120.139 Y91.855
G1 F5400 X121.672 Y93.388 E960.17233
G0 F15000 X122.238 Y93.388
G1 F5400 X120.705 Y91.855 E960.24444
G0 F15000 X121.27 Y91.855
G1 F5400 X122.803 Y93.388 E960.31655
G0 F15000 X123.369 Y93.388
G1 F5400 X121.836 Y91.855 E960.38866
G0 F15000 X122.358 Y91.811
G1 F5400 X123.935 Y93.388 E960.46283
G0 F15000 X124.136 Y93.023
G1 F5400 X122.603 Y91.49 E960.53494
G0 F15000 X122.603 Y90.925
G1 F5400 X124.136 Y92.458 E960.60705
G0 F15000 X124.136 Y91.892
G1 F5400 X122.603 Y90.359 E960.67916
G0 F15000 X122.603 Y89.793
G1 F5400 X124.136 Y91.326 E960.75126
G0 F15000 X124.136 Y90.761
G1 F5400 X122.603 Y89.228 E960.82337
G0 F15000 X122.603 Y88.662
G1 F5400 X124.136 Y90.195 E960.89548
G0 F15000 X124.136 Y89.629
G1 F5400 X122.604 Y88.097 E960.96754
G0 F15000 X122.604 Y87.531
G1 F5400 X124.136 Y89.064 E961.03962
G0 F15000 X124.136 Y88.498
G1 F5400 X122.604 Y86.966 E961.11169
G0 F15000 X122.604 Y86.4
G1 F5400 X124.136 Y87.932 E961.18375
G0 F15000 X124.136 Y87.367
G1 F5400 X122.604 Y85.834 E961.25583
G0 F15000 X122.605 Y85.269
G1 F5400 X124.136 Y86.801 E961.32787
G0 F15000 X124.136 Y86.235
G1 F5400 X122.605 Y84.704 E961.39988
G0 F15000 X122.605 Y84.138
G1 F5400 X124.136 Y85.67 E961.47192
G0 F15000 X124.136 Y85.104
G1 F5400 X122.605 Y83.572 E961.54395
G0 F15000 X122.605 Y83.007
G1 F5400 X124.136 Y84.538 E961.61597
G0 F15000 X124.136 Y83.972
G1 F5400 X122.605 Y82.441 E961.68798
G0 F15000 X122.605 Y81.876
G1 F5400 X124.136 Y83.407 E961.76
G0 F15000 X124.136 Y82.841
G1 F5400 X122.605 Y81.31 E961.83201
G0 F15000 X122.605 Y80.745
G1 F5400 X124.136 Y82.275 E961.904
G0 F15000 X124.136 Y81.71
G1 F5400 X122.605 Y80.179 E961.97601
G0 F15000 X122.605 Y79.613
G1 F5400 X124.136 Y81.144 E962.04803
G0 F15000 X124.136 Y80.578
G1 F5400 X122.606 Y79.048 E962.11999
G0 F15000 X122.606 Y78.482
G1 F5400 X124.136 Y80.013 E962.19198
G0 F15000 X124.136 Y79.447
G1 F5400 X122.606 Y77.917 E962.26395
G0 F15000 X122.606 Y77.351
G1 F5400 X124.136 Y78.881 E962.33592
G0 F15000 X124.136 Y78.316
G1 F5400 X122.606 Y76.785 E962.40791
G0 F15000 X122.606 Y76.22
G1 F5400 X124.136 Y77.75 E962.47987
G0 F15000 X124.136 Y77.184
G1 F5400 X122.607 Y75.655 E962.55179
G0 F15000 X122.607 Y75.089
G1 F5400 X124.136 Y76.619 E962.62373
G0 F15000 X124.136 Y76.053
G1 F5400 X122.607 Y74.523 E962.69568
G0 F15000 X122.607 Y73.958
G1 F5400 X124.136 Y75.487 E962.7676
G0 F15000 X124.136 Y74.921
G1 F5400 X122.607 Y73.392 E962.83952
G0 F15000 X122.607 Y72.827
G1 F5400 X124.136 Y74.356 E962.91144
G0 F15000 X124.136 Y73.79
G1 F5400 X122.607 Y72.261 E962.98336
G0 F15000 X122.607 Y71.696
G1 F5400 X124.136 Y73.224 E963.05525
G0 F15000 X124.136 Y72.659
G1 F5400 X122.607 Y71.13 E963.12717
G0 F15000 X122.607 Y70.564
G1 F5400 X124.136 Y72.093 E963.19909
G0 F15000 X124.136 Y71.527
G1 F5400 X122.607 Y69.999 E963.27099
G0 F15000 X122.148 Y69.54
G1 F5400 X120.617 Y68.008 E963.34302
G0 F15000 X120.051 Y68.008
G1 F5400 X121.583 Y69.54 E963.41508
G0 F15000 X121.017 Y69.54
G1 F5400 X119.485 Y68.008 E963.48714
G0 F15000 X118.92 Y68.008
G1 F5400 X120.451 Y69.54 E963.55918
G0 F15000 X119.886 Y69.54
G1 F5400 X118.354 Y68.008 E963.63124
G0 F15000 X117.788 Y68.008
G1 F5400 X119.32 Y69.54 E963.7033
G0 F15000 X118.755 Y69.54
G1 F5400 X117.223 Y68.008 E963.77536
G0 F15000 X116.657 Y68.008
G1 F5400 X118.189 Y69.54 E963.84742
G0 F15000 X117.624 Y69.54
G1 F5400 X116.091 Y68.008 E963.91951
G0 F15000 X115.526 Y68.008
G1 F5400 X117.058 Y69.54 E963.99157
G0 F15000 X116.492 Y69.54
G1 F5400 X114.96 Y68.008 E964.06363
G0 F15000 X114.394 Y68.008
G1 F5400 X115.927 Y69.541 E964.13574
G0 F15000 X115.362 Y69.541
G1 F5400 X113.829 Y68.008 E964.20784
G0 F15000 X113.263 Y68.008
G1 F5400 X114.796 Y69.541 E964.27995
G0 F15000 X114.23 Y69.541
G1 F5400 X112.697 Y68.008 E964.35206
G0 F15000 X112.132 Y68.008
G1 F5400 X113.665 Y69.541 E964.42417
G0 F15000 X113.099 Y69.541
G1 F5400 X111.566 Y68.008 E964.49628
G0 F15000 X111 Y68.008
G1 F5400 X112.534 Y69.542 E964.56843
G0 F15000 X111.968 Y69.542
G1 F5400 X110.435 Y68.008 E964.64056
G0 F15000 X109.869 Y68.008
G1 F5400 X111.403 Y69.542 E964.71272
G0 F15000 X110.837 Y69.542
G1 F5400 X109.303 Y68.008 E964.78487
G0 F15000 X108.737 Y68.008
G1 F5400 X110.271 Y69.542 E964.85702
G0 F15000 X109.706 Y69.543
G1 F5400 X108.172 Y68.008 E964.9292
G0 F15000 X107.606 Y68.008
G1 F5400 X109.141 Y69.543 E965.0014
G0 F15000 X108.575 Y69.543
G1 F5400 X107.04 Y68.008 E965.07361
G0 F15000 X106.475 Y68.008
G1 F5400 X108.009 Y69.543 E965.14578
G0 F15000 X107.443 Y69.543
G1 F5400 X105.909 Y68.008 E965.21796
G0 F15000 X105.343 Y68.008
G1 F5400 X106.878 Y69.543 E965.29016
G0 F15000 X106.313 Y69.543
G1 F5400 X104.778 Y68.008 E965.36237
G0 F15000 X104.212 Y68.008
G1 F5400 X105.747 Y69.543 E965.43457
G0 F15000 X105.181 Y69.543
G1 F5400 X103.646 Y68.008 E965.50677
G0 F15000 X103.081 Y68.008
G1 F5400 X104.616 Y69.543 E965.57897
G0 F15000 X104.05 Y69.543
G1 F5400 X102.515 Y68.008 E965.65117
G0 F15000 X101.949 Y68.008
G1 F5400 X103.485 Y69.544 E965.72342
G0 F15000 X102.919 Y69.544
G1 F5400 X101.384 Y68.008 E965.79565
G0 F15000 X100.818 Y68.008
G1 F5400 X102.354 Y69.544 E965.8679
G0 F15000 X101.788 Y69.544
G1 F5400 X100.252 Y68.008 E965.94014
G0 F15000 X99.686 Y68.008
G1 F5400 X101.222 Y69.544 E966.01239
G0 F15000 X100.657 Y69.545
G1 F5400 X99.121 Y68.008 E966.08467
G0 F15000 X98.555 Y68.008
G1 F5400 X100.092 Y69.545 E966.15696
G0 F15000 X99.526 Y69.545
G1 F5400 X97.989 Y68.008 E966.22926
G0 F15000 X97.424 Y68.008
G1 F5400 X98.96 Y69.545 E966.30153
G0 F15000 X98.395 Y69.545
G1 F5400 X96.858 Y68.008 E966.37382
G0 F15000 X96.292 Y68.008
G1 F5400 X97.829 Y69.545 E966.44612
G0 F15000 X97.468 Y69.749
G1 F5400 X95.86 Y68.141 E966.52176
G0 F15000 X95.86 Y68.707
G1 F5400 X97.389 Y70.236 E966.59368
G0 F15000 X97.389 Y70.802
G1 F5400 X95.86 Y69.272 E966.66562
G0 F15000 X95.86 Y69.838
G1 F5400 X97.389 Y71.368 E966.73756
G0 F15000 X97.389 Y71.933
G1 F5400 X95.86 Y70.404 E966.80948
G0 F15000 X95.86 Y70.969
G1 F5400 X97.389 Y72.499 E966.88142
G0 F15000 X97.39 Y73.065
G1 F5400 X95.86 Y71.535 E966.95339
G0 F15000 X95.86 Y72.101
G1 F5400 X97.39 Y73.631 E967.02536
G0 F15000 X97.39 Y74.197
G1 F5400 X95.86 Y72.667 E967.09732
G0 F15000 X95.86 Y73.232
G1 F5400 X97.39 Y74.762 E967.16929
G0 F15000 X97.39 Y75.328
G1 F5400 X95.86 Y73.798 E967.24126
G0 F15000 X95.86 Y74.364
G1 F5400 X97.39 Y75.894 E967.31322
G0 F15000 X97.391 Y76.46
G1 F5400 X95.86 Y74.929 E967.38524
G0 F15000 X95.86 Y75.495
G1 F5400 X97.391 Y77.026 E967.45725
G0 F15000 X97.391 Y77.592
G1 F5400 X95.86 Y76.061 E967.52926
G0 F15000 X95.86 Y76.626
G1 F5400 X97.391 Y78.157 E967.60128
G0 F15000 X97.391 Y78.723
G1 F5400 X95.86 Y77.192 E967.67329
G0 F15000 X95.86 Y77.758
G1 F5400 X97.391 Y79.289 E967.7453
G0 F15000 X97.391 Y79.855
G1 F5400 X95.86 Y78.323 E967.81734
G0 F15000 X95.86 Y78.889
G1 F5400 X97.391 Y80.421 E967.88938
G0 F15000 X97.391 Y80.986
G1 F5400 X95.86 Y79.455 E967.96139
G0 F15000 X95.86 Y80.02
G1 F5400 X97.391 Y81.552 E968.03343
G0 F15000 X97.391 Y82.118
G1 F5400 X95.86 Y80.586 E968.10547
G0 F15000 X95.86 Y81.153
G1 F5400 X97.392 Y82.684 E968.1775
G0 F15000 X97.392 Y83.25
G1 F5400 X95.86 Y81.718 E968.24956
G0 F15000 X95.86 Y82.284
G1 F5400 X97.392 Y83.815 E968.3216
G0 F15000 X97.392 Y84.381
G1 F5400 X95.86 Y82.85 E968.39364
G0 F15000 X95.86 Y83.415
G1 F5400 X97.392 Y84.947 E968.4657
G0 F15000 X97.393 Y85.513
G1 F5400 X95.86 Y83.981 E968.53778
G0 F15000 X95.86 Y84.547
G1 F5400 X97.393 Y86.079 E968.60987
G0 F15000 X97.393 Y86.645
G1 F5400 X95.86 Y85.112 E968.68197
G0 F15000 X95.86 Y85.678
G1 F5400 X97.393 Y87.21 E968.75406
G0 F15000 X97.393 Y87.776
G1 F5400 X95.86 Y86.244 E968.82614
G0 F15000 X95.86 Y86.809
G1 F5400 X97.393 Y88.342 E968.89825
G0 F15000 X97.393 Y88.908
G1 F5400 X95.86 Y87.375 E968.97036
G0 F15000 X95.86 Y87.941
G1 F5400 X97.393 Y89.474 E969.04247
G0 F15000 X97.393 Y90.039
G1 F5400 X95.86 Y88.506 E969.11457
G0 F15000 X95.86 Y89.072
G1 F5400 X97.393 Y90.605 E969.18668
G0 F15000 X97.393 Y91.171
G1 F5400 X95.86 Y89.638 E969.25879
G1 F2400 E968.45879
G0 F15000 X95.4 Y89.638
G0 X95.461 Y67.87
G0 X95.642 Y67.629
G0 X121.183 Y67.548
G0 X121.183 Y68.008
G1 F2400 E969.25879
G1 F5400 X124.136 Y70.962 E969.39771
G0 F15000 X124.136 Y70.396
G1 F5400 X121.748 Y68.008 E969.51004
G0 F15000 X122.314 Y68.008
G1 F5400 X124.136 Y69.83 E969.59574
G0 F15000 X124.136 Y69.265
G1 F5400 X122.88 Y68.008 E969.65484
G0 F15000 X123.445 Y68.008
G1 F5400 X124.136 Y68.699 E969.68734
G0 F15000 X124.136 Y68.133
G1 F5400 X124.011 Y68.008 E969.69322
G1 F2400 E968.89322
;MESH:bno085_case_body.stl
G0 F15000 X124.369 Y67.583
G0 X124.534 Y67.829
G0 X124.535 Y93.516
G0 X124.347 Y93.768
G0 X110 Y94.119
G0 X110 Y96.561
G0 X124.128 Y97.322
G0 X124.524 Y104.672
G0 X124.524 Y115.328
G0 X124.128 Y122.678
G0 X110 Y122.939
G0 X110 Y123.248
;TYPE:WALL-INNER
G1 F2400 E969.69322
G1 F5400 X124.337 Y123.248 E970.17007
G1 X124.505 Y123.193 E970.17595
G1 X124.65 Y123.025 E970.18333
G1 X124.696 Y122.831 E970.18996
G1 X124.696 Y97.171 E971.04342
G1 X124.652 Y96.986 E971.04974
G1 X124.558 Y96.858 E971.05503
G1 X124.323 Y96.748 E971.06366
G1 X95.717 Y96.748 E972.0151
G1 X95.558 Y96.78 E972.02049
G1 X95.423 Y96.869 E972.02587
G1 X95.335 Y97.007 E972.03131
G1 X95.3 Y97.16 E972.03653
G1 X95.301 Y122.839 E972.89062
G1 X95.329 Y122.984 E972.89553
G1 X95.415 Y123.123 E972.90097
G1 X95.557 Y123.211 E972.90652
G1 X95.721 Y123.248 E972.91212
G1 X110 Y123.248 E973.38704
G0 F15000 X110 Y123.648
;TYPE:WALL-OUTER
G1 F5400 X124.4 Y123.648 E973.86598
G1 X124.72 Y123.544 E973.87717
G1 X124.942 Y123.322 E973.88762
G1 X125.027 Y123.171 E973.89338
G1 X125.096 Y122.877 E973.90342
G1 X125.096 Y97.124 E974.75997
G1 X125.022 Y96.814 E974.77057
G1 X124.834 Y96.558 E974.78114
G1 X124.587 Y96.406 E974.79078
G1 X124.377 Y96.348 E974.79803
G1 X95.677 Y96.348 E975.75259
G1 X95.426 Y96.399 E975.76111
G1 X95.117 Y96.605 E975.77346
G1 X94.96 Y96.851 E975.78317
G1 X94.9 Y97.115 E975.79218
G1 X94.901 Y122.877 E976.64902
G1 X94.947 Y123.12 E976.65725
G1 X95.155 Y123.433 E976.66975
G1 X95.405 Y123.587 E976.67951
G1 X95.678 Y123.648 E976.68882
G1 X110 Y123.648 E977.16517
G0 F15000 X110 Y122.939
G0 X111.365 Y122.939
G0 X111.365 Y123.168
;TYPE:FILL
G1 F10800 X111.536 Y122.53 E977.18714
G0 F15000 X112.131 Y123.168
G1 F10800 X114.513 Y122.53 E977.26916
G0 F15000 X114.513 Y122.75
G0 X115.844 Y122.75
G0 X115.844 Y122.53
G1 F10800 X116.482 Y123.168 E977.29917
G0 F15000 X116.482 Y122.939
G0 X117.577 Y122.939
G0 X117.577 Y123.169
G1 F10800 X117.748 Y122.53 E977.32117
G0 F15000 X117.748 Y122.75
G0 X123.789 Y122.939
G0 X123.789 Y123.169
G1 F10800 X123.96 Y122.53 E977.34317
G1 X123.98 Y122.453
G1 X124.616 Y120.082 E977.42482
G0 F15000 X124.616 Y119.823
G1 F10800 X123.98 Y119.993 E977.44671
G0 F15000 X124.2 Y119.993
G0 X124.2 Y122.181
G0 X123.98 Y122.181
G1 F10800 X124.616 Y122.817 E977.47663
G0 F15000 X124.39 Y122.803
G0 X107.996 Y122.939
G0 X107.996 Y123.168
G1 F10800 X107.359 Y122.53 E977.50661
G0 F15000 X107.359 Y122.75
G0 X105.325 Y122.75
G0 X105.325 Y122.529
G1 F10800 X105.154 Y123.169 E977.52865
G0 F15000 X105.154 Y122.939
G0 X99.511 Y122.939
G0 X99.511 Y123.168
G1 F10800 X98.873 Y122.53 E977.55866
G0 F15000 X99.113 Y122.529
G1 F10800 X98.942 Y123.169 E977.58069
G0 F15000 X98.942 Y122.939
G0 X95.872 Y122.678
G0 X95.8 Y121.274
G0 X96.02 Y121.274
G1 F10800 X95.381 Y121.445 E977.60269
G0 F15000 X95.611 Y121.445
G0 X95.8 Y119.677
G0 X96.02 Y119.677
G1 F10800 X95.38 Y119.037 E977.6328
G0 F15000 X95.611 Y119.037
G0 X95.581 Y115.37
G0 X95.382 Y115.233
G1 F10800 X95.62 Y115.169 E977.64099
G1 F2400 E976.84099
G0 F15000 X95.62 Y115.4
G0 X95.381 Y113.277
G1 F2400 E977.64099
G1 F10800 X95.621 Y112.381 E977.67184
G1 F2400 E976.87184
G0 F15000 X95.4 Y112.381
G0 X95.4 Y110.793
G0 X95.621 Y110.793
G1 F2400 E977.67184
G1 F10800 X95.38 Y110.552 E977.68318
G1 F2400 E976.88318
G0 F15000 X95.381 Y109.021
G1 F2400 E977.68318
G1 F10800 X95.619 Y108.958 E977.69137
G1 F2400 E976.89137
G0 F15000 X95.4 Y108.958
G0 X95.465 Y105.101
G0 X95.611 Y102.81
G0 X95.381 Y102.81
G1 F2400 E977.69137
G1 F10800 X96.02 Y102.639 E977.71337
G1 X96.02 Y102.707
G1 X95.38 Y102.067 E977.74347
G0 F15000 X95.611 Y102.067
G0 X95.872 Y97.322
G0 X99.269 Y97.25
G0 X99.269 Y97.47
G1 F10800 X98.627 Y96.828 E977.77367
G0 F15000 X98.627 Y97.061
G0 X99.788 Y97.061
G0 X99.788 Y96.827
G1 F10800 X99.616 Y97.471 E977.79584
G0 F15000 X99.616 Y97.25
G0 X105.828 Y97.25
G0 X105.828 Y97.47
G1 F10800 X106 Y96.827 E977.81798
G0 F15000 X106 Y97.061
G0 X107.113 Y97.061
G0 X107.113 Y96.828
G1 F10800 X107.754 Y97.47 E977.84815
G0 F15000 X107.754 Y97.25
G0 X112.04 Y97.25
G0 X112.04 Y97.47
G1 F10800 X112.212 Y96.828 E977.87026
G0 F15000 X112.212 Y97.061
G0 X115.308 Y97.25
G0 X115.308 Y97.47
G1 F10800 X117.708 Y96.827 E977.9529
G0 F15000 X118.423 Y96.828
G1 F10800 X118.251 Y97.47 E977.97501
G0 F15000 X118.251 Y97.25
G0 X116.239 Y97.25
G0 X116.239 Y97.47
G1 F10800 X115.598 Y96.828 E978.00518
G0 F15000 X115.598 Y97.061
G0 X124.083 Y97.061
G0 X124.083 Y96.828
G1 F10800 X124.616 Y97.362 E978.03027
G0 F15000 X124.572 Y97.063
G1 F10800 X123.981 Y99.27 E978.10626
G0 F15000 X124.2 Y99.27
G0 X124.389 Y101.188
G0 X124.616 Y101.188
G1 F10800 X123.98 Y101.358 E978.12816
G1 F2400 E977.32816
G0 F15000 X124.2 Y101.358
G0 X124.524 Y104.672
G0 X124.524 Y115.328
G0 X124.382 Y122.932
G0 X110 Y122.75
G0 X110 Y122.488
;TYPE:SKIN
G1 F2400 E978.12816
G1 F5400 X96.06 Y122.488 E978.59181
G1 X96.057 Y115.3 E978.83088
G1 X96.021 Y115.22 E978.8338
G1 X95.86 Y115.14 E978.83978
G1 X95.66 Y115.14 E978.84643
G1 X95.66 Y104.86 E979.18834
G1 X95.86 Y104.86 E979.195
G1 X96.021 Y104.78 E979.20098
G1 X96.057 Y104.7 E979.20389
G1 X96.06 Y97.508 E979.4431
G1 X123.94 Y97.508 E980.37039
G1 X123.943 Y104.7 E980.6096
G1 X123.979 Y104.78 E980.61252
G1 X124.14 Y104.86 E980.6185
G1 X124.336 Y104.86 E980.62502
G1 X124.336 Y115.14 E980.96693
G1 X124.14 Y115.14 E980.97345
G1 X123.979 Y115.22 E980.97943
G1 X123.943 Y115.3 E980.98235
G1 X123.94 Y122.488 E981.22142
G1 X110 Y122.488 E981.68507
G0 F15000 X110 Y122.75
G0 X96.832 Y122.75
G0 X96.832 Y122.288
G1 F5400 X96.259 Y121.715 E981.71202
G0 F15000 X96.259 Y121.149
G1 F5400 X97.398 Y122.288 E981.76559
G0 F15000 X97.963 Y122.288
G1 F5400 X96.259 Y120.584 E981.84575
G0 F15000 X96.259 Y120.018
G1 F5400 X98.529 Y122.288 E981.95252
G0 F15000 X99.095 Y122.288
G1 F5400 X96.259 Y119.452 E982.08592
G0 F15000 X96.259 Y118.887
G1 F5400 X99.66 Y122.288 E982.24589
G0 F15000 X100.226 Y122.288
G1 F5400 X96.258 Y118.32 E982.43253
G0 F15000 X96.258 Y117.754
G1 F5400 X100.792 Y122.288 E982.6458
G0 F15000 X101.357 Y122.288
G1 F5400 X96.258 Y117.189 E982.88564
G0 F15000 X96.258 Y116.623
G1 F5400 X101.923 Y122.288 E983.1521
G0 F15000 X102.489 Y122.288
G1 F5400 X96.258 Y116.057 E983.44519
G0 F15000 X96.258 Y115.492
G1 F5400 X103.054 Y122.288 E983.76485
G0 F15000 X103.62 Y122.288
G1 F5400 X95.86 Y114.527 E984.12988
G0 F15000 X95.86 Y113.962
G1 F5400 X104.186 Y122.288 E984.52151
G0 F15000 X104.752 Y122.288
G1 F5400 X95.86 Y113.396 E984.93976
G0 F15000 X95.86 Y112.83
G1 F5400 X105.317 Y122.288 E985.38462
G0 F15000 X105.883 Y122.288
G1 F5400 X95.86 Y112.265 E985.85607
G0 F15000 X95.86 Y111.699
G1 F5400 X106.449 Y122.288 E986.35414
G0 F15000 X107.014 Y122.288
G1 F5400 X95.86 Y111.133 E986.87882
G0 F15000 X95.86 Y110.567
G1 F5400 X107.58 Y122.288 E987.43011
G0 F15000 X108.146 Y122.288
G1 F5400 X95.86 Y110.002 E988.00801
G0 F15000 X95.86 Y109.436
G1 F5400 X108.711 Y122.288 E988.6125
G0 F15000 X109.277 Y122.288
G1 F5400 X95.86 Y108.87 E989.24362
G0 F15000 X95.86 Y108.305
G1 F5400 X109.843 Y122.288 E989.90134
G0 F15000 X110.408 Y122.288
G1 F5400 X95.86 Y107.739 E990.58565
G0 F15000 X95.86 Y107.173
G1 F5400 X110.974 Y122.288 E991.29659
G0 F15000 X111.54 Y122.288
G1 F5400 X95.86 Y106.608 E992.03413
G0 F15000 X95.86 Y106.042
G1 F5400 X112.105 Y122.288 E992.79827
G0 F15000 X112.671 Y122.288
G1 F5400 X95.86 Y105.476 E993.58903
G0 F15000 X95.959 Y105.01
G1 F5400 X113.237 Y122.288 E994.40174
G0 F15000 X113.802 Y122.288
G1 F5400 X96.246 Y104.731 E995.22754
G0 F15000 X96.258 Y104.177
G1 F5400 X114.368 Y122.288 E996.0794
G0 F15000 X114.934 Y122.288
G1 F5400 X96.258 Y103.612 E996.95787
G0 F15000 X96.258 Y103.046
G1 F5400 X115.5 Y122.288 E997.86295
G0 F15000 X116.065 Y122.288
G1 F5400 X96.258 Y102.48 E998.79463
G0 F15000 X96.258 Y101.915
G1 F5400 X116.631 Y122.288 E999.75292
G0 F15000 X117.197 Y122.288
G1 F5400 X96.258 Y101.35 E1000.7378
G0 F15000 X96.258 Y100.784
G1 F5400 X117.762 Y122.288 E1001.74928
G0 F15000 X118.328 Y122.288
G1 F5400 X96.258 Y100.218 E1002.78739
G0 F15000 X96.259 Y99.653
G1 F5400 X118.894 Y122.288 E1003.85207
G0 F15000 X119.459 Y122.288
G1 F5400 X96.259 Y99.088 E1004.94333
G0 F15000 X96.259 Y98.522
G1 F5400 X120.025 Y122.288 E1006.06121
G0 F15000 X120.591 Y122.288
G1 F5400 X96.259 Y97.956 E1007.20571
G0 F15000 X96.577 Y97.708
G1 F5400 X121.156 Y122.288 E1008.36185
G0 F15000 X121.722 Y122.288
G1 F5400 X97.142 Y97.708 E1009.51802
G0 F15000 X97.708 Y97.708
G1 F5400 X122.288 Y122.288 E1010.67419
G0 F15000 X122.853 Y122.288
G1 F5400 X98.274 Y97.708 E1011.83033
G0 F15000 X98.839 Y97.708
G1 F5400 X123.419 Y122.288 E1012.9865
G0 F15000 X123.741 Y122.044
G1 F5400 X99.405 Y97.708 E1014.13119
G0 F15000 X99.971 Y97.708
G1 F5400 X123.741 Y121.478 E1015.24926
G0 F15000 X123.741 Y120.912
G1 F5400 X100.536 Y97.708 E1016.34073
G0 F15000 X101.102 Y97.708
G1 F5400 X123.741 Y120.347 E1017.4056
G0 F15000 X123.742 Y119.782
G1 F5400 X101.668 Y97.708 E1018.44389
G0 F15000 X102.233 Y97.708
G1 F5400 X123.742 Y119.216 E1019.45558
G0 F15000 X123.742 Y118.65
G1 F5400 X102.799 Y97.708 E1020.44066
G0 F15000 X103.365 Y97.708
G1 F5400 X123.742 Y118.085 E1021.39913
G0 F15000 X123.742 Y117.52
G1 F5400 X103.931 Y97.708 E1022.331
G0 F15000 X104.496 Y97.708
G1 F5400 X123.742 Y116.954 E1023.23627
G0 F15000 X123.742 Y116.388
G1 F5400 X105.062 Y97.708 E1024.11492
G0 F15000 X105.628 Y97.708
G1 F5400 X123.742 Y115.823 E1024.96697
G0 F15000 X123.754 Y115.269
G1 F5400 X106.193 Y97.708 E1025.79299
G0 F15000 X106.759 Y97.708
G1 F5400 X124.041 Y114.99 E1026.60588
G0 F15000 X124.136 Y114.519
G1 F5400 X107.325 Y97.708 E1027.39662
G0 F15000 X107.89 Y97.708
G1 F5400 X124.136 Y113.954 E1028.16078
G0 F15000 X124.136 Y113.388
G1 F5400 X108.456 Y97.708 E1028.89832
G0 F15000 X109.022 Y97.708
G1 F5400 X124.136 Y112.822 E1029.60924
G0 F15000 X124.136 Y112.257
G1 F5400 X109.587 Y97.708 E1030.29358
G0 F15000 X110.153 Y97.708
G1 F5400 X124.136 Y111.691 E1030.95129
G0 F15000 X124.136 Y111.125
G1 F5400 X110.719 Y97.708 E1031.58239
G0 F15000 X111.284 Y97.708
G1 F5400 X124.136 Y110.56 E1032.18691
G0 F15000 X124.136 Y109.994
G1 F5400 X111.85 Y97.708 E1032.7648
G0 F15000 X112.416 Y97.708
G1 F5400 X124.136 Y109.428 E1033.31608
G0 F15000 X124.136 Y108.863
G1 F5400 X112.982 Y97.708 E1033.84075
G0 F15000 X113.547 Y97.708
G1 F5400 X124.136 Y108.297 E1034.33882
G0 F15000 X124.136 Y107.731
G1 F5400 X114.113 Y97.708 E1034.81027
G0 F15000 X114.679 Y97.708
G1 F5400 X124.136 Y107.166 E1035.25513
G0 F15000 X124.136 Y106.6
G1 F5400 X115.244 Y97.708 E1035.67338
G0 F15000 X115.81 Y97.708
G1 F5400 X124.136 Y106.034 E1036.06501
G0 F15000 X124.136 Y105.469
G1 F5400 X116.376 Y97.708 E1036.43004
G0 F15000 X116.941 Y97.708
G1 F5400 X123.74 Y104.507 E1036.74984
G0 F15000 X123.74 Y103.941
G1 F5400 X117.507 Y97.708 E1037.04302
G0 F15000 X118.073 Y97.708
G1 F5400 X123.74 Y103.375 E1037.30958
G0 F15000 X123.74 Y102.81
G1 F5400 X118.638 Y97.708 E1037.54956
G0 F15000 X119.204 Y97.708
G1 F5400 X123.74 Y102.244 E1037.76292
G0 F15000 X123.74 Y101.678
G1 F5400 X119.77 Y97.708 E1037.94966
G0 F15000 X120.335 Y97.708
G1 F5400 X123.74 Y101.113 E1038.10982
G0 F15000 X123.74 Y100.547
G1 F5400 X120.901 Y97.708 E1038.24336
G0 F15000 X121.467 Y97.708
G1 F5400 X123.74 Y99.981 E1038.35027
G0 F15000 X123.74 Y99.416
G1 F5400 X122.032 Y97.708 E1038.43061
G0 F15000 X122.598 Y97.708
G1 F5400 X123.74 Y98.85 E1038.48433
G0 F15000 X123.74 Y98.284
G1 F5400 X123.164 Y97.708 E1038.51142
G1 F2400 E1037.71142
;MESH:NONMESH
G0 F300 Z2
G0 F15000 X123.164 Y97.25
G0 X110 Y96.561
G0 X110 Y94.119
G0 X110 Y93.948
;TIME_ELAPSED:922.247402
;LAYER:9
;TYPE:WALL-INNER
;MESH:bno085_case_lid.stl
G1 F2400 E1038.51142
G1 F5400 X124.272 Y93.948 E1038.98611
G1 X124.462 Y93.899 E1038.99264
G1 X124.592 Y93.804 E1038.99799
G1 X124.696 Y93.532 E1039.00768
G1 X124.696 Y67.861 E1039.8615
G1 X124.635 Y67.642 E1039.86906
G1 X124.461 Y67.489 E1039.87677
G1 X124.284 Y67.448 E1039.88281
G1 X95.703 Y67.448 E1040.83342
G1 X95.516 Y67.501 E1040.83988
G1 X95.381 Y67.623 E1040.84593
G1 X95.3 Y67.857 E1040.85417
G1 X95.3 Y93.535 E1041.70822
G1 X95.365 Y93.756 E1041.71589
G1 X95.481 Y93.879 E1041.72151
G1 X95.657 Y93.948 E1041.7278
G1 X110 Y93.948 E1042.20485
G0 F15000 X110 Y94.348
;TYPE:WALL-OUTER
G1 F5400 X124.322 Y94.348 E1042.6812
G1 X124.636 Y94.267 E1042.69198
G1 X124.89 Y94.081 E1042.70245
G1 X125.032 Y93.854 E1042.71136
G1 X125.096 Y93.577 E1042.72082
G1 X125.096 Y67.823 E1043.5774
G1 X125.048 Y67.577 E1043.58573
G1 X124.966 Y67.409 E1043.59195
G1 X124.767 Y67.204 E1043.60145
G1 X124.609 Y67.113 E1043.60752
G1 X124.329 Y67.048 E1043.61708
G1 X95.667 Y67.048 E1044.57038
G1 X95.295 Y67.162 E1044.58332
G1 X95.058 Y67.376 E1044.59394
G1 X94.936 Y67.616 E1044.6029
G1 X94.9 Y67.822 E1044.60985
G1 X94.9 Y93.573 E1045.46633
G1 X94.948 Y93.818 E1045.47464
G1 X95.034 Y93.988 E1045.48097
G1 X95.271 Y94.241 E1045.4925
G1 X95.593 Y94.348 E1045.50379
G1 X110 Y94.348 E1045.98297
G1 F2400 E1045.18297
G0 F15000 X110 Y94.039
G0 X111.821 Y93.748
G0 X111.821 Y91.48
G0 X111.821 Y91.62
;TYPE:FILL
G1 F2400 E1045.98297
G1 F10800 X117.673 Y69.78 E1046.73499
G0 F15000 X118.05 Y69.78
G1 F10800 X122.37 Y74.101 E1046.93822
G0 F15000 X122.15 Y74.101
G0 X122.15 Y75.434
G0 X122.37 Y75.434
G1 F10800 X118.033 Y91.62 E1047.49556
G0 F15000 X118.033 Y91.4
G0 X121.071 Y91.4
G0 X121.071 Y91.621
G1 F10800 X122.37 Y91.272 E1047.54029
G0 F15000 X122.37 Y91.071
G1 F10800 X101.08 Y69.78 E1048.54173
G0 F15000 X101.08 Y70
G0 X99.038 Y70
G0 X99.038 Y69.78
G1 F10800 X97.63 Y75.035 E1048.72268
G0 F15000 X97.63 Y74.816
G1 F10800 X114.434 Y91.62 E1049.51309
G0 F15000 X114.434 Y91.4
G0 X105.949 Y91.4
G0 X105.949 Y91.62
G1 F10800 X97.63 Y83.301 E1049.90439
G0 F15000 X97.85 Y83.301
G0 X97.85 Y85.478
G0 X97.63 Y85.478
G1 F10800 X122.369 Y78.849 E1050.75624
G0 F15000 X122.15 Y78.849
G0 X122.15 Y82.586
G0 X122.37 Y82.586
G1 F10800 X109.565 Y69.78 E1051.35857
G0 F15000 X109.852 Y69.78
G1 F10800 X97.631 Y73.055 E1051.77939
G0 F15000 X97.85 Y73.055
G0 X97.85 Y79.266
G0 X97.63 Y79.266
G1 F10800 X122.37 Y72.637 E1052.63127
G0 F15000 X122.15 Y72.637
G0 X111.462 Y70
G0 X111.462 Y69.78
G1 F10800 X105.609 Y91.621 E1053.38333
G0 F15000 X105.609 Y91.4
G0 X99.398 Y91.4
G0 X99.398 Y91.621
G1 F10800 X105.25 Y69.779 E1054.13543
G0 F15000 X105.25 Y70
G0 X122.15 Y85.061
G0 X122.369 Y85.061
G1 F10800 X97.889 Y91.62 E1054.97835
G1 F2400 E1054.17835
G0 F15000 X97.889 Y91.4
G0 X110 Y91.48
G0 X110 Y93.748
G0 X110 Y93.588
;TYPE:SKIN
G1 F2400 E1054.97835
G1 F5400 X95.735 Y93.588 E1055.45281
G1 X95.661 Y93.536 E1055.45582
G1 X95.66 Y67.9 E1056.30847
G1 X95.712 Y67.808 E1056.31199
G1 X124.245 Y67.808 E1057.261
G1 X124.336 Y67.849 E1057.26432
G1 X124.336 Y93.525 E1058.11831
G1 X124.269 Y93.588 E1058.12136
G1 X110 Y93.588 E1058.59595
G1 F2400 E1057.79595
G0 F15000 X110 Y93.848
G0 X110 Y91.48
G0 X110 Y91.659
G1 F2400 E1058.59595
G1 F5400 X122.243 Y91.657 E1059.00316
G1 X122.35 Y91.602 E1059.00716
G1 X122.406 Y91.495 E1059.01118
G1 X122.408 Y69.94 E1059.7281
G1 X122.35 Y69.798 E1059.7332
G1 X122.208 Y69.74 E1059.7383
G1 X97.753 Y69.742 E1060.55168
G1 X97.646 Y69.798 E1060.55569
G1 X97.588 Y69.94 E1060.5608
G1 X97.591 Y91.495 E1061.27772
G1 X97.646 Y91.602 E1061.28172
G1 X97.788 Y91.66 E1061.28682
G1 X110 Y91.659 E1061.69299
G1 F2400 E1060.89299
G0 F15000 X110 Y91.4
G0 X122.236 Y91.486
G0 X124.496 Y91.486
G0 X124.135 Y93.088
G1 F2400 E1061.69299
G1 F5400 X123.835 Y93.388 E1061.70711
G0 F15000 X123.269 Y93.388
G1 F5400 X124.135 Y92.522 E1061.74784
G0 F15000 X124.135 Y91.956
G1 F5400 X122.704 Y93.388 E1061.81517
G0 F15000 X122.138 Y93.388
G1 F5400 X124.135 Y91.391 E1061.90911
G0 F15000 X124.135 Y90.825
G1 F5400 X121.572 Y93.388 E1062.02966
G0 F15000 X121.006 Y93.388
G1 F5400 X124.135 Y90.259 E1062.17684
G0 F15000 X124.135 Y89.694
G1 F5400 X122.604 Y91.225 E1062.24885
G0 F15000 X122.604 Y90.66
G1 F5400 X124.135 Y89.128 E1062.32089
G0 F15000 X124.135 Y88.562
G1 F5400 X122.604 Y90.094 E1062.39293
G0 F15000 X122.604 Y89.528
G1 F5400 X124.135 Y87.997 E1062.46494
G0 F15000 X124.135 Y87.431
G1 F5400 X122.604 Y88.963 E1062.53698
G0 F15000 X122.605 Y88.396
G1 F5400 X124.135 Y86.865 E1062.60897
G0 F15000 X124.135 Y86.3
G1 F5400 X122.605 Y87.83 E1062.68093
G0 F15000 X122.605 Y87.265
G1 F5400 X124.135 Y85.734 E1062.75292
G0 F15000 X124.135 Y85.168
G1 F5400 X122.605 Y86.699 E1062.82491
G0 F15000 X122.605 Y86.133
G1 F5400 X124.135 Y84.602 E1062.89691
G0 F15000 X124.135 Y84.037
G1 F5400 X122.605 Y85.568 E1062.9689
G0 F15000 X122.605 Y85.001
G1 F5400 X124.135 Y83.471 E1063.04086
G0 F15000 X124.135 Y82.905
G1 F5400 X122.605 Y84.436 E1063.11285
G0 F15000 X122.605 Y83.87
G1 F5400 X124.135 Y82.34 E1063.18482
G0 F15000 X124.135 Y81.774
G1 F5400 X122.605 Y83.304 E1063.25678
G0 F15000 X122.605 Y82.739
G1 F5400 X124.135 Y81.208 E1063.32877
G0 F15000 X124.135 Y80.643
G1 F5400 X122.606 Y82.172 E1063.40069
G0 F15000 X122.606 Y81.606
G1 F5400 X124.135 Y80.077 E1063.47261
G0 F15000 X124.135 Y79.511
G1 F5400 X122.606 Y81.041 E1063.54456
G0 F15000 X122.606 Y80.475
G1 F5400 X124.135 Y78.946 E1063.61648
G0 F15000 X124.135 Y78.38
G1 F5400 X122.606 Y79.909 E1063.6884
G0 F15000 X122.606 Y79.344
G1 F5400 X124.135 Y77.814 E1063.76034
G0 F15000 X124.135 Y77.249
G1 F5400 X122.607 Y78.777 E1063.83221
G0 F15000 X122.607 Y78.212
G1 F5400 X124.135 Y76.683 E1063.90411
G0 F15000 X124.135 Y76.117
G1 F5400 X122.607 Y77.646 E1063.976
G0 F15000 X122.607 Y77.08
G1 F5400 X124.135 Y75.552 E1064.04788
G0 F15000 X124.135 Y74.986
G1 F5400 X122.607 Y76.515 E1064.11977
G0 F15000 X122.607 Y75.948
G1 F5400 X124.135 Y74.42 E1064.19164
G0 F15000 X124.135 Y73.854
G1 F5400 X122.607 Y75.383 E1064.26354
G0 F15000 X122.607 Y74.817
G1 F5400 X124.135 Y73.289 E1064.33541
G0 F15000 X124.135 Y72.723
G1 F5400 X122.607 Y74.251 E1064.40728
G0 F15000 X122.607 Y73.685
G1 F5400 X124.135 Y72.157 E1064.47916
G0 F15000 X124.135 Y71.592
G1 F5400 X122.607 Y73.12 E1064.55103
G0 F15000 X122.608 Y72.553
G1 F5400 X124.135 Y71.026 E1064.62285
G0 F15000 X124.135 Y70.46
G1 F5400 X122.608 Y71.988 E1064.6947
G0 F15000 X122.608 Y71.422
G1 F5400 X124.135 Y69.895 E1064.76653
G0 F15000 X124.135 Y69.329
G1 F5400 X122.608 Y70.856 E1064.83835
G0 F15000 X122.608 Y70.291
G1 F5400 X124.135 Y68.763 E1064.9102
G0 F15000 X124.135 Y68.198
G1 F5400 X122.546 Y69.787 E1064.98495
G0 F15000 X122.221 Y69.546
G1 F5400 X123.759 Y68.008 E1065.05729
G0 F15000 X123.194 Y68.008
G1 F5400 X121.661 Y69.54 E1065.12937
G0 F15000 X121.096 Y69.54
G1 F5400 X122.628 Y68.008 E1065.20143
G0 F15000 X122.062 Y68.008
G1 F5400 X120.53 Y69.54 E1065.27349
G0 F15000 X119.964 Y69.54
G1 F5400 X121.497 Y68.008 E1065.34558
G0 F15000 X120.931 Y68.008
G1 F5400 X119.399 Y69.54 E1065.41764
G0 F15000 X118.832 Y69.541
G1 F5400 X120.365 Y68.008 E1065.48975
G0 F15000 X119.799 Y68.008
G1 F5400 X118.266 Y69.541 E1065.56185
G0 F15000 X117.701 Y69.541
G1 F5400 X119.234 Y68.008 E1065.63396
G0 F15000 X118.668 Y68.008
G1 F5400 X117.135 Y69.541 E1065.70607
G0 F15000 X116.569 Y69.541
G1 F5400 X118.102 Y68.008 E1065.77818
G0 F15000 X117.537 Y68.008
G1 F5400 X116.003 Y69.542 E1065.85033
G0 F15000 X115.437 Y69.542
G1 F5400 X116.971 Y68.008 E1065.92249
G0 F15000 X116.405 Y68.008
G1 F5400 X114.872 Y69.542 E1065.99462
G0 F15000 X114.306 Y69.542
G1 F5400 X115.84 Y68.008 E1066.06677
G0 F15000 X115.274 Y68.008
G1 F5400 X113.74 Y69.542 E1066.13893
G0 F15000 X113.175 Y69.542
G1 F5400 X114.708 Y68.008 E1066.21106
G0 F15000 X114.143 Y68.008
G1 F5400 X112.608 Y69.543 E1066.28326
G0 F15000 X112.042 Y69.543
G1 F5400 X113.577 Y68.008 E1066.35546
G0 F15000 X113.011 Y68.008
G1 F5400 X111.477 Y69.543 E1066.42764
G0 F15000 X110.911 Y69.543
G1 F5400 X112.446 Y68.008 E1066.49984
G0 F15000 X111.88 Y68.008
G1 F5400 X110.345 Y69.543 E1066.57204
G0 F15000 X109.779 Y69.543
G1 F5400 X111.314 Y68.008 E1066.64424
G0 F15000 X110.748 Y68.008
G1 F5400 X109.213 Y69.543 E1066.71645
G0 F15000 X108.648 Y69.543
G1 F5400 X110.183 Y68.008 E1066.78865
G0 F15000 X109.617 Y68.008
G1 F5400 X108.082 Y69.543 E1066.86085
G0 F15000 X107.516 Y69.543
G1 F5400 X109.051 Y68.008 E1066.93305
G0 F15000 X108.486 Y68.008
G1 F5400 X106.951 Y69.543 E1067.00525
G0 F15000 X106.384 Y69.544
G1 F5400 X107.92 Y68.008 E1067.0775
G0 F15000 X107.354 Y68.008
G1 F5400 X105.819 Y69.544 E1067.14973
G0 F15000 X105.253 Y69.544
G1 F5400 X106.789 Y68.008 E1067.22197
G0 F15000 X106.223 Y68.008
G1 F5400 X104.687 Y69.544 E1067.29422
G0 F15000 X104.121 Y69.544
G1 F5400 X105.657 Y68.008 E1067.36647
G0 F15000 X105.092 Y68.008
G1 F5400 X103.555 Y69.545 E1067.43877
G0 F15000 X102.989 Y69.545
G1 F5400 X104.526 Y68.008 E1067.51106
G0 F15000 X103.96 Y68.008
G1 F5400 X102.424 Y69.545 E1067.58334
G0 F15000 X101.858 Y69.545
G1 F5400 X103.395 Y68.008 E1067.65563
G0 F15000 X102.829 Y68.008
G1 F5400 X101.292 Y69.545 E1067.72793
G0 F15000 X100.726 Y69.545
G1 F5400 X102.263 Y68.008 E1067.80022
G0 F15000 X101.698 Y68.008
G1 F5400 X100.16 Y69.545 E1067.87254
G0 F15000 X99.595 Y69.545
G1 F5400 X101.132 Y68.008 E1067.94484
G0 F15000 X100.566 Y68.008
G1 F5400 X99.029 Y69.545 E1068.01713
G0 F15000 X98.463 Y69.545
G1 F5400 X100 Y68.008 E1068.08943
G0 F15000 X99.435 Y68.008
G1 F5400 X97.898 Y69.545 E1068.16173
G0 F15000 X97.388 Y70.054
G1 F5400 X95.86 Y71.583 E1068.23362
G0 F15000 X95.86 Y72.148
G1 F5400 X97.388 Y70.62 E1068.30549
G0 F15000 X97.388 Y71.186
G1 F5400 X95.86 Y72.714 E1068.37737
G0 F15000 X95.86 Y73.28
G1 F5400 X97.388 Y71.752 E1068.44924
G0 F15000 X97.388 Y72.317
G1 F5400 X95.86 Y73.845 E1068.52111
G0 F15000 X95.86 Y74.411
G1 F5400 X97.388 Y72.883 E1068.59298
G0 F15000 X97.389 Y73.448
G1 F5400 X95.86 Y74.977 E1068.6649
G0 F15000 X95.86 Y75.542
G1 F5400 X97.389 Y74.014 E1068.7368
G0 F15000 X97.389 Y74.579
G1 F5400 X95.86 Y76.108 E1068.80872
G0 F15000 X95.86 Y76.674
G1 F5400 X97.389 Y75.145 E1068.88064
G0 F15000 X97.389 Y75.711
G1 F5400 X95.86 Y77.239 E1068.95253
G0 F15000 X95.86 Y77.805
G1 F5400 X97.39 Y76.276 E1069.02448
G0 F15000 X97.39 Y76.841
G1 F5400 X95.86 Y78.371 E1069.09644
G0 F15000 X95.86 Y78.936
G1 F5400 X97.39 Y77.407 E1069.16839
G0 F15000 X97.39 Y77.973
G1 F5400 X95.86 Y79.502 E1069.24033
G0 F15000 X95.86 Y80.068
G1 F5400 X97.39 Y78.538 E1069.3123
G0 F15000 X97.39 Y79.104
G1 F5400 X95.86 Y80.634 E1069.38426
G0 F15000 X95.861 Y81.198
G1 F5400 X97.391 Y79.669 E1069.45621
G0 F15000 X97.391 Y80.235
G1 F5400 X95.861 Y81.764 E1069.52815
G0 F15000 X95.861 Y82.33
G1 F5400 X97.391 Y80.8 E1069.60012
G0 F15000 X97.391 Y81.366
G1 F5400 X95.861 Y82.896 E1069.67208
G0 F15000 X95.861 Y83.461
G1 F5400 X97.391 Y81.932 E1069.74402
G0 F15000 X97.391 Y82.497
G1 F5400 X95.861 Y84.027 E1069.81599
G0 F15000 X95.861 Y84.593
G1 F5400 X97.391 Y83.062 E1069.88798
G0 F15000 X97.391 Y83.628
G1 F5400 X95.861 Y85.158 E1069.95995
G0 F15000 X95.861 Y85.724
G1 F5400 X97.391 Y84.194 E1070.03191
G0 F15000 X97.391 Y84.759
G1 F5400 X95.861 Y86.29 E1070.1039
G0 F15000 X95.861 Y86.855
G1 F5400 X97.391 Y85.325 E1070.17587
G0 F15000 X97.392 Y85.89
G1 F5400 X95.861 Y87.421 E1070.24788
G0 F15000 X95.861 Y87.987
G1 F5400 X97.392 Y86.456 E1070.3199
G0 F15000 X97.392 Y87.022
G1 F5400 X95.861 Y88.552 E1070.39189
G0 F15000 X95.861 Y89.118
G1 F5400 X97.392 Y87.587 E1070.4639
G0 F15000 X97.392 Y88.153
G1 F5400 X95.861 Y89.684 E1070.53591
G0 F15000 X95.861 Y90.249
G1 F5400 X97.393 Y88.718 E1070.60795
G0 F15000 X97.393 Y89.284
G1 F5400 X95.861 Y90.815 E1070.67999
G0 F15000 X95.861 Y91.381
G1 F5400 X97.393 Y89.849 E1070.75205
G0 F15000 X97.393 Y90.415
G1 F5400 X95.861 Y91.947 E1070.82411
G0 F15000 X95.861 Y92.512
G1 F5400 X97.393 Y90.981 E1070.89615
G0 F15000 X97.399 Y91.54
G1 F5400 X95.861 Y93.078 E1070.96849
G0 F15000 X96.116 Y93.388
G1 F5400 X97.687 Y91.818 E1071.04236
G0 F15000 X98.211 Y91.86
G1 F5400 X96.682 Y93.388 E1071.11426
G0 F15000 X97.248 Y93.388
G1 F5400 X98.776 Y91.86 E1071.18613
G0 F15000 X99.342 Y91.86
G1 F5400 X97.813 Y93.388 E1071.25803
G0 F15000 X98.379 Y93.388
G1 F5400 X99.908 Y91.86 E1071.32992
G0 F15000 X100.474 Y91.86
G1 F5400 X98.945 Y93.388 E1071.40182
G0 F15000 X99.51 Y93.388
G1 F5400 X101.04 Y91.859 E1071.47376
G0 F15000 X101.606 Y91.859
G1 F5400 X100.076 Y93.388 E1071.5457
G0 F15000 X100.642 Y93.388
G1 F5400 X102.171 Y91.859 E1071.61762
G0 F15000 X102.737 Y91.859
G1 F5400 X101.207 Y93.388 E1071.68957
G0 F15000 X101.773 Y93.388
G1 F5400 X103.303 Y91.858 E1071.76153
G0 F15000 X103.869 Y91.858
G1 F5400 X102.339 Y93.388 E1071.8335
G0 F15000 X102.905 Y93.388
G1 F5400 X104.435 Y91.858 E1071.90547
G0 F15000 X105 Y91.858
G1 F5400 X103.47 Y93.388 E1071.97743
G0 F15000 X104.036 Y93.388
G1 F5400 X105.566 Y91.858 E1072.0494
G0 F15000 X106.132 Y91.857
G1 F5400 X104.602 Y93.388 E1072.12139
G0 F15000 X105.167 Y93.388
G1 F5400 X106.698 Y91.857 E1072.1934
G0 F15000 X107.264 Y91.857
G1 F5400 X105.733 Y93.388 E1072.26542
G0 F15000 X106.299 Y93.388
G1 F5400 X107.83 Y91.857 E1072.33743
G0 F15000 X108.395 Y91.857
G1 F5400 X106.864 Y93.388 E1072.40944
G0 F15000 X107.43 Y93.388
G1 F5400 X108.962 Y91.857 E1072.48148
G0 F15000 X109.527 Y91.857
G1 F5400 X107.996 Y93.388 E1072.55349
G0 F15000 X108.561 Y93.388
G1 F5400 X110.093 Y91.857 E1072.62553
G0 F15000 X110.659 Y91.857
G1 F5400 X109.127 Y93.388 E1072.69757
G0 F15000 X109.693 Y93.388
G1 F5400 X111.224 Y91.857 E1072.76958
G0 F15000 X111.791 Y91.856
G1 F5400 X110.258 Y93.388 E1072.84167
G0 F15000 X110.824 Y93.388
G1 F5400 X112.356 Y91.856 E1072.91373
G0 F15000 X112.922 Y91.856
G1 F5400 X111.39 Y93.388 E1072.98579
G0 F15000 X111.956 Y93.388
G1 F5400 X113.488 Y91.856 E1073.05785
G0 F15000 X114.053 Y91.856
G1 F5400 X112.521 Y93.388 E1073.12991
G0 F15000 X113.087 Y93.388
G1 F5400 X114.62 Y91.855 E1073.20202
G0 F15000 X115.186 Y91.855
G1 F5400 X113.653 Y93.388 E1073.27412
G0 F15000 X114.218 Y93.388
G1 F5400 X115.751 Y91.855 E1073.34623
G0 F15000 X116.317 Y91.855
G1 F5400 X114.784 Y93.388 E1073.41834
G0 F15000 X115.35 Y93.388
G1 F5400 X116.883 Y91.855 E1073.49045
G0 F15000 X117.449 Y91.855
G1 F5400 X115.915 Y93.388 E1073.56258
G0 F15000 X116.481 Y93.388
G1 F5400 X118.015 Y91.855 E1073.63471
G0 F15000 X118.58 Y91.855
G1 F5400 X117.047 Y93.388 E1073.70682
G0 F15000 X117.612 Y93.388
G1 F5400 X119.146 Y91.855 E1073.77895
G0 F15000 X119.712 Y91.854
G1 F5400 X118.178 Y93.388 E1073.8511
G0 F15000 X118.744 Y93.388
G1 F5400 X120.278 Y91.854 E1073.92326
G0 F15000 X120.844 Y91.854
G1 F5400 X119.309 Y93.388 E1073.99543
G0 F15000 X119.875 Y93.388
G1 F5400 X121.41 Y91.854 E1074.06761
G0 F15000 X121.975 Y91.854
G1 F5400 X120.441 Y93.388 E1074.13977
G1 F2400 E1073.33977
G0 F15000 X120.441 Y93.848
G0 X95.678 Y93.786
G0 X95.4 Y71.017
G0 X95.86 Y71.017
G1 F2400 E1074.13977
G1 F5400 X98.869 Y68.008 E1074.2813
G0 F15000 X98.303 Y68.008
G1 F5400 X95.86 Y70.451 E1074.39621
G0 F15000 X95.86 Y69.885
G1 F5400 X97.738 Y68.008 E1074.48452
G0 F15000 X97.172 Y68.008
G1 F5400 X95.86 Y69.32 E1074.54624
G0 F15000 X95.86 Y68.754
G1 F5400 X96.606 Y68.008 E1074.58133
G0 F15000 X96.041 Y68.008
G1 F5400 X95.86 Y68.188 E1074.58982
G1 F2400 E1073.78982
;MESH:bno085_case_body.stl
G0 F15000 X95.4 Y68.188
G0 X95.498 Y93.662
G0 X110 Y94.119
G0 X110 Y96.561
G0 X124.128 Y97.322
G0 X124.524 Y104.672
G0 X124.524 Y115.328
G0 X124.128 Y122.678
G0 X110 Y122.939
G0 X110 Y123.248
;TYPE:WALL-INNER
G1 F2400 E1074.58982
G1 F5400 X124.386 Y123.248 E1075.0683
G1 X124.575 Y123.13 E1075.07571
G1 X124.654 Y123.006 E1075.0806
G1 X124.696 Y122.831 E1075.08658
G1 X124.696 Y97.158 E1075.94047
G1 X124.621 Y96.924 E1075.94864
G1 X124.493 Y96.807 E1075.95441
G1 X124.35 Y96.748 E1075.95956
G1 X95.737 Y96.748 E1076.91123
G1 X95.503 Y96.812 E1076.9193
G1 X95.425 Y96.872 E1076.92257
G1 X95.3 Y97.091 E1076.93096
G1 X95.3 Y122.838 E1077.78731
G1 X95.377 Y123.07 E1077.79544
G1 X95.506 Y123.188 E1077.80125
G1 X95.653 Y123.248 E1077.80653
G1 X110 Y123.248 E1078.28372
G0 F15000 X110 Y123.648
;TYPE:WALL-OUTER
G1 F5400 X124.38 Y123.648 E1078.762
G1 X124.563 Y123.604 E1078.76826
G1 X124.882 Y123.392 E1078.781
G1 X125.028 Y123.164 E1078.79
G1 X125.096 Y122.877 E1078.79981
G1 X125.096 Y97.12 E1079.65649
G1 X125.049 Y96.879 E1079.66466
G1 X124.943 Y96.676 E1079.67228
G1 X124.711 Y96.464 E1079.68273
G1 X124.428 Y96.348 E1079.6929
G1 X95.683 Y96.348 E1080.64896
G1 X95.323 Y96.447 E1080.66138
G1 X95.118 Y96.603 E1080.66995
G1 X94.935 Y96.923 E1080.68221
G1 X94.9 Y97.107 E1080.68844
G1 X94.9 Y122.876 E1081.54552
G1 X94.947 Y123.116 E1081.55365
G1 X95.057 Y123.319 E1081.56133
G1 X95.289 Y123.532 E1081.57181
G1 X95.575 Y123.648 E1081.58207
G1 X110 Y123.648 E1082.06185
G0 F15000 X110 Y122.939
G0 X111.218 Y122.939
G0 X111.218 Y123.169
;TYPE:FILL
G1 F10800 X111.389 Y122.53 E1082.08385
G0 F15000 X111.389 Y122.75
G0 X112.679 Y122.939
G0 X112.679 Y123.168
G1 F10800 X115.062 Y122.53 E1082.1659
G0 F15000 X116.045 Y122.53
G1 F10800 X116.683 Y123.168 E1082.19591
G0 F15000 X117.43 Y123.169
G1 F10800 X117.601 Y122.53 E1082.21791
G0 F15000 X117.601 Y122.75
G0 X123.642 Y122.939
G0 X123.642 Y123.169
G1 F10800 X123.813 Y122.53 E1082.23991
G0 F15000 X123.98 Y121.98
G1 F10800 X124.616 Y122.617 E1082.26985
G0 F15000 X123.98 Y121.904
G1 F10800 X124.616 Y119.531 E1082.35157
G0 F15000 X124.616 Y119.97
G1 F10800 X123.98 Y120.14 E1082.37346
G0 F15000 X124.2 Y120.14
G0 X124.128 Y122.678
G0 X108.197 Y122.939
G0 X108.197 Y123.168
G1 F10800 X107.559 Y122.53 E1082.40347
G0 F15000 X107.559 Y122.75
G0 X105.178 Y122.75
G0 X105.178 Y122.529
G1 F10800 X105.007 Y123.169 E1082.4255
G0 F15000 X105.007 Y122.939
G0 X99.712 Y122.939
G0 X99.712 Y123.168
G1 F10800 X99.074 Y122.53 E1082.45551
G1 X98.966 Y122.529
G1 X98.795 Y123.169 E1082.47755
G0 F15000 X98.795 Y122.939
G0 X95.872 Y122.678
G0 X95.8 Y121.421
G0 X96.02 Y121.421
G1 F10800 X95.381 Y121.592 E1082.49955
G0 F15000 X95.611 Y121.592
G0 X95.8 Y119.476
G0 X96.02 Y119.476
G1 F10800 X95.381 Y118.837 E1082.5296
G0 F15000 X95.611 Y118.837
G0 X95.611 Y115.38
G0 X95.383 Y115.38
G1 F10800 X96.019 Y115.209 E1082.55151
G1 F2400 E1081.75151
G0 F15000 X95.8 Y115.4
G0 X95.474 Y115.328
G0 X95.382 Y112.723
G1 F2400 E1082.55151
G1 F10800 X95.623 Y111.825 E1082.58243
G0 F15000 X95.403 Y111.824
G0 X95.403 Y110.593
G0 X95.623 Y110.594
G1 F10800 X95.382 Y110.353 E1082.59377
G0 F15000 X95.384 Y109.168
G1 F10800 X95.622 Y109.104 E1082.60197
G1 F2400 E1081.80197
G0 F15000 X95.404 Y109.103
G0 X95.469 Y105.115
G0 X95.611 Y102.956
G0 X95.385 Y102.956
G1 F2400 E1082.60197
G1 F10800 X96.02 Y102.786 E1082.62383
G0 F15000 X96.02 Y102.506
G1 F10800 X95.384 Y101.87 E1082.65375
G0 F15000 X95.611 Y101.87
G0 X95.872 Y97.322
G0 X99.469 Y97.25
G0 X99.469 Y97.471
G1 F10800 X99.641 Y96.827 E1082.67592
G0 F15000 X99.469 Y97.47
G1 F10800 X98.828 Y96.828 E1082.70609
G0 F15000 X98.828 Y97.061
G0 X105.681 Y97.25
G0 X105.681 Y97.47
G1 F10800 X105.853 Y96.827 E1082.72823
G0 F15000 X105.853 Y97.061
G0 X107.313 Y97.061
G0 X107.313 Y96.828
G1 F10800 X107.955 Y97.47 E1082.75843
G0 F15000 X107.955 Y97.25
G0 X111.893 Y97.25
G0 X111.893 Y97.47
G1 F10800 X112.065 Y96.828 E1082.78053
G0 F15000 X112.065 Y97.061
G0 X115.799 Y97.061
G0 X115.799 Y96.828
G1 F10800 X116.44 Y97.47 E1082.81071
G0 F15000 X115.857 Y97.47
G1 F10800 X118.254 Y96.828 E1082.89324
G1 X118.276 Y96.827
G1 X118.104 Y97.47 E1082.91538
G0 F15000 X118.104 Y97.25
G0 X124.128 Y97.322
G0 X124.2 Y98.721
G0 X123.981 Y98.721
G1 F10800 X124.466 Y96.908 E1082.9778
G1 X124.284 Y96.828
G1 X124.616 Y97.161 E1082.99344
G0 F15000 X124.39 Y97.191
G0 X124.389 Y101.335
G0 X124.616 Y101.335
G1 F10800 X123.98 Y101.505 E1083.01534
G1 F2400 E1082.21534
G0 F15000 X124.2 Y101.505
G0 X124.524 Y104.672
G0 X124.524 Y115.328
G0 X124.382 Y122.932
G0 X110 Y122.75
G0 X110 Y122.488
;TYPE:SKIN
G1 F2400 E1083.01534
G1 F5400 X96.06 Y122.488 E1083.47898
G1 X96.057 Y115.3 E1083.71806
G1 X96.021 Y115.22 E1083.72097
G1 X95.86 Y115.14 E1083.72695
G1 X95.66 Y115.14 E1083.73361
G1 X95.664 Y104.86 E1084.07552
G1 X95.86 Y104.86 E1084.08204
G1 X96.021 Y104.78 E1084.08802
G1 X96.057 Y104.7 E1084.09094
G1 X96.06 Y97.508 E1084.33014
G1 X123.94 Y97.508 E1085.25744
G1 X123.943 Y104.7 E1085.49664
G1 X123.979 Y104.78 E1085.49956
G1 X124.14 Y104.86 E1085.50554
G1 X124.336 Y104.86 E1085.51206
G1 X124.336 Y115.14 E1085.85397
G1 X124.14 Y115.14 E1085.86049
G1 X123.979 Y115.22 E1085.86647
G1 X123.943 Y115.3 E1085.86939
G1 X123.94 Y122.488 E1086.10846
G1 X110 Y122.488 E1086.57211
G0 F15000 X110 Y122.75
G0 X123.219 Y122.75
G0 X123.219 Y122.288
G1 F5400 X123.74 Y121.767 E1086.59662
G0 F15000 X123.74 Y121.202
G1 F5400 X122.653 Y122.288 E1086.64772
G0 F15000 X122.088 Y122.288
G1 F5400 X123.74 Y120.636 E1086.72543
G0 F15000 X123.74 Y120.07
G1 F5400 X121.522 Y122.288 E1086.82975
G0 F15000 X120.956 Y122.288
G1 F5400 X123.741 Y119.504 E1086.96073
G0 F15000 X123.741 Y118.938
G1 F5400 X120.391 Y122.288 E1087.1183
G0 F15000 X119.825 Y122.288
G1 F5400 X123.741 Y118.373 E1087.30248
G0 F15000 X123.741 Y117.807
G1 F5400 X119.259 Y122.288 E1087.51327
G0 F15000 X118.694 Y122.288
G1 F5400 X123.742 Y117.24 E1087.75071
G0 F15000 X123.742 Y116.675
G1 F5400 X118.128 Y122.288 E1088.01476
G0 F15000 X117.562 Y122.288
G1 F5400 X123.742 Y116.109 E1088.30542
G0 F15000 X123.742 Y115.543
G1 F5400 X116.996 Y122.288 E1088.62271
G0 F15000 X116.431 Y122.288
G1 F5400 X124.136 Y114.583 E1088.98513
G0 F15000 X124.136 Y114.017
G1 F5400 X115.865 Y122.288 E1089.37417
G0 F15000 X115.299 Y122.288
G1 F5400 X124.136 Y113.452 E1089.78981
G0 F15000 X124.136 Y112.886
G1 F5400 X114.734 Y122.288 E1090.23205
G0 F15000 X114.168 Y122.288
G1 F5400 X124.136 Y112.32 E1090.70092
G0 F15000 X124.136 Y111.755
G1 F5400 X113.602 Y122.288 E1091.19638
G0 F15000 X113.037 Y122.288
G1 F5400 X124.136 Y111.189 E1091.71844
G0 F15000 X124.136 Y110.623
G1 F5400 X112.471 Y122.288 E1092.26713
G0 F15000 X111.905 Y122.288
G1 F5400 X124.136 Y110.058 E1092.84242
G0 F15000 X124.136 Y109.492
G1 F5400 X111.34 Y122.288 E1093.4443
G0 F15000 X110.774 Y122.288
G1 F5400 X124.136 Y108.926 E1094.07281
G0 F15000 X124.136 Y108.361
G1 F5400 X110.208 Y122.288 E1094.72791
G0 F15000 X109.643 Y122.288
G1 F5400 X124.136 Y107.795 E1095.40962
G0 F15000 X124.136 Y107.229
G1 F5400 X109.077 Y122.288 E1096.11795
G0 F15000 X108.511 Y122.288
G1 F5400 X124.136 Y106.664 E1096.85288
G0 F15000 X124.136 Y106.098
G1 F5400 X107.946 Y122.288 E1097.61441
G0 F15000 X107.38 Y122.288
G1 F5400 X124.136 Y105.532 E1098.40256
G0 F15000 X124.075 Y105.027
G1 F5400 X106.814 Y122.288 E1099.21446
G0 F15000 X106.248 Y122.288
G1 F5400 X123.764 Y104.773 E1100.03834
G0 F15000 X123.739 Y104.232
G1 F5400 X105.683 Y122.288 E1100.88764
G0 F15000 X105.117 Y122.288
G1 F5400 X123.739 Y103.666 E1101.76356
G0 F15000 X123.739 Y103.1
G1 F5400 X104.551 Y122.288 E1102.6661
G0 F15000 X103.986 Y122.288
G1 F5400 X123.739 Y102.535 E1103.59522
G0 F15000 X123.739 Y101.969
G1 F5400 X103.42 Y122.288 E1104.55097
G0 F15000 X102.854 Y122.288
G1 F5400 X123.739 Y101.403 E1105.53333
G0 F15000 X123.739 Y100.838
G1 F5400 X102.289 Y122.288 E1106.54228
G0 F15000 X101.723 Y122.288
G1 F5400 X123.739 Y100.272 E1107.57784
G0 F15000 X123.739 Y99.706
G1 F5400 X101.157 Y122.288 E1108.64003
G0 F15000 X100.592 Y122.288
G1 F5400 X123.739 Y99.141 E1109.72879
G0 F15000 X123.739 Y98.575
G1 F5400 X100.026 Y122.288 E1110.84418
G0 F15000 X99.46 Y122.288
G1 F5400 X123.739 Y98.009 E1111.98619
G0 F15000 X123.475 Y97.708
G1 F5400 X98.895 Y122.288 E1113.14236
G0 F15000 X98.329 Y122.288
G1 F5400 X122.909 Y97.708 E1114.29852
G0 F15000 X122.344 Y97.708
G1 F5400 X97.763 Y122.288 E1115.45472
G0 F15000 X97.197 Y122.288
G1 F5400 X121.778 Y97.708 E1116.61091
G0 F15000 X121.212 Y97.708
G1 F5400 X96.632 Y122.288 E1117.76708
G0 F15000 X96.26 Y122.095
G1 F5400 X120.647 Y97.708 E1118.91417
G0 F15000 X120.081 Y97.708
G1 F5400 X96.26 Y121.529 E1120.03463
G0 F15000 X96.26 Y120.963
G1 F5400 X119.515 Y97.708 E1121.12848
G0 F15000 X118.95 Y97.708
G1 F5400 X96.26 Y120.398 E1122.19574
G0 F15000 X96.26 Y119.832
G1 F5400 X118.384 Y97.708 E1123.23639
G0 F15000 X117.818 Y97.708
G1 F5400 X96.26 Y119.266 E1124.25041
G0 F15000 X96.26 Y118.701
G1 F5400 X117.252 Y97.708 E1125.23783
G0 F15000 X116.687 Y97.708
G1 F5400 X96.26 Y118.135 E1126.19866
G0 F15000 X96.26 Y117.569
G1 F5400 X116.121 Y97.708 E1127.13286
G0 F15000 X115.555 Y97.708
G1 F5400 X96.26 Y117.004 E1128.04046
G0 F15000 X96.26 Y116.438
G1 F5400 X114.99 Y97.708 E1128.92146
G0 F15000 X114.424 Y97.708
G1 F5400 X96.26 Y115.872 E1129.77584
G0 F15000 X96.26 Y115.306
G1 F5400 X113.858 Y97.708 E1130.6036
G0 F15000 X113.293 Y97.708
G1 F5400 X95.993 Y115.007 E1131.41731
G0 F15000 X95.86 Y114.575
G1 F5400 X112.727 Y97.708 E1132.21068
G0 F15000 X112.161 Y97.708
G1 F5400 X95.86 Y114.009 E1132.97743
G0 F15000 X95.86 Y113.443
G1 F5400 X111.596 Y97.708 E1133.71758
G0 F15000 X111.03 Y97.708
G1 F5400 X95.861 Y112.877 E1134.43109
G0 F15000 X95.861 Y112.311
G1 F5400 X110.464 Y97.708 E1135.11797
G0 F15000 X109.899 Y97.708
G1 F5400 X95.861 Y111.745 E1135.77825
G0 F15000 X95.862 Y111.179
G1 F5400 X109.333 Y97.708 E1136.41188
G0 F15000 X108.767 Y97.708
G1 F5400 X95.862 Y110.613 E1137.01889
G0 F15000 X95.862 Y110.048
G1 F5400 X108.201 Y97.708 E1137.5993
G0 F15000 X107.636 Y97.708
G1 F5400 X95.862 Y109.481 E1138.15309
G0 F15000 X95.862 Y108.916
G1 F5400 X107.07 Y97.708 E1138.68028
G0 F15000 X106.504 Y97.708
G1 F5400 X95.863 Y108.349 E1139.1808
G0 F15000 X95.863 Y107.784
G1 F5400 X105.939 Y97.708 E1139.65475
G0 F15000 X105.373 Y97.708
G1 F5400 X95.863 Y107.218 E1140.10207
G0 F15000 X95.864 Y106.652
G1 F5400 X104.807 Y97.708 E1140.52274
G0 F15000 X104.242 Y97.708
G1 F5400 X95.864 Y106.086 E1140.91682
G0 F15000 X95.864 Y105.52
G1 F5400 X103.676 Y97.708 E1141.28427
G0 F15000 X103.11 Y97.708
G1 F5400 X96.258 Y104.56 E1141.60657
G0 F15000 X96.258 Y103.994
G1 F5400 X102.545 Y97.708 E1141.90227
G0 F15000 X101.979 Y97.708
G1 F5400 X96.258 Y103.429 E1142.17137
G0 F15000 X96.258 Y102.863
G1 F5400 X101.413 Y97.708 E1142.41384
G0 F15000 X100.848 Y97.708
G1 F5400 X96.259 Y102.296 E1142.62967
G0 F15000 X96.259 Y101.731
G1 F5400 X100.282 Y97.708 E1142.8189
G0 F15000 X99.716 Y97.708
G1 F5400 X96.259 Y101.165 E1142.98151
G0 F15000 X96.259 Y100.599
G1 F5400 X99.151 Y97.708 E1143.11751
G0 F15000 X98.585 Y97.708
G1 F5400 X96.26 Y100.033 E1143.22687
G0 F15000 X96.26 Y99.467
G1 F5400 X98.019 Y97.708 E1143.30961
G0 F15000 X97.453 Y97.708
G1 F5400 X96.26 Y98.902 E1143.36575
G0 F15000 X96.26 Y98.336
G1 F5400 X96.888 Y97.708 E1143.39529
G0 F15000 X96.322 Y97.708
G1 F5400 X96.26 Y97.77 E1143.39821
G1 F2400 E1142.59821
;MESH:NONMESH
G0 F300 Z2.2
G0 F15000 X95.8 Y97.77
G0 X95.872 Y97.322
G0 X110 Y96.561
G0 X109.999 Y95.486
G0 X110 Y95.214
G0 X110 Y91.48
G0 X110 Y91.7
;TIME_ELAPSED:1020.391048
;LAYER:10
;note -- min layer time used
;TYPE:WALL-INNER
;MESH:bno085_case_lid.stl
G1 F2400 E1143.39821
G1 F5400 X122.448 Y91.7 E1143.81223
G1 X122.448 Y69.7 E1144.54395
G1 X97.548 Y69.7 E1145.37213
G1 X97.548 Y91.7 E1146.10385
G1 X110 Y91.7 E1146.51801
G0 F15000 X110 Y92.1
;TYPE:WALL-OUTER
G1 F5400 X122.848 Y92.1 E1146.94533
G1 X122.848 Y69.3 E1147.70366
G1 X97.148 Y69.3 E1148.55845
G1 X97.148 Y92.1 E1149.31678
G1 X110 Y92.1 E1149.74424
G0 F15000 X110 Y91.39
G0 X111.675 Y91.39
G0 X111.675 Y91.621
;TYPE:FILL
G1 F6616.3 X117.528 Y69.779 E1150.49634
G0 F15000 X118.249 Y69.78
G1 F6616.3 X122.368 Y73.898 E1150.69006
G0 F15000 X122.368 Y74.896
G1 F6616.3 X117.887 Y91.62 E1151.26592
G0 F15000 X117.887 Y91.39
G0 X114.633 Y91.39
G0 X114.633 Y91.62
G1 F6616.3 X97.628 Y74.615 E1152.06579
G1 X97.628 Y74.497
G1 X98.893 Y69.779 E1152.22825
G0 F15000 X98.893 Y70.01
G0 X101.279 Y70.01
G0 X101.279 Y69.78
G1 F6616.3 X122.368 Y90.869 E1153.22021
G0 F15000 X122.367 Y91.419
G1 F6616.3 X121.617 Y91.62 E1153.24604
G0 F15000 X121.617 Y91.39
G0 X122.14 Y85.207
G0 X122.367 Y85.207
G1 F6616.3 X98.435 Y91.62 E1154.0701
G0 F15000 X99.252 Y91.62
G1 F6616.3 X105.104 Y69.78 E1154.82213
G0 F15000 X105.104 Y70.01
G0 X109.764 Y70.01
G0 X109.764 Y69.78
G1 F6616.3 X122.368 Y82.384 E1155.41498
G0 F15000 X122.14 Y82.384
G0 X122.14 Y78.996
G0 X122.367 Y78.996
G1 F6616.3 X97.628 Y85.625 E1156.26683
G0 F15000 X97.86 Y85.625
G0 X97.86 Y83.1
G0 X97.628 Y83.1
G1 F6616.3 X106.148 Y91.62 E1156.66759
G0 F15000 X105.464 Y91.62
G1 F6616.3 X111.316 Y69.779 E1157.41964
G0 F15000 X110.398 Y69.78
G1 F6616.3 X97.628 Y73.201 E1157.85935
G0 F15000 X97.86 Y73.201
G0 X97.86 Y79.413
G0 X97.628 Y79.413
G1 F6616.3 X122.367 Y72.784 E1158.7112
G0 F15000 X121.84 Y72.784
G1 F2400 E1157.9112
;MESH:bno085_case_body.stl
G0 F15000 X97.374 Y91.876
G0 X97.374 Y92.965
G0 X97.373 Y95.49
G0 X97.374 Y96.565
G0 X96.113 Y96.895
G0 X95.79 Y104.62
G0 X96.1 Y104.9
;TYPE:WALL-INNER
G1 F2400 E1158.7112
G1 F5400 X96.1 Y98.148 E1158.93578
G1 X96.274 Y97.724 E1158.95102
G1 X96.611 Y97.548 E1158.96367
G1 X123.3 Y97.548 E1159.85134
G1 X123.724 Y97.722 E1159.86659
G1 X123.9 Y98.148 E1159.88192
G1 X123.9 Y104.9 E1160.10649
G1 X124.7 Y104.9 E1160.1331
G1 X124.696 Y97.072 E1160.39346
G1 X124.587 Y96.889 E1160.40054
G1 X124.458 Y96.795 E1160.40585
G1 X124.267 Y96.748 E1160.4124
G1 X95.68 Y96.752 E1161.3632
G1 X95.541 Y96.79 E1161.368
G1 X95.346 Y96.976 E1161.37696
G1 X95.3 Y97.161 E1161.3833
G1 X95.3 Y104.9 E1161.6407
G1 X96.1 Y104.9 E1161.66731
G0 F15000 X96.5 Y105.3
;TYPE:WALL-OUTER
G1 F5400 X96.5 Y98.148 E1161.90518
G1 X96.558 Y98.006 E1161.91029
G1 X96.665 Y97.95 E1161.9143
G1 X123.3 Y97.948 E1162.80019
G1 X123.442 Y98.006 E1162.80529
G1 X123.5 Y98.148 E1162.81039
G1 X123.5 Y105.3 E1163.04827
G1 X125.1 Y105.3 E1163.10148
G1 X125.096 Y97.12 E1163.37355
G1 X125.05 Y96.885 E1163.38151
G1 X124.889 Y96.614 E1163.392
G1 X124.63 Y96.425 E1163.40266
G1 X124.315 Y96.348 E1163.41345
G1 X95.627 Y96.352 E1164.36762
G1 X95.365 Y96.424 E1164.37665
G1 X95.111 Y96.609 E1164.3871
G1 X94.974 Y96.811 E1164.39522
G1 X94.9 Y97.113 E1164.40556
G1 X94.9 Y105.3 E1164.67786
G1 X96.5 Y105.3 E1164.73108
G1 F2400 E1163.93108
G0 F15000 X96.22 Y105.02
G0 X95.79 Y102.932
G0 X96.019 Y102.932
;TYPE:FILL
G1 F2400 E1164.73108
G1 F6616.3 X95.381 Y103.103 E1164.75305
G0 F15000 X95.61 Y103.104
G0 X95.79 Y102.306
G0 X96.019 Y102.306
G1 F6616.3 X95.38 Y101.666 E1164.78313
G0 F15000 X95.61 Y101.667
G0 X95.862 Y97.312
G0 X99.324 Y97.24
G0 X99.324 Y97.469
G1 F6616.3 X99.495 Y96.831 E1164.8051
G0 F15000 X99.031 Y96.832
G1 F6616.3 X99.667 Y97.468 E1164.83501
G0 F15000 X99.667 Y97.24
G0 X105.535 Y97.24
G0 X105.535 Y97.469
G1 F6616.3 X105.707 Y96.829 E1164.85706
G0 F15000 X105.707 Y97.064
G0 X107.515 Y97.063
G0 X107.515 Y96.83
G1 F6616.3 X108.153 Y97.468 E1164.88707
G0 F15000 X108.153 Y97.24
G0 X111.747 Y97.24
G0 X111.747 Y97.468
G1 F6616.3 X111.918 Y96.829 E1164.90907
G0 F15000 X111.918 Y97.063
G0 X115.999 Y97.062
G0 X115.999 Y96.829
G1 F6616.3 X116.638 Y97.468 E1164.93912
G0 F15000 X116.409 Y97.468
G1 F6616.3 X118.796 Y96.829 E1165.02131
G0 F15000 X118.13 Y96.828
G1 F6616.3 X117.958 Y97.469 E1165.04338
G0 F15000 X117.958 Y97.24
G0 X124.138 Y97.312
G0 X124.21 Y98.179
G0 X123.98 Y98.179
G1 F6616.3 X124.337 Y96.847 E1165.08925
G0 F15000 X124.282 Y97.071
G0 X124.389 Y101.481
G0 X124.617 Y101.481
G1 F6616.3 X123.981 Y101.651 E1165.11115
G1 F2400 E1164.31115
G0 F15000 X124.21 Y101.651
G0 X123.724 Y105.076
G0 X123.724 Y106.165
G0 X122.647 Y113.847
G0 X122.647 Y121.197
G0 X123.724 Y122.274
G0 X110 Y122.936
G0 X110 Y123.244
;TYPE:WALL-INNER
G1 F2400 E1165.11115
G1 F5400 X124.323 Y123.244 E1165.58753
G1 X124.468 Y123.212 E1165.59247
G1 X124.574 Y123.126 E1165.59701
G1 X124.669 Y122.971 E1165.60306
G1 X124.696 Y122.842 E1165.60744
G1 X124.699 Y115.101 E1165.86491
G1 X123.901 Y115.101 E1165.89145
G1 X123.9 Y121.939 E1166.11888
G1 X123.725 Y122.273 E1166.13142
G1 X123.389 Y122.448 E1166.14402
G1 X96.7 Y122.448 E1167.0317
G1 X96.274 Y122.272 E1167.04703
G1 X96.1 Y121.937 E1167.05959
G1 X96.1 Y115.1 E1167.28699
G1 X95.3 Y115.1 E1167.3136
G1 X95.3 Y122.838 E1167.57096
G1 X95.377 Y123.069 E1167.57906
G1 X95.511 Y123.193 E1167.58513
G1 X95.634 Y123.244 E1167.58956
G1 X110 Y123.244 E1168.06738
G0 F15000 X110 Y123.644
;TYPE:WALL-OUTER
G1 F5400 X124.366 Y123.644 E1168.54519
G1 X124.646 Y123.582 E1168.55473
G1 X124.879 Y123.394 E1168.56469
G1 X125.047 Y123.121 E1168.57535
G1 X125.096 Y122.883 E1168.58343
G1 X125.099 Y114.701 E1168.85557
G1 X123.501 Y114.701 E1168.90872
G1 X123.498 Y121.883 E1169.14759
G1 X123.442 Y121.99 E1169.15161
G1 X123.335 Y122.046 E1169.15562
G1 X96.7 Y122.048 E1170.04151
G1 X96.558 Y121.99 E1170.04661
G1 X96.502 Y121.883 E1170.05063
G1 X96.5 Y114.7 E1170.28953
G1 X94.9 Y114.7 E1170.34275
G1 X94.9 Y122.876 E1170.61469
G1 X94.947 Y123.115 E1170.62279
G1 X95.057 Y123.319 E1170.6305
G1 X95.293 Y123.536 E1170.64116
G1 X95.556 Y123.644 E1170.65062
G1 X110 Y123.644 E1171.13102
G0 F15000 X110 Y122.936
G0 X111.073 Y122.936
G0 X111.073 Y123.165
;TYPE:FILL
G1 F6616.3 X111.244 Y122.528 E1171.15296
G0 F15000 X111.244 Y122.76
G0 X113.24 Y122.936
G0 X113.24 Y123.164
G1 F6616.3 X115.615 Y122.528 E1171.23474
G0 F15000 X116.242 Y122.528
G1 F6616.3 X116.878 Y123.164 E1171.26465
G0 F15000 X117.285 Y123.164
G1 F6616.3 X117.456 Y122.528 E1171.28656
G0 F15000 X117.456 Y122.76
G0 X123.497 Y122.936
G0 X123.497 Y123.165
G1 F6616.3 X123.712 Y122.359 E1171.3143
G0 F15000 X123.98 Y121.781
G1 F6616.3 X124.617 Y122.418 E1171.34427
G0 F15000 X124.389 Y122.417
G0 X124.21 Y121.361
G0 X123.98 Y121.361
G1 F6616.3 X124.618 Y118.982 E1171.42619
G0 F15000 X124.39 Y118.981
G0 X124.389 Y120.115
G0 X124.616 Y120.116
G1 F6616.3 X123.981 Y120.286 E1171.44805
G0 F15000 X124.21 Y120.286
G0 X124.138 Y122.688
G0 X108.392 Y122.936
G0 X108.392 Y123.164
G1 F6616.3 X107.757 Y122.528 E1171.47794
G0 F15000 X107.757 Y122.76
G0 X105.032 Y122.76
G0 X105.032 Y122.527
G1 F6616.3 X104.862 Y123.165 E1171.4999
G0 F15000 X104.862 Y122.936
G0 X99.907 Y122.936
G0 X99.907 Y123.164
G1 F6616.3 X99.271 Y122.528 E1171.52982
G0 F15000 X98.821 Y122.528
G1 F6616.3 X98.65 Y123.164 E1171.55172
G0 F15000 X98.65 Y122.936
G0 X95.862 Y122.688
G0 X95.79 Y121.567
G0 X96.02 Y121.567
G1 F6616.3 X95.38 Y121.738 E1171.57376
G0 F15000 X95.611 Y121.738
G0 X95.79 Y119.277
G0 X96.02 Y119.277
G1 F6616.3 X95.38 Y118.636 E1171.60388
G0 F15000 X95.611 Y118.636
G0 X95.611 Y115.526
G0 X95.38 Y115.526
G1 F6616.3 X96.019 Y115.355 E1171.62588
G1 F2400 E1170.82588
;MESH:NONMESH
G0 F300 Z2.4
G0 F15000 X95.79 Y115.41
G0 X96.276 Y114.924
G0 X96.276 Y113.835
G0 X94.047 Y106.153
G0 X94.038 Y97.012
G0 X94.175 Y96.458
G0 X94.348 Y96.201
G0 X97.374 Y92.965
G0 X97.374 Y91.876
G0 X110 Y91.39
G0 X110 Y91.7
;TIME_ELAPSED:1048.277531
;LAYER:11
;note -- min layer time used
;TYPE:WALL-INNER
;MESH:bno085_case_lid.stl
G1 F2400 E1171.62588
G1 F5400 X122.448 Y91.7 E1172.03991
G1 X122.448 Y69.7 E1172.77163
G1 X97.548 Y69.7 E1173.59981
G1 X97.548 Y91.7 E1174.33153
G1 X110 Y91.7 E1174.74569
G0 F15000 X110 Y92.1
;TYPE:WALL-OUTER
G1 F5400 X122.848 Y92.1 E1175.17301
G1 X122.848 Y69.3 E1175.93134
G1 X97.148 Y69.3 E1176.78613
G1 X97.148 Y92.1 E1177.54446
G1 X110 Y92.1 E1177.97192
G0 F15000 X110 Y91.39
G0 X111.528 Y91.39
G0 X111.528 Y91.62
;TYPE:FILL
G1 F6979.3 X117.381 Y69.779 E1178.72399
G0 F15000 X117.381 Y70.01
G0 X118.45 Y70.01
G0 X118.45 Y69.78
G1 F6979.3 X122.368 Y73.697 E1178.90825
G0 F15000 X122.368 Y74.348
G1 F6979.3 X117.74 Y91.62 E1179.50299
G0 F15000 X117.74 Y91.39
G0 X114.834 Y91.39
G0 X114.834 Y91.62
G1 F6979.3 X97.628 Y74.414 E1180.3123
G0 F15000 X97.628 Y73.949
G1 F6979.3 X98.746 Y69.779 E1180.4559
G0 F15000 X98.746 Y70.01
G0 X101.48 Y70.01
G0 X101.48 Y69.78
G1 F6979.3 X122.368 Y90.668 E1181.4384
G0 F15000 X122.367 Y91.566
G1 F6979.3 X122.166 Y91.62 E1181.44533
G0 F15000 X122.166 Y91.39
G0 X122.14 Y85.354
G0 X122.367 Y85.354
G1 F6979.3 X98.983 Y91.62 E1182.25052
G1 X99.105 Y91.62
G1 X104.957 Y69.78 E1183.00255
G0 F15000 X104.957 Y70.01
G0 X109.965 Y70.01
G0 X109.965 Y69.78
G1 F6979.3 X122.368 Y82.183 E1183.58595
G0 F15000 X122.14 Y82.183
G0 X122.14 Y79.143
G0 X122.367 Y79.143
G1 F6979.3 X97.628 Y85.772 E1184.4378
G0 F15000 X97.86 Y85.772
G0 X97.86 Y82.899
G0 X97.628 Y82.899
G1 F6979.3 X106.349 Y91.62 E1184.848
G0 F15000 X106.349 Y91.39
G0 X105.317 Y91.39
G0 X105.317 Y91.62
G1 F6979.3 X111.169 Y69.779 E1185.60006
G0 F15000 X110.947 Y69.78
G1 F6979.3 X97.629 Y73.348 E1186.05864
G0 F15000 X97.86 Y73.348
G0 X97.86 Y79.56
G0 X97.628 Y79.56
G1 F6979.3 X122.368 Y72.931 E1186.91052
G1 F2400 E1186.11052
G0 F15000 X122.14 Y72.931
G0 X97.864 Y91.39
G0 X97.864 Y91.62
G1 F2400 E1186.91052
G1 F6979.3 X97.628 Y91.384 E1186.92163
G0 F15000 X98.16 Y91.09
G1 F2400 E1186.12163
;MESH:bno085_case_body.stl
G0 F15000 X97.374 Y91.876
G0 X97.374 Y92.965
G0 X97.372 Y95.485
G0 X97.372 Y96.58
G0 X96.262 Y97.712
G0 X95.79 Y104.62
G0 X96.1 Y104.9
;TYPE:WALL-INNER
G1 F2400 E1186.92163
G1 F5400 X96.1 Y98.148 E1187.1462
G1 X96.275 Y97.723 E1187.16149
G1 X96.611 Y97.548 E1187.17409
G1 X123.3 Y97.548 E1188.06177
G1 X123.725 Y97.723 E1188.07705
G1 X123.9 Y98.148 E1188.09234
G1 X123.9 Y104.9 E1188.31691
G1 X124.7 Y104.9 E1188.34352
G1 X124.696 Y97.158 E1188.60102
G1 X124.668 Y97.012 E1188.60596
G1 X124.58 Y96.871 E1188.61149
G1 X124.439 Y96.782 E1188.61704
G1 X124.298 Y96.752 E1188.62183
G1 X95.656 Y96.749 E1189.57447
G1 X95.504 Y96.799 E1189.57979
G1 X95.36 Y96.955 E1189.58685
G1 X95.3 Y97.138 E1189.59326
G1 X95.3 Y104.9 E1189.85142
G1 X96.1 Y104.9 E1189.87803
G0 F15000 X96.5 Y105.3
;TYPE:WALL-OUTER
G1 F5400 X96.5 Y98.148 E1190.11591
G1 X96.558 Y98.006 E1190.12101
G1 X96.665 Y97.95 E1190.12503
G1 X123.3 Y97.948 E1191.01091
G1 X123.442 Y98.006 E1191.01601
G1 X123.5 Y98.148 E1191.02111
G1 X123.5 Y105.3 E1191.25899
G1 X125.1 Y105.3 E1191.31221
G1 X125.096 Y97.12 E1191.58427
G1 X125.049 Y96.876 E1191.59254
G1 X124.841 Y96.563 E1191.60504
G1 X124.591 Y96.405 E1191.61487
G1 X124.339 Y96.352 E1191.62344
G1 X95.592 Y96.349 E1192.57957
G1 X95.28 Y96.451 E1192.59049
G1 X95.019 Y96.735 E1192.60332
G1 X94.9 Y97.105 E1192.61624
G1 X94.9 Y105.3 E1192.88881
G1 X96.5 Y105.3 E1192.94203
G1 F2400 E1192.14203
G0 F15000 X96.22 Y105.02
G0 X95.79 Y103.079
G0 X96.02 Y103.079
;TYPE:FILL
G1 F2400 E1192.94203
G1 F6979.3 X95.381 Y103.25 E1192.96403
G0 F15000 X95.61 Y103.251
G0 X95.79 Y102.105
G0 X96.019 Y102.105
G1 F6979.3 X95.38 Y101.465 E1192.99411
G0 F15000 X95.61 Y101.466
G0 X95.62 Y97.127
G0 X95.446 Y97.021
G1 F6979.3 X96.162 Y96.829 E1193.01876
G0 F15000 X96.161 Y97.06
G0 X99.228 Y97.06
G0 X99.229 Y96.829
G1 F6979.3 X99.868 Y97.468 E1193.04882
G0 F15000 X99.177 Y97.469
G1 F6979.3 X99.348 Y96.829 E1193.07085
G0 F15000 X99.347 Y97.06
G0 X105.388 Y97.24
G0 X105.388 Y97.469
G1 F6979.3 X105.56 Y96.829 E1193.09289
G0 F15000 X105.559 Y97.06
G0 X107.715 Y97.06
G0 X107.716 Y96.83
G1 F6979.3 X108.354 Y97.468 E1193.1229
G0 F15000 X108.354 Y97.24
G0 X111.6 Y97.24
G0 X111.6 Y97.468
G1 F6979.3 X111.771 Y96.83 E1193.14487
G0 F15000 X111.77 Y97.061
G0 X116.201 Y97.061
G0 X116.202 Y96.831
G1 F6979.3 X116.839 Y97.468 E1193.17483
G1 X116.958 Y97.468
G1 X119.335 Y96.831 E1193.25668
G0 F15000 X119.334 Y97.061
G0 X117.982 Y97.061
G0 X117.983 Y96.831
G1 F6979.3 X117.811 Y97.469 E1193.27866
G0 F15000 X117.811 Y97.24
G0 X124.138 Y97.312
G0 X124.21 Y97.958
G0 X123.892 Y97.958
G1 F6979.3 X124.194 Y96.831 E1193.31747
G0 F15000 X124.193 Y97.061
G0 X124.389 Y101.628
G0 X124.617 Y101.628
G1 F6979.3 X123.981 Y101.798 E1193.33936
G0 F15000 X124.21 Y101.798
G0 X124.21 Y104.609
G0 X123.98 Y104.609
G1 F6979.3 X124.191 Y104.82 E1193.34929
G1 F2400 E1192.54929
G0 F15000 X124.21 Y104.59
G0 X123.724 Y105.076
G0 X123.724 Y106.165
G0 X122.647 Y113.847
G0 X122.647 Y121.197
G0 X123.724 Y122.274
G0 X110.001 Y122.939
G0 X110 Y123.246
;TYPE:WALL-INNER
G1 F2400 E1193.34929
G1 F5400 X124.283 Y123.247 E1193.82434
G1 X124.538 Y123.161 E1193.83329
G1 X124.642 Y123.034 E1193.83875
G1 X124.696 Y122.83 E1193.84577
G1 X124.699 Y115.101 E1194.10284
G1 X123.901 Y115.101 E1194.12938
G1 X123.9 Y121.939 E1194.35681
G1 X123.724 Y122.274 E1194.3694
G1 X123.389 Y122.448 E1194.38196
G1 X96.7 Y122.448 E1195.26964
G1 X96.274 Y122.272 E1195.28497
G1 X96.1 Y121.937 E1195.29752
G1 X96.1 Y115.1 E1195.52492
G1 X95.3 Y115.1 E1195.55153
G1 X95.3 Y122.838 E1195.8089
G1 X95.329 Y122.984 E1195.81385
G1 X95.415 Y123.123 E1195.81928
G1 X95.683 Y123.244 E1195.82906
G1 X110 Y123.246 E1196.30525
G0 F15000 X110 Y123.646
;TYPE:WALL-OUTER
G1 F5400 X124.321 Y123.647 E1196.78157
G1 X124.567 Y123.601 E1196.78989
G1 X124.774 Y123.488 E1196.79774
G1 X125.014 Y123.195 E1196.81033
G1 X125.096 Y122.882 E1196.82109
G1 X125.099 Y114.701 E1197.0932
G1 X123.501 Y114.701 E1197.14635
G1 X123.498 Y121.883 E1197.38522
G1 X123.442 Y121.99 E1197.38924
G1 X123.335 Y122.046 E1197.39325
G1 X96.7 Y122.048 E1198.27914
G1 X96.558 Y121.99 E1198.28424
G1 X96.502 Y121.883 E1198.28826
G1 X96.5 Y114.7 E1198.52716
G1 X94.9 Y114.7 E1198.58038
G1 X94.9 Y122.876 E1198.85231
G1 X94.947 Y123.12 E1198.86058
G1 X95.155 Y123.433 E1198.87308
G1 X95.406 Y123.588 E1198.88289
G1 X95.636 Y123.644 E1198.89076
G1 X110 Y123.646 E1199.36851
G0 F15000 X110.001 Y122.939
G0 X110.927 Y122.939
G0 X110.926 Y123.166
;TYPE:FILL
G1 F6979.3 X111.097 Y122.528 E1199.39048
G0 F15000 X111.097 Y122.76
G0 X108.595 Y122.938
G0 X108.594 Y123.165
G1 F6979.3 X107.958 Y122.528 E1199.42042
G0 F15000 X107.958 Y122.76
G0 X104.885 Y122.76
G0 X104.885 Y122.527
G1 F6979.3 X104.715 Y123.165 E1199.44238
G0 F15000 X104.716 Y122.938
G0 X100.109 Y122.938
G0 X100.108 Y123.164
G1 F6979.3 X99.472 Y122.528 E1199.4723
G0 F15000 X98.674 Y122.528
G1 F6979.3 X98.503 Y123.164 E1199.4942
G0 F15000 X98.504 Y122.938
G0 X95.862 Y122.688
G0 X95.79 Y121.714
G0 X96.02 Y121.714
G1 F6979.3 X95.38 Y121.885 E1199.51623
G0 F15000 X95.611 Y121.885
G0 X95.79 Y119.076
G0 X96.02 Y119.076
G1 F6979.3 X95.38 Y118.435 E1199.54636
G0 F15000 X95.611 Y118.435
G0 X95.611 Y115.673
G0 X95.38 Y115.673
G1 F6979.3 X96.019 Y115.502 E1199.56836
G0 F15000 X95.79 Y115.502
G0 X95.862 Y122.688
G0 X113.784 Y122.939
G0 X113.783 Y123.166
G1 F6979.3 X116.164 Y122.528 E1199.65035
G0 F15000 X116.443 Y122.528
G1 F6979.3 X117.08 Y123.165 E1199.68031
G1 X117.138 Y123.166
G1 X117.309 Y122.528 E1199.70228
G0 F15000 X117.309 Y122.76
G0 X123.35 Y122.939
G0 X123.349 Y123.167
G1 F6979.3 X123.542 Y122.448 E1199.72704
G0 F15000 X123.98 Y121.58
G1 F6979.3 X124.617 Y122.217 E1199.757
G0 F15000 X124.389 Y122.216
G0 X124.21 Y120.811
G0 X123.98 Y120.811
G1 F6979.3 X124.618 Y118.432 E1199.83892
G0 F15000 X124.39 Y118.431
G0 X124.389 Y120.262
G0 X124.616 Y120.263
G1 F6979.3 X123.981 Y120.433 E1199.86079
G1 F2400 E1199.06079
;MESH:NONMESH
G0 F300 Z2.6
G0 F15000 X124.21 Y120.433
G0 X123.724 Y114.924
G0 X123.724 Y113.835
G0 X125.953 Y106.153
G0 X125.963 Y97.037
G0 X125.874 Y96.587
G0 X125.692 Y96.248
G0 X122.626 Y92.965
G0 X122.626 Y91.876
G0 X110 Y91.39
G0 X110 Y91.7
;TIME_ELAPSED:1076.987844
;LAYER:12
;note -- min layer time used
;TYPE:WALL-INNER
;MESH:bno085_case_lid.stl
G1 F2400 E1199.86079
G1 F5400 X122.448 Y91.7 E1200.27481
G1 X122.448 Y69.7 E1201.00653
G1 X97.548 Y69.7 E1201.83471
G1 X97.548 Y91.7 E1202.56643
G1 X110 Y91.7 E1202.98059
G0 F15000 X110 Y92.1
;TYPE:WALL-OUTER
G1 F5400 X122.848 Y92.1 E1203.40792
G1 X122.848 Y69.3 E1204.16625
G1 X97.148 Y69.3 E1205.02103
G1 X97.148 Y92.1 E1205.77936
G1 X110 Y92.1 E1206.20682
G0 F15000 X110 Y91.39
G0 X111.382 Y91.39
G0 X111.382 Y91.621
;TYPE:FILL
G1 F7227.1 X117.234 Y69.779 E1206.95891
G0 F15000 X117.234 Y70.01
G0 X118.65 Y70.01
G0 X118.65 Y69.78
G1 F7227.1 X122.368 Y73.498 E1207.1338
G0 F15000 X122.368 Y73.803
G1 F7227.1 X117.594 Y91.62 E1207.7473
G0 F15000 X117.594 Y91.39
G0 X115.034 Y91.39
G0 X115.034 Y91.62
G1 F7227.1 X97.628 Y74.214 E1208.56602
G0 F15000 X97.628 Y73.494
G1 F7227.1 X111.491 Y69.78 E1209.04337
G0 F15000 X111.023 Y69.779
G1 F7227.1 X105.171 Y91.62 E1209.79542
G0 F15000 X105.171 Y91.39
G0 X106.548 Y91.39
G0 X106.548 Y91.62
G1 F7227.1 X97.628 Y82.7 E1210.21499
G0 F15000 X97.86 Y82.7
G0 X97.86 Y79.706
G0 X97.628 Y79.706
G1 F7227.1 X122.367 Y73.077 E1211.06684
G0 F15000 X122.14 Y73.077
G0 X122.14 Y79.289
G0 X122.367 Y79.289
G1 F7227.1 X97.628 Y85.918 E1211.91869
G0 F15000 X97.86 Y85.918
G0 X97.86 Y91.185
G0 X97.628 Y91.185
G1 F7227.1 X98.063 Y91.62 E1211.93915
G0 F15000 X98.959 Y91.62
G1 F7227.1 X104.811 Y69.78 E1212.69118
G0 F15000 X104.811 Y70.01
G0 X101.679 Y70.01
G0 X101.679 Y69.78
G1 F7227.1 X122.368 Y90.469 E1213.66433
G0 F15000 X122.14 Y90.469
G0 X122.14 Y85.501
G0 X122.367 Y85.501
G1 F7227.1 X99.528 Y91.62 E1214.45075
G0 F15000 X99.528 Y91.39
G0 X97.86 Y73.404
G0 X97.628 Y73.404
G1 F7227.1 X98.6 Y69.779 E1214.57557
G0 F15000 X98.6 Y70.01
G0 X110.164 Y70.01
G0 X110.164 Y69.78
G1 F7227.1 X122.368 Y81.983 E1215.14959
G0 F15000 X121.84 Y81.983
G1 F2400 E1214.34959
;MESH:bno085_case_body.stl
G0 F15000 X97.374 Y91.876
G0 X97.374 Y92.965
G0 X97.372 Y95.485
G0 X97.372 Y96.58
G0 X96.262 Y97.712
G0 X95.79 Y104.62
G0 X96.1 Y104.9
;TYPE:WALL-INNER
G1 F2400 E1215.14959
G1 F5400 X96.1 Y98.148 E1215.37416
G1 X96.275 Y97.723 E1215.38945
G1 X96.611 Y97.548 E1215.40205
G1 X123.3 Y97.548 E1216.28973
G1 X123.725 Y97.723 E1216.30502
G1 X123.9 Y98.148 E1216.3203
G1 X123.9 Y104.9 E1216.54488
G1 X124.7 Y104.9 E1216.57148
G1 X124.696 Y97.071 E1216.83188
G1 X124.562 Y96.85 E1216.84047
G1 X124.294 Y96.752 E1216.84996
G1 X95.756 Y96.749 E1217.79914
G1 X95.548 Y96.785 E1217.80616
G1 X95.384 Y96.917 E1217.81316
G1 X95.3 Y97.14 E1217.82109
G1 X95.3 Y104.9 E1218.07919
G1 X96.1 Y104.9 E1218.1058
G0 F15000 X96.5 Y105.3
;TYPE:WALL-OUTER
G1 F5400 X96.5 Y98.148 E1218.34367
G1 X96.558 Y98.006 E1218.34878
G1 X96.665 Y97.95 E1218.35279
G1 X123.3 Y97.948 E1219.23868
G1 X123.442 Y98.006 E1219.24378
G1 X123.5 Y98.148 E1219.24888
G1 X123.5 Y105.3 E1219.48676
G1 X125.1 Y105.3 E1219.53997
G1 X125.096 Y97.12 E1219.81204
G1 X125.05 Y96.885 E1219.82
G1 X124.851 Y96.553 E1219.83288
G1 X124.595 Y96.409 E1219.84265
G1 X124.338 Y96.352 E1219.8514
G1 X95.722 Y96.349 E1220.80318
G1 X95.42 Y96.401 E1220.81337
G1 X95.261 Y96.482 E1220.8193
G1 X95.059 Y96.674 E1220.82857
G1 X94.936 Y96.914 E1220.83754
G1 X94.9 Y97.103 E1220.84394
G1 X94.9 Y105.3 E1221.11657
G1 X96.5 Y105.3 E1221.16979
G1 F2400 E1220.36979
G0 F15000 X96.22 Y105.02
G0 X95.79 Y103.225
G0 X96.019 Y103.225
;TYPE:FILL
G1 F2400 E1221.16979
G1 F7227.1 X95.381 Y103.396 E1221.19176
G0 F15000 X95.61 Y103.397
G0 X95.79 Y101.905
G0 X96.019 Y101.905
G1 F7227.1 X95.38 Y101.266 E1221.22182
G0 F15000 X95.61 Y101.267
G0 X95.611 Y97.185
G0 X95.38 Y97.184
G1 F7227.1 X96.706 Y96.829 E1221.26747
G0 F15000 X96.705 Y97.06
G0 X99.031 Y97.24
G0 X99.031 Y97.468
G1 F7227.1 X99.202 Y96.829 E1221.28947
G0 F15000 X99.429 Y96.83
G1 F7227.1 X100.068 Y97.468 E1221.31951
G0 F15000 X100.068 Y97.24
G0 X105.242 Y97.24
G0 X105.242 Y97.469
G1 F7227.1 X105.414 Y96.829 E1221.34155
G0 F15000 X105.413 Y97.06
G0 X107.914 Y97.06
G0 X107.915 Y96.83
G1 F7227.1 X108.553 Y97.468 E1221.37156
G0 F15000 X108.553 Y97.24
G0 X111.454 Y97.24
G0 X111.454 Y97.469
G1 F7227.1 X111.625 Y96.83 E1221.39356
G0 F15000 X111.624 Y97.061
G0 X116.4 Y97.061
G0 X116.401 Y96.831
G1 F7227.1 X117.038 Y97.468 E1221.42352
G0 F15000 X117.502 Y97.468
G1 F7227.1 X119.88 Y96.831 E1221.5054
G0 F15000 X119.879 Y97.061
G0 X117.836 Y97.061
G0 X117.837 Y96.831
G1 F7227.1 X117.666 Y97.468 E1221.52734
G0 F15000 X117.666 Y97.24
G0 X124.138 Y97.312
G0 X124.21 Y97.745
G0 X123.803 Y97.745
G1 F7227.1 X124.048 Y96.831 E1221.55881
G0 F15000 X124.047 Y97.061
G0 X124.389 Y101.773
G0 X124.618 Y101.773
G1 F7227.1 X123.981 Y101.944 E1221.58075
G0 F15000 X124.21 Y101.944
G0 X124.21 Y104.41
G0 X123.98 Y104.41
G1 F7227.1 X124.39 Y104.82 E1221.60003
G1 F2400 E1220.80003
G0 F15000 X124.389 Y104.589
G0 X123.724 Y105.076
G0 X123.724 Y106.165
G0 X122.647 Y113.847
G0 X122.647 Y121.197
G0 X123.724 Y122.274
G0 X110 Y122.936
G0 X110 Y123.244
;TYPE:WALL-INNER
G1 F2400 E1221.60003
G1 F5400 X124.37 Y123.244 E1222.07798
G1 X124.571 Y123.134 E1222.0856
G1 X124.696 Y122.892 E1222.09466
G1 X124.699 Y115.101 E1222.35379
G1 X123.901 Y115.101 E1222.38033
G1 X123.9 Y121.939 E1222.60777
G1 X123.725 Y122.273 E1222.62031
G1 X123.389 Y122.448 E1222.63291
G1 X96.7 Y122.448 E1223.52059
G1 X96.274 Y122.272 E1223.53592
G1 X96.1 Y121.937 E1223.54847
G1 X96.1 Y115.1 E1223.77587
G1 X95.3 Y115.1 E1223.80248
G1 X95.3 Y122.838 E1224.05985
G1 X95.331 Y122.996 E1224.0652
G1 X95.432 Y123.136 E1224.07095
G1 X95.685 Y123.244 E1224.0801
G1 X110 Y123.244 E1224.55621
G0 F15000 X110 Y123.644
;TYPE:WALL-OUTER
G1 F5400 X124.368 Y123.644 E1225.0341
G1 X124.526 Y123.613 E1225.03945
G1 X124.842 Y123.453 E1225.05123
G1 X125.033 Y123.154 E1225.06303
G1 X125.096 Y122.953 E1225.07004
G1 X125.099 Y114.701 E1225.3445
G1 X123.501 Y114.701 E1225.39765
G1 X123.498 Y121.883 E1225.63652
G1 X123.442 Y121.99 E1225.64054
G1 X123.335 Y122.046 E1225.64456
G1 X96.7 Y122.048 E1226.53044
G1 X96.558 Y121.99 E1226.53554
G1 X96.502 Y121.883 E1226.53956
G1 X96.5 Y114.7 E1226.77847
G1 X94.9 Y114.7 E1226.83168
G1 X94.9 Y122.876 E1227.10362
G1 X94.948 Y123.124 E1227.11202
G1 X95.163 Y123.44 E1227.12473
G1 X95.395 Y123.585 E1227.13383
G1 X95.637 Y123.644 E1227.14212
G1 X110 Y123.644 E1227.61983
G0 F15000 X110.781 Y123.163
;TYPE:FILL
G1 F7227.1 X110.951 Y122.528 E1227.6417
G0 F15000 X110.951 Y122.76
G0 X108.791 Y122.936
G0 X108.791 Y123.162
G1 F7227.1 X108.157 Y122.528 E1227.67152
G0 F15000 X108.157 Y122.76
G0 X104.739 Y122.76
G0 X104.739 Y122.528
G1 F7227.1 X104.569 Y123.163 E1227.69338
G0 F15000 X104.569 Y122.936
G0 X100.307 Y122.936
G0 X100.307 Y123.163
G1 F7227.1 X99.672 Y122.528 E1227.72325
G0 F15000 X99.672 Y122.76
G0 X98.528 Y122.76
G0 X98.528 Y122.528
G1 F7227.1 X98.357 Y123.164 E1227.74515
G0 F15000 X98.357 Y122.936
G0 X95.862 Y122.688
G0 X95.79 Y121.86
G0 X96.019 Y121.86
G1 F7227.1 X95.38 Y122.031 E1227.76716
G0 F15000 X95.611 Y122.031
G0 X95.79 Y118.877
G0 X96.02 Y118.877
G1 F7227.1 X95.38 Y118.236 E1227.79728
G0 F15000 X95.611 Y118.236
G0 X95.611 Y115.819
G0 X95.38 Y115.819
G1 F7227.1 X96.019 Y115.648 E1227.81928
G0 F15000 X95.79 Y115.648
G0 X95.862 Y122.688
G0 X114.34 Y122.936
G0 X114.34 Y123.162
G1 F7227.1 X116.709 Y122.527 E1227.90086
G1 X116.642 Y122.528
G1 X117.275 Y123.161 E1227.93063
G0 F15000 X116.993 Y123.162
G1 F7227.1 X117.163 Y122.528 E1227.95247
G0 F15000 X117.163 Y122.76
G0 X123.205 Y122.936
G0 X123.205 Y123.161
G1 F7227.1 X123.374 Y122.528 E1227.97426
G0 F15000 X123.374 Y122.76
G0 X124.138 Y122.688
G0 X124.21 Y121.381
G0 X123.98 Y121.381
G1 F7227.1 X124.616 Y122.017 E1228.00417
G0 F15000 X124.389 Y122.016
G0 X124.21 Y120.579
G0 X123.981 Y120.579
G1 F7227.1 X124.617 Y120.409 E1228.02607
G0 F15000 X123.98 Y120.266
G1 F7227.1 X124.618 Y117.886 E1228.10802
G1 F2400 E1227.30802
;MESH:NONMESH
G0 F300 Z2.8
G0 F15000 X124.39 Y117.885
G0 X123.724 Y114.924
G0 X123.724 Y113.835
G0 X125.953 Y106.153
G0 X125.963 Y97.037
G0 X125.871 Y96.571
G0 X125.618 Y96.151
G0 X122.626 Y92.965
G0 X122.626 Y91.876
G0 X110 Y91.39
G0 X110 Y91.7
;TIME_ELAPSED:1106.088641
;LAYER:13
;note -- min layer time used
;TYPE:WALL-INNER
;MESH:bno085_case_lid.stl
G1 F2400 E1228.10802
G1 F5400 X122.448 Y91.7 E1228.52204
G1 X122.448 Y69.7 E1229.25377
G1 X97.548 Y69.7 E1230.08194
G1 X97.548 Y91.7 E1230.81367
G1 X110 Y91.7 E1231.22782
G0 F15000 X110 Y92.1
;TYPE:WALL-OUTER
G1 F5400 X122.848 Y92.1 E1231.65515
G1 X122.848 Y69.3 E1232.41348
G1 X97.148 Y69.3 E1233.26827
G1 X97.148 Y92.1 E1234.0266
G1 X110 Y92.1 E1234.45406
G0 F15000 X110 Y91.39
G0 X111.236 Y91.39
G0 X111.236 Y91.62
;TYPE:FILL
G1 F7169.8 X117.088 Y69.779 E1235.20611
G0 F15000 X117.088 Y70.01
G0 X118.849 Y70.01
G0 X118.849 Y69.78
G1 F7169.8 X122.368 Y73.299 E1235.37164
G1 X122.368 Y73.258
G1 X117.448 Y91.621 E1236.00393
G0 F15000 X117.448 Y91.39
G0 X115.233 Y91.39
G0 X115.233 Y91.62
G1 F7169.8 X97.628 Y74.015 E1236.83202
G0 F15000 X97.628 Y73.64
G1 F7169.8 X112.037 Y69.779 E1237.32817
G0 F15000 X112.037 Y70.01
G0 X110.877 Y70.01
G0 X110.877 Y69.78
G1 F7169.8 X105.025 Y91.62 E1238.0802
G0 F15000 X105.025 Y91.39
G0 X106.748 Y91.39
G0 X106.748 Y91.62
G1 F7169.8 X97.628 Y82.5 E1238.50917
G0 F15000 X97.86 Y82.5
G0 X97.86 Y79.852
G0 X97.628 Y79.852
G1 F7169.8 X122.367 Y73.223 E1239.36103
G0 F15000 X122.14 Y73.223
G0 X122.14 Y79.435
G0 X122.367 Y79.435
G1 F7169.8 X97.628 Y86.063 E1240.21287
G0 F15000 X97.86 Y86.063
G0 X97.86 Y90.986
G0 X97.628 Y90.986
G1 F7169.8 X98.262 Y91.62 E1240.24269
G0 F15000 X98.813 Y91.621
G1 F7169.8 X104.665 Y69.779 E1240.99478
G0 F15000 X104.665 Y70.01
G0 X101.879 Y70.01
G0 X101.879 Y69.78
G1 F7169.8 X122.368 Y90.269 E1241.95852
G0 F15000 X122.14 Y90.269
G0 X122.14 Y85.646
G0 X122.367 Y85.646
G1 F7169.8 X100.073 Y91.62 E1242.72618
G0 F15000 X100.073 Y91.39
G0 X97.86 Y72.859
G0 X97.628 Y72.859
G1 F7169.8 X98.454 Y69.779 E1242.83224
G0 F15000 X98.454 Y70.01
G0 X110.364 Y70.01
G0 X110.364 Y69.78
G1 F7169.8 X122.368 Y81.784 E1243.39687
G0 F15000 X121.84 Y81.784
G1 F2400 E1242.59687
;MESH:bno085_case_body.stl
G0 F15000 X97.374 Y91.876
G0 X97.374 Y92.965
G0 X97.372 Y95.485
G0 X97.372 Y96.58
G0 X96.262 Y97.712
G0 X95.79 Y104.62
G0 X96.1 Y104.9
;TYPE:WALL-INNER
G1 F2400 E1243.39687
G1 F5400 X96.1 Y98.148 E1243.62144
G1 X96.275 Y97.723 E1243.63673
G1 X96.611 Y97.548 E1243.64933
G1 X123.3 Y97.548 E1244.53701
G1 X123.725 Y97.723 E1244.5523
G1 X123.9 Y98.148 E1244.56759
G1 X123.9 Y104.9 E1244.79216
G1 X124.7 Y104.9 E1244.81877
G1 X124.696 Y97.107 E1245.07796
G1 X124.554 Y96.855 E1245.08758
G1 X124.346 Y96.752 E1245.0953
G1 X95.756 Y96.749 E1246.04621
G1 X95.572 Y96.78 E1246.05242
G1 X95.393 Y96.899 E1246.05957
G1 X95.3 Y97.14 E1246.06816
G1 X95.3 Y104.9 E1246.32626
G1 X96.1 Y104.9 E1246.35286
G0 F15000 X96.5 Y105.3
;TYPE:WALL-OUTER
G1 F5400 X96.5 Y98.148 E1246.59074
G1 X96.558 Y98.006 E1246.59584
G1 X96.665 Y97.95 E1246.59986
G1 X123.3 Y97.948 E1247.48574
G1 X123.442 Y98.006 E1247.49084
G1 X123.5 Y98.148 E1247.49595
G1 X123.5 Y105.3 E1247.73382
G1 X125.1 Y105.3 E1247.78704
G1 X125.096 Y97.047 E1248.06153
G1 X125.026 Y96.823 E1248.06934
G1 X124.832 Y96.557 E1248.08029
G1 X124.597 Y96.409 E1248.08953
G1 X124.403 Y96.352 E1248.09625
G1 X95.722 Y96.349 E1249.05019
G1 X95.431 Y96.399 E1249.06001
G1 X95.164 Y96.558 E1249.07034
G1 X95.062 Y96.668 E1249.07533
G1 X94.936 Y96.914 E1249.08453
G1 X94.9 Y97.103 E1249.09092
G1 X94.9 Y105.3 E1249.36356
G1 X96.5 Y105.3 E1249.41677
G1 F2400 E1248.61677
G0 F15000 X96.22 Y105.02
G0 X95.79 Y103.37
G0 X96.02 Y103.37
;TYPE:FILL
G1 F2400 E1249.41677
G1 F7169.8 X95.381 Y103.542 E1249.43878
G0 F15000 X95.61 Y103.543
G0 X95.79 Y101.706
G0 X96.019 Y101.706
G1 F7169.8 X95.38 Y101.067 E1249.46884
G0 F15000 X95.61 Y101.068
G0 X95.611 Y97.331
G0 X95.381 Y97.33
G1 F7169.8 X97.25 Y96.829 E1249.5332
G0 F15000 X97.249 Y97.06
G0 X98.885 Y97.24
G0 X98.885 Y97.468
G1 F7169.8 X99.056 Y96.829 E1249.5552
G0 F15000 X99.629 Y96.83
G1 F7169.8 X100.267 Y97.468 E1249.58521
G0 F15000 X100.267 Y97.24
G0 X105.096 Y97.24
G0 X105.096 Y97.468
G1 F7169.8 X105.268 Y96.83 E1249.60719
G0 F15000 X105.267 Y97.06
G0 X108.114 Y97.06
G0 X108.115 Y96.83
G1 F7169.8 X108.752 Y97.468 E1249.63717
G0 F15000 X108.752 Y97.24
G0 X111.308 Y97.24
G0 X111.308 Y97.469
G1 F7169.8 X111.479 Y96.83 E1249.65917
G0 F15000 X111.478 Y97.061
G0 X116.599 Y97.061
G0 X116.6 Y96.831
G1 F7169.8 X117.238 Y97.468 E1249.68916
G0 F15000 X117.52 Y97.468
G1 F7169.8 X117.691 Y96.831 E1249.7111
G0 F15000 X118.048 Y97.468
G1 F7169.8 X120.424 Y96.831 E1249.79291
G0 F15000 X120.423 Y97.061
G0 X123.686 Y97.24
G0 X123.686 Y97.637
G1 F7169.8 X123.902 Y96.832 E1249.82063
G0 F15000 X123.901 Y97.061
G0 X124.114 Y97.287
G0 X124.389 Y101.919
G0 X124.618 Y101.919
G1 F7169.8 X123.98 Y102.09 E1249.8426
G0 F15000 X124.21 Y102.09
G0 X124.21 Y104.211
G0 X123.98 Y104.211
G1 F7169.8 X124.589 Y104.82 E1249.87125
G1 F2400 E1249.07125
G0 F15000 X124.389 Y104.619
G0 X123.724 Y105.076
G0 X123.724 Y106.165
G0 X122.647 Y113.847
G0 X122.647 Y121.197
G0 X123.724 Y122.274
G0 X110.001 Y122.94
G0 X110 Y123.248
;TYPE:WALL-INNER
G1 F2400 E1249.87125
G1 F5400 X124.243 Y123.248 E1250.34497
G1 X124.483 Y123.199 E1250.35312
G1 X124.669 Y122.971 E1250.36291
G1 X124.696 Y122.842 E1250.36729
G1 X124.699 Y115.101 E1250.62476
G1 X123.901 Y115.101 E1250.6513
G1 X123.9 Y121.939 E1250.87873
G1 X123.724 Y122.274 E1250.89132
G1 X123.389 Y122.448 E1250.90387
G1 X96.7 Y122.448 E1251.79155
G1 X96.275 Y122.273 E1251.80684
G1 X96.1 Y121.937 E1251.81944
G1 X96.1 Y115.1 E1252.04684
G1 X95.3 Y115.1 E1252.07345
G1 X95.3 Y122.885 E1252.33238
G1 X95.445 Y123.145 E1252.34228
G1 X95.655 Y123.248 E1252.35006
G1 X110 Y123.248 E1252.82718
G0 F15000 X110 Y123.648
;TYPE:WALL-OUTER
G1 F5400 X124.278 Y123.648 E1253.30206
G1 X124.647 Y123.582 E1253.31453
G1 X124.883 Y123.386 E1253.32474
G1 X125.047 Y123.121 E1253.3351
G1 X125.096 Y122.883 E1253.34318
G1 X125.099 Y114.701 E1253.61532
G1 X123.501 Y114.701 E1253.66847
G1 X123.498 Y121.883 E1253.90734
G1 X123.442 Y121.99 E1253.91136
G1 X123.335 Y122.046 E1253.91537
G1 X96.7 Y122.048 E1254.80126
G1 X96.558 Y121.99 E1254.80636
G1 X96.502 Y121.883 E1254.81038
G1 X96.5 Y114.7 E1255.04928
G1 X94.9 Y114.7 E1255.1025
G1 X94.9 Y122.948 E1255.37683
G1 X94.977 Y123.183 E1255.38506
G1 X95.167 Y123.443 E1255.39577
G1 X95.396 Y123.588 E1255.40478
G1 X95.597 Y123.648 E1255.41176
G1 X110 Y123.648 E1255.8908
G0 F15000 X110.633 Y123.169
;TYPE:FILL
G1 F7169.8 X110.805 Y122.528 E1255.91288
G0 F15000 X110.805 Y122.76
G0 X108.997 Y122.94
G0 X108.996 Y123.168
G1 F7169.8 X108.356 Y122.528 E1255.94298
G0 F15000 X108.356 Y122.76
G0 X104.593 Y122.76
G0 X104.593 Y122.528
G1 F7169.8 X104.422 Y123.169 E1255.96505
G0 F15000 X104.423 Y122.94
G0 X100.512 Y122.94
G0 X100.511 Y123.168
G1 F7169.8 X99.871 Y122.528 E1255.99515
G0 F15000 X99.871 Y122.76
G0 X98.382 Y122.76
G0 X98.382 Y122.528
G1 F7169.8 X98.21 Y123.169 E1256.01722
G0 F15000 X98.211 Y122.94
G0 X95.862 Y122.688
G0 X95.79 Y121.997
G0 X96.052 Y121.997
G1 F7169.8 X95.381 Y122.177 E1256.04033
G0 F15000 X95.611 Y122.177
G0 X95.79 Y118.677
G0 X96.02 Y118.677
G1 F7169.8 X95.38 Y118.037 E1256.07043
G0 F15000 X95.611 Y118.037
G0 X95.611 Y115.965
G0 X95.38 Y115.965
G1 F7169.8 X96.019 Y115.794 E1256.09244
G0 F15000 X95.79 Y115.794
G0 X95.862 Y122.688
G0 X114.864 Y122.94
G0 X114.863 Y123.168
G1 F7169.8 X117.253 Y122.528 E1256.17473
G0 F15000 X117.017 Y122.527
G1 F7169.8 X116.845 Y123.169 E1256.19683
G0 F15000 X117.482 Y123.168
G1 F7169.8 X116.842 Y122.528 E1256.22694
G0 F15000 X116.842 Y122.76
G0 X123.057 Y122.94
G0 X123.056 Y123.169
G1 F7169.8 X123.228 Y122.528 E1256.24901
G0 F15000 X123.228 Y122.76
G0 X124.138 Y122.688
G0 X124.21 Y121.181
G0 X123.98 Y121.181
G1 F7169.8 X124.617 Y121.818 E1256.27897
G0 F15000 X124.389 Y121.817
G0 X124.389 Y120.554
G0 X124.617 Y120.555
G1 F7169.8 X123.98 Y120.725 E1256.3009
G0 F15000 X124.21 Y120.725
G0 X124.21 Y119.722
G0 X123.98 Y119.722
G1 F7169.8 X124.618 Y117.341 E1256.38289
G1 F2400 E1255.58289
;MESH:NONMESH
G0 F300 Z3
G0 F15000 X124.39 Y117.34
G0 X123.724 Y114.924
G0 X123.724 Y113.835
G0 X125.953 Y106.153
G0 X125.963 Y96.916
G0 X125.809 Y96.429
G0 X125.596 Y96.137
G0 X122.626 Y92.965
G0 X122.626 Y91.876
G0 X110 Y91.39
G0 X110 Y91.7
;TIME_ELAPSED:1135.159375
;LAYER:14
;note -- min layer time used
;TYPE:WALL-INNER
;MESH:bno085_case_lid.stl
G1 F2400 E1256.38289
G1 F5400 X122.448 Y91.7 E1256.79691
G1 X122.448 Y69.7 E1257.52863
G1 X97.548 Y69.7 E1258.35681
G1 X97.548 Y91.7 E1259.08853
G1 X110 Y91.7 E1259.50269
G0 F15000 X110 Y92.1
;TYPE:WALL-OUTER
G1 F5400 X122.848 Y92.1 E1259.93002
G1 X122.848 Y69.3 E1260.68835
G1 X97.148 Y69.3 E1261.54313
G1 X97.148 Y92.1 E1262.30146
G1 X110 Y92.1 E1262.72892
G0 F15000 X110 Y91.39
G0 X111.089 Y91.39
G0 X111.089 Y91.62
;TYPE:FILL
G1 F7270.4 X116.941 Y69.779 E1263.48098
G0 F15000 X116.941 Y70.01
G0 X119.05 Y70.01
G0 X119.05 Y69.78
G1 F7270.4 X122.368 Y73.098 E1263.63705
G0 F15000 X122.367 Y73.37
G1 F7270.4 X97.628 Y79.999 E1264.4889
G0 F15000 X97.86 Y79.999
G0 X97.86 Y82.299
G0 X97.628 Y82.299
G1 F7270.4 X106.948 Y91.62 E1264.92731
G0 F15000 X106.948 Y91.39
G0 X104.878 Y91.39
G0 X104.878 Y91.62
G1 F7270.4 X110.73 Y69.78 E1265.67933
G1 X110.565 Y69.78
G1 X122.368 Y81.583 E1266.23451
G0 F15000 X122.14 Y81.583
G0 X122.14 Y79.582
G0 X122.367 Y79.582
G1 F7270.4 X97.629 Y86.21 E1267.08632
G0 F15000 X97.86 Y86.21
G0 X97.86 Y90.785
G0 X97.628 Y90.785
G1 F7270.4 X98.463 Y91.62 E1267.12559
G0 F15000 X98.666 Y91.62
G1 F7270.4 X104.518 Y69.779 E1267.87765
G0 F15000 X104.518 Y70.01
G0 X102.079 Y70.01
G0 X102.079 Y69.78
G1 F7270.4 X122.368 Y90.068 E1268.83196
G0 F15000 X122.14 Y90.068
G0 X122.14 Y85.793
G0 X122.368 Y85.793
G1 F7270.4 X100.622 Y91.62 E1269.58075
G0 F15000 X100.622 Y91.39
G0 X115.434 Y91.39
G0 X115.434 Y91.62
G1 F7270.4 X97.628 Y73.814 E1270.41829
G1 X97.628 Y73.787
G1 X112.585 Y69.779 E1270.93332
G0 F15000 X112.585 Y70.01
G0 X122.14 Y72.71
G0 X122.368 Y72.71
G1 F7270.4 X117.301 Y91.621 E1271.58448
G0 F15000 X117.301 Y91.39
G0 X97.86 Y72.31
G0 X97.628 Y72.31
G1 F7270.4 X98.307 Y69.779 E1271.67164
G0 F15000 X98.307 Y70.31
G1 F2400 E1270.87164
;MESH:bno085_case_body.stl
G0 F15000 X97.374 Y91.876
G0 X97.374 Y92.965
G0 X97.373 Y95.49
G0 X97.374 Y96.565
G0 X96.223 Y96.663
G0 X95.79 Y104.62
G0 X96.1 Y104.9
;TYPE:WALL-INNER
G1 F2400 E1271.67164
G1 F5400 X96.1 Y98.148 E1271.89621
G1 X96.275 Y97.723 E1271.9115
G1 X96.611 Y97.548 E1271.9241
G1 X123.3 Y97.548 E1272.81178
G1 X123.725 Y97.723 E1272.82707
G1 X123.9 Y98.148 E1272.84236
G1 X123.9 Y104.9 E1273.06693
G1 X124.7 Y104.9 E1273.09354
G1 X124.696 Y97.085 E1273.35346
G1 X124.581 Y96.882 E1273.36122
G1 X124.343 Y96.752 E1273.37024
G1 X95.682 Y96.752 E1274.32351
G1 X95.449 Y96.845 E1274.33186
G1 X95.343 Y96.989 E1274.3378
G1 X95.304 Y97.127 E1274.34257
G1 X95.3 Y104.9 E1274.6011
G1 X96.1 Y104.9 E1274.62771
G0 F15000 X96.5 Y105.3
;TYPE:WALL-OUTER
G1 F5400 X96.5 Y98.148 E1274.86559
G1 X96.558 Y98.006 E1274.87069
G1 X96.665 Y97.95 E1274.87471
G1 X123.3 Y97.948 E1275.76059
G1 X123.442 Y98.006 E1275.76569
G1 X123.5 Y98.148 E1275.7708
G1 X123.5 Y105.3 E1276.00867
G1 X125.1 Y105.3 E1276.06189
G1 X125.096 Y97.121 E1276.33392
G1 X125.064 Y96.924 E1276.34056
G1 X124.887 Y96.612 E1276.35249
G1 X124.635 Y96.425 E1276.36293
G1 X124.405 Y96.352 E1276.37095
G1 X95.628 Y96.352 E1277.32808
G1 X95.353 Y96.429 E1277.33758
G1 X95.169 Y96.551 E1277.34492
G1 X94.979 Y96.81 E1277.35561
G1 X94.904 Y97.069 E1277.36457
G1 X94.9 Y105.3 E1277.63834
G1 X96.5 Y105.3 E1277.69155
G1 F2400 E1276.89155
G0 F15000 X96.22 Y105.02
G0 X95.79 Y103.518
G0 X96.019 Y103.518
;TYPE:FILL
G1 F2400 E1277.69155
G1 F7270.4 X95.382 Y103.689 E1277.71349
G0 F15000 X95.611 Y103.69
G0 X95.79 Y101.505
G0 X96.019 Y101.505
G1 F7270.4 X95.382 Y100.867 E1277.74348
G0 F15000 X95.613 Y100.868
G0 X95.615 Y97.477
G0 X95.385 Y97.476
G1 F7270.4 X97.787 Y96.832 E1277.82619
G0 F15000 X97.787 Y97.065
G0 X98.909 Y97.065
G0 X98.909 Y96.831
G1 F7270.4 X98.738 Y97.468 E1277.84813
G0 F15000 X98.738 Y97.24
G0 X99.831 Y97.065
G0 X99.831 Y96.832
G1 F7270.4 X100.468 Y97.468 E1277.87807
G0 F15000 X100.468 Y97.24
G0 X104.949 Y97.24
G0 X104.949 Y97.469
G1 F7270.4 X105.12 Y96.832 E1277.9
G0 F15000 X105.12 Y97.065
G0 X108.317 Y97.064
G0 X108.317 Y96.832
G1 F7270.4 X108.953 Y97.468 E1277.92992
G0 F15000 X108.953 Y97.24
G0 X111.161 Y97.24
G0 X111.161 Y97.469
G1 F7270.4 X111.332 Y96.831 E1277.95189
G0 F15000 X111.332 Y97.064
G0 X116.802 Y97.063
G0 X116.802 Y96.832
G1 F7270.4 X117.438 Y97.468 E1277.9818
G1 X117.373 Y97.468
G1 X117.543 Y96.832 E1278.0037
G0 F15000 X117.543 Y97.063
G0 X118.597 Y97.24
G0 X118.597 Y97.468
G1 F7270.4 X120.971 Y96.832 E1278.08544
G0 F15000 X120.971 Y97.063
G0 X123.554 Y97.24
G0 X123.554 Y97.583
G1 F7270.4 X123.755 Y96.832 E1278.1113
G0 F15000 X123.755 Y97.063
G0 X124.138 Y97.312
G0 X124.389 Y102.066
G0 X124.618 Y102.066
G1 F7270.4 X123.98 Y102.237 E1278.13327
G0 F15000 X124.21 Y102.237
G0 X124.21 Y104.01
G0 X123.98 Y104.01
G1 F7270.4 X124.62 Y104.65 E1278.16337
G1 F2400 E1277.36337
G0 F15000 X124.389 Y104.59
G0 X123.724 Y105.076
G0 X123.724 Y106.165
G0 X122.647 Y113.847
G0 X122.647 Y121.197
G0 X123.724 Y122.274
G0 X110 Y122.939
G0 X110 Y123.248
;TYPE:WALL-INNER
G1 F2400 E1278.16337
G1 F5400 X124.272 Y123.248 E1278.63806
G1 X124.462 Y123.198 E1278.6446
G1 X124.589 Y123.105 E1278.64983
G1 X124.696 Y122.843 E1278.65924
G1 X124.699 Y115.101 E1278.91674
G1 X123.901 Y115.101 E1278.94329
G1 X123.9 Y121.939 E1279.17072
G1 X123.724 Y122.274 E1279.18331
G1 X123.389 Y122.448 E1279.19586
G1 X96.7 Y122.448 E1280.08354
G1 X96.275 Y122.273 E1280.09883
G1 X96.1 Y121.937 E1280.11143
G1 X96.1 Y115.1 E1280.33883
G1 X95.3 Y115.1 E1280.36544
G1 X95.3 Y122.884 E1280.62433
G1 X95.337 Y122.996 E1280.62826
G1 X95.485 Y123.182 E1280.63616
G1 X95.649 Y123.248 E1280.64204
G1 X110 Y123.248 E1281.11936
G0 F15000 X110 Y123.648
;TYPE:WALL-OUTER
G1 F5400 X124.322 Y123.648 E1281.59571
G1 X124.636 Y123.567 E1281.60649
G1 X124.889 Y123.381 E1281.61694
G1 X125.046 Y123.125 E1281.62693
G1 X125.096 Y122.883 E1281.63515
G1 X125.099 Y114.701 E1281.90728
G1 X123.501 Y114.701 E1281.96043
G1 X123.498 Y121.883 E1282.1993
G1 X123.442 Y121.99 E1282.20332
G1 X123.335 Y122.046 E1282.20734
G1 X96.7 Y122.048 E1283.09322
G1 X96.558 Y121.99 E1283.09832
G1 X96.502 Y121.883 E1283.10234
G1 X96.5 Y114.7 E1283.34125
G1 X94.9 Y114.7 E1283.39446
G1 X94.9 Y122.948 E1283.66879
G1 X94.977 Y123.182 E1283.67699
G1 X95.214 Y123.503 E1283.69026
G1 X95.571 Y123.648 E1283.70307
G1 X110 Y123.648 E1284.18298
G0 F15000 X110.487 Y123.168
;TYPE:FILL
G1 F7270.4 X110.658 Y122.527 E1284.20505
G0 F15000 X110.658 Y122.76
G0 X109.197 Y122.939
G0 X109.197 Y123.168
G1 F7270.4 X108.557 Y122.528 E1284.23515
G0 F15000 X108.557 Y122.76
G0 X104.446 Y122.76
G0 X104.446 Y122.528
G1 F7270.4 X104.275 Y123.168 E1284.25719
G0 F15000 X104.275 Y122.939
G0 X100.712 Y122.939
G0 X100.712 Y123.168
G1 F7270.4 X100.072 Y122.528 E1284.28729
G0 F15000 X100.072 Y122.76
G0 X98.235 Y122.76
G0 X98.235 Y122.528
G1 F7270.4 X98.063 Y123.168 E1284.30933
G0 F15000 X98.063 Y122.939
G0 X95.862 Y122.688
G0 X95.79 Y122.126
G0 X96.12 Y122.126
G1 F7270.4 X95.381 Y122.324 E1284.33478
G0 F15000 X95.611 Y122.324
G0 X95.79 Y118.476
G0 X96.02 Y118.476
G1 F7270.4 X95.38 Y117.836 E1284.36488
G0 F15000 X95.611 Y117.836
G0 X95.611 Y116.112
G0 X95.38 Y116.112
G1 F7270.4 X96.02 Y115.941 E1284.38692
G0 F15000 X95.79 Y115.941
G0 X95.862 Y122.688
G0 X115.411 Y122.939
G0 X115.411 Y123.168
G1 F7270.4 X117.802 Y122.528 E1284.46924
G0 F15000 X117.682 Y123.168
G1 F7270.4 X117.042 Y122.528 E1284.49934
G1 X116.87 Y122.528
G1 X116.698 Y123.169 E1284.52142
G0 F15000 X116.698 Y122.939
G0 X122.91 Y122.939
G0 X122.91 Y123.168
G1 F7270.4 X123.081 Y122.528 E1284.54345
G0 F15000 X123.081 Y122.76
G0 X124.138 Y122.688
G0 X124.389 Y121.616
G0 X124.617 Y121.617
G1 F7270.4 X123.98 Y120.98 E1284.57341
G1 X123.981 Y120.872
G1 X124.616 Y120.702 E1284.59528
G0 F15000 X124.389 Y120.701
G0 X124.21 Y119.173
G0 X123.98 Y119.173
G1 F7270.4 X124.618 Y116.791 E1284.6773
G1 F2400 E1283.8773
;MESH:NONMESH
G0 F300 Z3.2
G0 F15000 X124.39 Y116.79
G0 X123.724 Y114.924
G0 X123.724 Y113.835
G0 X125.953 Y106.153
G0 X125.963 Y97.044
G0 X125.891 Y96.633
G0 X125.614 Y96.143
G0 X122.626 Y92.965
G0 X122.626 Y91.876
G0 X110 Y91.39
G0 X110 Y91.7
;TIME_ELAPSED:1164.003547
;LAYER:15
;note -- min layer time used
;TYPE:WALL-INNER
;MESH:bno085_case_lid.stl
G1 F2400 E1284.6773
G1 F5400 X122.448 Y91.7 E1285.09132
G1 X122.448 Y69.7 E1285.82304
G1 X97.548 Y69.7 E1286.65122
G1 X97.548 Y91.7 E1287.38294
G1 X110 Y91.7 E1287.7971
G0 F15000 X110 Y92.1
;TYPE:WALL-OUTER
G1 F5400 X122.848 Y92.1 E1288.22442
G1 X122.848 Y69.3 E1288.98275
G1 X97.148 Y69.3 E1289.83754
G1 X97.148 Y92.1 E1290.59587
G1 X110 Y92.1 E1291.02333
G0 F15000 X110 Y91.39
G0 X110.943 Y91.39
G0 X110.943 Y91.62
;TYPE:FILL
G1 F7280.9 X116.795 Y69.78 E1291.77535
G0 F15000 X116.795 Y70.01
G0 X119.249 Y70.01
G0 X119.249 Y69.78
G1 F7280.9 X122.368 Y72.898 E1291.92204
G0 F15000 X122.367 Y73.516
G1 F7280.9 X97.629 Y80.145 E1292.77386
G0 F15000 X97.86 Y80.145
G0 X97.86 Y82.1
G0 X97.628 Y82.1
G1 F7280.9 X107.148 Y91.62 E1293.22165
G0 F15000 X107.148 Y91.39
G0 X104.732 Y91.39
G0 X104.732 Y91.62
G1 F7280.9 X110.584 Y69.779 E1293.97371
G1 X110.764 Y69.78
G1 X122.368 Y81.384 E1294.51952
G0 F15000 X122.14 Y81.384
G0 X122.14 Y79.728
G0 X122.368 Y79.728
G1 F7280.9 X97.628 Y86.356 E1295.3714
G0 F15000 X97.86 Y86.356
G0 X97.86 Y90.585
G0 X97.628 Y90.585
G1 F7280.9 X98.663 Y91.62 E1295.42008
G1 X98.52 Y91.621
G1 X104.372 Y69.779 E1296.17217
G0 F15000 X104.372 Y70.01
G0 X102.279 Y70.01
G0 X102.279 Y69.78
G1 F7280.9 X122.368 Y89.869 E1297.1171
G0 F15000 X122.14 Y89.869
G0 X122.14 Y85.939
G0 X122.367 Y85.939
G1 F7280.9 X101.166 Y91.62 E1297.84712
G0 F15000 X101.166 Y91.39
G0 X115.633 Y91.39
G0 X115.633 Y91.62
G1 F7280.9 X97.628 Y73.615 E1298.69402
G0 F15000 X97.628 Y73.933
G1 F7280.9 X113.13 Y69.779 E1299.22781
G0 F15000 X113.13 Y70.01
G0 X122.14 Y72.164
G0 X122.368 Y72.164
G1 F7280.9 X117.155 Y91.621 E1299.89778
G0 F15000 X117.155 Y91.39
G0 X97.86 Y71.765
G0 X97.628 Y71.765
G1 F7280.9 X98.16 Y69.779 E1299.96616
G0 F15000 X98.16 Y70.31
G1 F2400 E1299.16616
;MESH:bno085_case_body.stl
G0 F15000 X97.374 Y91.876
G0 X97.374 Y92.965
G0 X97.373 Y95.49
G0 X97.374 Y96.565
G0 X96.149 Y96.757
G0 X95.79 Y104.62
G0 X96.1 Y104.9
;TYPE:WALL-INNER
G1 F2400 E1299.96616
G1 F5400 X96.1 Y98.148 E1300.19073
G1 X96.275 Y97.723 E1300.20602
G1 X96.611 Y97.548 E1300.21862
G1 X123.3 Y97.548 E1301.1063
G1 X123.725 Y97.723 E1301.12159
G1 X123.9 Y98.148 E1301.13687
G1 X123.9 Y104.9 E1301.36145
G1 X124.7 Y104.9 E1301.38805
G1 X124.696 Y97.159 E1301.64552
G1 X124.668 Y97.012 E1301.6505
G1 X124.579 Y96.869 E1301.6561
G1 X124.45 Y96.787 E1301.66118
G1 X124.294 Y96.752 E1301.6665
G1 X95.682 Y96.752 E1302.61814
G1 X95.535 Y96.793 E1302.62322
G1 X95.405 Y96.888 E1302.62857
G1 X95.304 Y97.12 E1302.63699
G1 X95.3 Y104.9 E1302.89575
G1 X96.1 Y104.9 E1302.92236
G0 F15000 X96.5 Y105.3
;TYPE:WALL-OUTER
G1 F5400 X96.5 Y98.148 E1303.16024
G1 X96.558 Y98.006 E1303.16534
G1 X96.665 Y97.95 E1303.16936
G1 X123.3 Y97.948 E1304.05524
G1 X123.442 Y98.006 E1304.06034
G1 X123.5 Y98.148 E1304.06544
G1 X123.5 Y105.3 E1304.30332
G1 X125.1 Y105.3 E1304.35654
G1 X125.096 Y97.12 E1304.6286
G1 X125.049 Y96.876 E1304.63687
G1 X124.841 Y96.562 E1304.64939
G1 X124.606 Y96.412 E1304.65867
G1 X124.338 Y96.352 E1304.6678
G1 X95.628 Y96.352 E1305.6227
G1 X95.357 Y96.427 E1305.63205
G1 X95.114 Y96.606 E1305.64209
G1 X94.983 Y96.796 E1305.64977
G1 X94.904 Y97.062 E1305.659
G1 X94.9 Y105.3 E1305.93299
G1 X96.5 Y105.3 E1305.98621
G1 F2400 E1305.18621
G0 F15000 X96.22 Y105.02
G0 X95.79 Y103.663
G0 X96.02 Y103.663
;TYPE:FILL
G1 F2400 E1305.98621
G1 F7280.9 X95.381 Y103.835 E1306.00822
G0 F15000 X95.611 Y103.836
G0 X95.79 Y101.306
G0 X96.019 Y101.306
G1 F7280.9 X95.382 Y100.668 E1306.0382
G0 F15000 X95.613 Y100.669
G0 X95.615 Y97.623
G0 X95.385 Y97.622
G1 F7280.9 X98.335 Y96.832 E1306.13978
G0 F15000 X98.762 Y96.832
G1 F7280.9 X98.592 Y97.469 E1306.16171
G0 F15000 X98.592 Y97.24
G0 X100.031 Y97.065
G0 X100.031 Y96.832
G1 F7280.9 X100.667 Y97.468 E1306.19162
G0 F15000 X100.667 Y97.24
G0 X104.803 Y97.24
G0 X104.803 Y97.468
G1 F7280.9 X104.974 Y96.832 E1306.21353
G0 F15000 X104.974 Y97.065
G0 X108.516 Y97.064
G0 X108.516 Y96.832
G1 F7280.9 X109.153 Y97.468 E1306.24347
G0 F15000 X109.153 Y97.24
G0 X111.015 Y97.24
G0 X111.015 Y97.469
G1 F7280.9 X111.186 Y96.831 E1306.26544
G0 F15000 X111.186 Y97.064
G0 X117.001 Y97.063
G0 X117.001 Y96.832
G1 F7280.9 X117.638 Y97.468 E1306.29538
G0 F15000 X117.227 Y97.469
G1 F7280.9 X117.397 Y96.832 E1306.3173
G0 F15000 X117.397 Y97.063
G0 X119.141 Y97.24
G0 X119.141 Y97.468
G1 F7280.9 X121.517 Y96.831 E1306.39912
G0 F15000 X121.517 Y97.063
G0 X123.422 Y97.24
G0 X123.422 Y97.528
G1 F7280.9 X123.609 Y96.832 E1306.42309
G0 F15000 X123.609 Y97.063
G0 X124.138 Y97.312
G0 X124.389 Y102.212
G0 X124.618 Y102.212
G1 F7280.9 X123.98 Y102.383 E1306.44506
G0 F15000 X124.21 Y102.383
G0 X124.21 Y103.81
G0 X123.98 Y103.81
G1 F7280.9 X124.62 Y104.451 E1306.47519
G1 F2400 E1305.67519
G0 F15000 X124.389 Y104.451
G0 X123.724 Y105.076
G0 X123.724 Y106.165
G0 X122.647 Y113.847
G0 X122.647 Y121.197
G0 X123.724 Y122.274
G0 X110.001 Y122.937
G0 X110 Y123.246
;TYPE:WALL-INNER
G1 F2400 E1306.47519
G1 F5400 X124.286 Y123.248 E1306.95034
G1 X124.574 Y123.131 E1306.96068
G1 X124.655 Y123.007 E1306.96561
G1 X124.696 Y122.838 E1306.97139
G1 X124.699 Y115.101 E1307.22872
G1 X123.901 Y115.101 E1307.25527
G1 X123.9 Y121.939 E1307.4827
G1 X123.724 Y122.274 E1307.49528
G1 X123.389 Y122.448 E1307.50784
G1 X96.7 Y122.448 E1308.39552
G1 X96.274 Y122.272 E1308.41085
G1 X96.1 Y121.937 E1308.42341
G1 X96.1 Y115.1 E1308.65081
G1 X95.3 Y115.1 E1308.67741
G1 X95.3 Y122.835 E1308.93468
G1 X95.411 Y123.108 E1308.94448
G1 X95.542 Y123.205 E1308.9499
G1 X95.673 Y123.243 E1308.95444
G1 X110 Y123.246 E1309.43096
G0 F15000 X110 Y123.646
;TYPE:WALL-OUTER
G1 F5400 X124.327 Y123.648 E1309.90748
G1 X124.567 Y123.597 E1309.91564
G1 X124.879 Y123.395 E1309.928
G1 X125.029 Y123.167 E1309.93708
G1 X125.096 Y122.884 E1309.94675
G1 X125.099 Y114.701 E1310.21892
G1 X123.501 Y114.701 E1310.27207
G1 X123.498 Y121.883 E1310.51094
G1 X123.442 Y121.99 E1310.51496
G1 X123.335 Y122.046 E1310.51897
G1 X96.7 Y122.048 E1311.40486
G1 X96.558 Y121.99 E1311.40996
G1 X96.502 Y121.883 E1311.41398
G1 X96.5 Y114.7 E1311.65288
G1 X94.9 Y114.7 E1311.7061
G1 X94.9 Y122.875 E1311.978
G1 X94.95 Y123.115 E1311.98616
G1 X95.108 Y123.382 E1311.99647
G1 X95.362 Y123.569 E1312.00697
G1 X95.617 Y123.643 E1312.0158
G1 X110 Y123.646 E1312.49418
G0 F15000 X110.341 Y123.166
;TYPE:FILL
G1 F7280.9 X110.512 Y122.528 E1312.51615
G0 F15000 X110.512 Y122.76
G0 X109.394 Y122.937
G0 X109.393 Y123.165
G1 F7280.9 X108.757 Y122.528 E1312.54609
G0 F15000 X108.757 Y122.76
G0 X104.3 Y122.76
G0 X104.3 Y122.528
G1 F7280.9 X104.13 Y123.165 E1312.56801
G0 F15000 X104.131 Y122.936
G0 X100.907 Y122.935
G0 X100.906 Y123.163
G1 F7280.9 X100.271 Y122.528 E1312.59788
G0 F15000 X100.271 Y122.76
G0 X98.089 Y122.76
G0 X98.089 Y122.527
G1 F7280.9 X97.918 Y123.164 E1312.61982
G0 F15000 X97.919 Y122.935
G0 X95.862 Y122.688
G0 X95.79 Y122.254
G0 X96.186 Y122.254
G1 F7280.9 X95.381 Y122.47 E1312.64754
G0 F15000 X95.611 Y122.47
G0 X95.79 Y118.277
G0 X96.02 Y118.277
G1 F7280.9 X95.38 Y117.636 E1312.67767
G0 F15000 X95.611 Y117.636
G0 X95.611 Y116.258
G0 X95.38 Y116.258
G1 F7280.9 X96.019 Y116.087 E1312.69967
G0 F15000 X95.79 Y116.087
G0 X95.862 Y122.688
G0 X115.964 Y122.938
G0 X115.963 Y123.166
G1 F7280.9 X118.346 Y122.528 E1312.78172
G0 F15000 X117.88 Y123.167
G1 F7280.9 X117.242 Y122.528 E1312.81175
G0 F15000 X116.724 Y122.527
G1 F7280.9 X116.553 Y123.167 E1312.83378
G0 F15000 X116.554 Y122.938
G0 X122.765 Y122.939
G0 X122.764 Y123.168
G1 F7280.9 X122.935 Y122.528 E1312.85582
G0 F15000 X122.935 Y122.76
G0 X124.138 Y122.688
G0 X124.21 Y121.018
G0 X123.98 Y121.018
G1 F7280.9 X124.616 Y120.848 E1312.87771
G0 F15000 X124.617 Y121.418
G1 F7280.9 X123.98 Y120.781 E1312.90768
G0 F15000 X124.21 Y120.781
G0 X124.21 Y118.628
G0 X123.98 Y118.628
G1 F7280.9 X124.618 Y116.247 E1312.98966
G1 F2400 E1312.18966
;MESH:NONMESH
G0 F300 Z3.4
G0 F15000 X124.39 Y116.246
G0 X123.724 Y114.924
G0 X123.724 Y113.835
G0 X125.953 Y106.153
G0 X125.963 Y97.037
G0 X125.874 Y96.587
G0 X125.692 Y96.248
G0 X122.626 Y92.965
G0 X122.626 Y91.876
G0 X110 Y91.39
G0 X110 Y91.7
;TIME_ELAPSED:1192.874363
;LAYER:16
;note -- min layer time used
;TYPE:WALL-INNER
;MESH:bno085_case_lid.stl
G1 F2400 E1312.98966
G1 F5400 X122.448 Y91.7 E1313.40369
G1 X122.448 Y69.7 E1314.13541
G1 X97.548 Y69.7 E1314.96359
G1 X97.548 Y91.7 E1315.69531
G1 X110 Y91.7 E1316.10946
G0 F15000 X110 Y92.1
;TYPE:WALL-OUTER
G1 F5400 X122.848 Y92.1 E1316.53679
G1 X122.848 Y69.3 E1317.29512
G1 X97.148 Y69.3 E1318.14991
G1 X97.148 Y92.1 E1318.90824
G1 X110 Y92.1 E1319.3357
G0 F15000 X110.796 Y91.62
;TYPE:FILL
G1 F7246.1 X116.648 Y69.78 E1320.08772
G0 F15000 X116.648 Y70.01
G0 X119.45 Y70.01
G0 X119.45 Y69.78
G1 F7246.1 X122.368 Y72.698 E1320.22498
G0 F15000 X122.367 Y73.663
G1 F7246.1 X97.629 Y80.292 E1321.07679
G0 F15000 X97.86 Y80.292
G0 X97.86 Y81.899
G0 X97.628 Y81.899
G1 F7246.1 X107.349 Y91.62 E1321.53404
G0 F15000 X107.349 Y91.39
G0 X104.585 Y91.39
G0 X104.585 Y91.62
G1 F7246.1 X110.437 Y69.78 E1322.28607
G0 F15000 X110.965 Y69.78
G1 F7246.1 X122.368 Y81.183 E1322.82243
G0 F15000 X122.14 Y81.183
G0 X122.14 Y79.875
G0 X122.368 Y79.875
G1 F7246.1 X97.628 Y86.503 E1323.6743
G0 F15000 X97.86 Y86.503
G0 X97.86 Y90.385
G0 X97.628 Y90.385
G1 F7246.1 X98.863 Y91.62 E1323.73239
G0 F15000 X98.373 Y91.621
G1 F7246.1 X104.225 Y69.779 E1324.48448
G0 F15000 X104.225 Y70.01
G0 X102.48 Y70.01
G0 X102.48 Y69.78
G1 F7246.1 X122.368 Y89.668 E1325.41995
G0 F15000 X122.14 Y89.668
G0 X122.14 Y86.086
G0 X122.367 Y86.086
G1 F7246.1 X101.715 Y91.62 E1326.13108
G0 F15000 X101.715 Y91.39
G0 X115.834 Y91.39
G0 X115.834 Y91.62
G1 F7246.1 X97.628 Y73.414 E1326.98743
G0 F15000 X97.628 Y74.08
G1 F7246.1 X113.679 Y69.779 E1327.54012
G0 F15000 X113.679 Y70.01
G0 X122.14 Y71.615
G0 X122.368 Y71.615
G1 F7246.1 X117.008 Y91.621 E1328.22899
G0 F15000 X117.008 Y91.39
G0 X97.86 Y71.217
G0 X97.628 Y71.217
G1 F7246.1 X98.013 Y69.779 E1328.2785
G0 F15000 X98.16 Y70.31
G1 F2400 E1327.4785
;MESH:bno085_case_body.stl
G0 F15000 X97.374 Y91.876
G0 X97.374 Y92.965
G0 X97.373 Y95.486
G0 X97.374 Y96.561
G0 X95.982 Y96.585
G0 X95.79 Y104.62
G0 X96.1 Y104.9
;TYPE:WALL-INNER
G1 F2400 E1328.2785
G1 F5400 X96.1 Y98.148 E1328.50308
G1 X96.275 Y97.723 E1328.51836
G1 X96.611 Y97.548 E1328.53096
G1 X123.3 Y97.548 E1329.41864
G1 X123.724 Y97.722 E1329.43389
G1 X123.9 Y98.148 E1329.44922
G1 X123.9 Y104.9 E1329.67379
G1 X124.7 Y104.9 E1329.7004
G1 X124.696 Y97.169 E1329.95753
G1 X124.592 Y96.893 E1329.96734
G1 X124.455 Y96.79 E1329.97304
G1 X124.311 Y96.748 E1329.97803
G1 X95.668 Y96.748 E1330.9307
G1 X95.502 Y96.808 E1330.93657
G1 X95.368 Y96.941 E1330.94285
G1 X95.3 Y97.139 E1330.94982
G1 X95.3 Y104.9 E1331.20795
G1 X96.1 Y104.9 E1331.23456
G0 F15000 X96.5 Y105.3
;TYPE:WALL-OUTER
G1 F5400 X96.5 Y98.148 E1331.47243
G1 X96.558 Y98.006 E1331.47753
G1 X96.665 Y97.95 E1331.48155
G1 X123.3 Y97.948 E1332.36743
G1 X123.442 Y98.006 E1332.37254
G1 X123.5 Y98.148 E1332.37764
G1 X123.5 Y105.3 E1332.61551
G1 X125.1 Y105.3 E1332.66873
G1 X125.096 Y97.121 E1332.94077
G1 X125.021 Y96.818 E1332.95115
G1 X124.888 Y96.615 E1332.95922
G1 X124.637 Y96.426 E1332.96967
G1 X124.367 Y96.348 E1332.97902
G1 X95.62 Y96.348 E1333.93515
G1 X95.264 Y96.48 E1333.94777
G1 X95.04 Y96.703 E1333.95829
G1 X94.936 Y96.909 E1333.96596
G1 X94.9 Y97.103 E1333.97253
G1 X94.9 Y105.3 E1334.24516
G1 X96.5 Y105.3 E1334.29837
G1 F2400 E1333.49837
G0 F15000 X96.22 Y105.02
G0 X95.79 Y103.81
G0 X96.02 Y103.81
;TYPE:FILL
G1 F2400 E1334.29837
G1 F7246.1 X95.38 Y103.982 E1334.32042
G0 F15000 X95.61 Y103.983
G0 X95.79 Y101.105
G0 X96.019 Y101.105
G1 F7246.1 X95.38 Y100.466 E1334.35047
G0 F15000 X95.611 Y100.467
G0 X95.611 Y97.771
G0 X95.381 Y97.77
G1 F7246.1 X98.899 Y96.827 E1334.47161
G0 F15000 X98.616 Y96.828
G1 F7246.1 X98.445 Y97.469 E1334.49368
G0 F15000 X98.445 Y97.24
G0 X100.228 Y97.061
G0 X100.228 Y96.828
G1 F7246.1 X100.868 Y97.468 E1334.52378
G0 F15000 X100.868 Y97.24
G0 X104.656 Y97.24
G0 X104.656 Y97.468
G1 F7246.1 X104.828 Y96.828 E1334.54582
G0 F15000 X104.828 Y97.061
G0 X108.713 Y97.061
G0 X108.713 Y96.828
G1 F7246.1 X109.353 Y97.468 E1334.57593
G0 F15000 X109.353 Y97.24
G0 X110.868 Y97.24
G0 X110.868 Y97.469
G1 F7246.1 X111.04 Y96.828 E1334.598
G0 F15000 X111.04 Y97.061
G0 X117.08 Y97.24
G0 X117.08 Y97.469
G1 F7246.1 X117.252 Y96.827 E1334.62011
G1 X117.199 Y96.828
G1 X117.839 Y97.468 E1334.65021
G0 F15000 X117.839 Y97.24
G0 X119.69 Y97.24
G0 X119.69 Y97.468
G1 F7246.1 X122.08 Y96.828 E1334.7325
G0 F15000 X122.08 Y97.061
G0 X123.29 Y97.24
G0 X123.29 Y97.473
G1 F7246.1 X123.463 Y96.827 E1334.75475
G0 F15000 X123.463 Y97.061
G0 X124.138 Y97.312
G0 X124.389 Y102.359
G0 X124.618 Y102.359
G1 F7246.1 X123.98 Y102.53 E1334.77672
G0 F15000 X124.21 Y102.53
G0 X124.21 Y103.61
G0 X123.98 Y103.61
G1 F7246.1 X124.62 Y104.25 E1334.80682
G1 F2400 E1334.00682
G0 F15000 X124.389 Y104.25
G0 X123.724 Y105.076
G0 X123.724 Y106.165
G0 X122.647 Y113.847
G0 X122.647 Y121.197
G0 X123.724 Y122.274
G0 X110 Y122.939
G0 X110 Y123.248
;TYPE:WALL-INNER
G1 F2400 E1334.80682
G1 F5400 X124.279 Y123.248 E1335.28174
G1 X124.447 Y123.207 E1335.28749
G1 X124.604 Y123.086 E1335.29409
G1 X124.696 Y122.852 E1335.30245
G1 X124.699 Y115.101 E1335.56025
G1 X123.901 Y115.101 E1335.58679
G1 X123.9 Y121.939 E1335.81422
G1 X123.724 Y122.274 E1335.82681
G1 X123.389 Y122.448 E1335.83936
G1 X96.7 Y122.448 E1336.72704
G1 X96.275 Y122.273 E1336.74233
G1 X96.1 Y121.937 E1336.75493
G1 X96.1 Y115.1 E1336.98233
G1 X95.3 Y115.1 E1337.00894
G1 X95.3 Y122.838 E1337.26631
G1 X95.328 Y122.984 E1337.27125
G1 X95.479 Y123.174 E1337.27932
G1 X95.72 Y123.248 E1337.28771
G1 X110 Y123.248 E1337.76266
G0 F15000 X110 Y123.648
;TYPE:WALL-OUTER
G1 F5400 X124.327 Y123.648 E1338.23918
G1 X124.623 Y123.575 E1338.24932
G1 X124.91 Y123.356 E1338.26133
G1 X125.046 Y123.122 E1338.27033
G1 X125.096 Y122.894 E1338.27809
G1 X125.099 Y114.701 E1338.55059
G1 X123.501 Y114.701 E1338.60374
G1 X123.498 Y121.883 E1338.84262
G1 X123.442 Y121.99 E1338.84663
G1 X123.335 Y122.046 E1338.85065
G1 X96.7 Y122.048 E1339.73653
G1 X96.558 Y121.99 E1339.74164
G1 X96.502 Y121.883 E1339.74565
G1 X96.5 Y114.7 E1339.98456
G1 X94.9 Y114.7 E1340.03778
G1 X94.9 Y122.876 E1340.30971
G1 X94.947 Y123.12 E1340.31798
G1 X95.054 Y123.318 E1340.32546
G1 X95.245 Y123.506 E1340.33437
G1 X95.454 Y123.607 E1340.3421
G1 X95.686 Y123.648 E1340.34993
G1 X110 Y123.648 E1340.82602
G0 F15000 X110.194 Y123.168
;TYPE:FILL
G1 F7246.1 X110.365 Y122.528 E1340.84805
G0 F15000 X109.597 Y123.168
G1 F7246.1 X108.957 Y122.528 E1340.87815
G0 F15000 X108.957 Y122.76
G0 X104.153 Y122.76
G0 X104.153 Y122.528
G1 F7246.1 X103.982 Y123.168 E1340.90019
G0 F15000 X103.982 Y122.939
G0 X101.112 Y122.939
G0 X101.112 Y123.168
G1 F7246.1 X100.472 Y122.528 E1340.93029
G0 F15000 X100.472 Y122.76
G0 X97.942 Y122.76
G0 X97.942 Y122.527
G1 F7246.1 X97.77 Y123.169 E1340.9524
G0 F15000 X97.77 Y122.939
G0 X96.327 Y122.76
G0 X96.327 Y122.363
G1 F7246.1 X95.381 Y122.617 E1340.98498
G0 F15000 X95.611 Y122.617
G0 X95.79 Y118.076
G0 X96.02 Y118.076
G1 F7246.1 X95.38 Y117.436 E1341.01508
G0 F15000 X95.611 Y117.436
G0 X95.611 Y116.405
G0 X95.38 Y116.405
G1 F7246.1 X96.019 Y116.234 E1341.03708
G0 F15000 X95.79 Y116.234
G0 X95.862 Y122.688
G0 X116.577 Y122.76
G0 X116.577 Y122.527
G1 F7246.1 X116.405 Y123.169 E1341.05919
G1 X116.505 Y123.168
G1 X118.895 Y122.528 E1341.14148
G0 F15000 X118.895 Y122.76
G0 X118.083 Y122.939
G0 X118.083 Y123.168
G1 F7246.1 X117.443 Y122.528 E1341.17158
G0 F15000 X117.443 Y122.76
G0 X122.617 Y122.939
G0 X122.617 Y123.168
G1 F7246.1 X122.788 Y122.528 E1341.19362
G0 F15000 X122.788 Y122.76
G0 X124.138 Y122.688
G0 X124.21 Y121.165
G0 X123.98 Y121.165
G1 F7246.1 X124.616 Y120.995 E1341.21551
G0 F15000 X124.617 Y121.217
G1 F7246.1 X123.98 Y120.58 E1341.24547
G0 F15000 X124.21 Y120.58
G0 X124.21 Y118.079
G0 X123.98 Y118.079
G1 F7246.1 X124.619 Y115.697 E1341.3275
G1 F2400 E1340.5275
;MESH:NONMESH
G0 F300 Z3.6
G0 F15000 X124.39 Y115.696
G0 X123.724 Y114.924
G0 X123.724 Y113.835
G0 X125.953 Y106.153
G0 X125.963 Y97.022
G0 X125.828 Y96.467
G0 X125.588 Y96.101
G0 X122.626 Y92.965
G0 X122.626 Y91.876
G0 X110 Y91.39
G0 X110 Y91.7
;TIME_ELAPSED:1221.557489
;LAYER:17
;note -- min layer time used
;TYPE:WALL-INNER
;MESH:bno085_case_lid.stl
G1 F2400 E1341.3275
G1 F5400 X122.448 Y91.7 E1341.74152
G1 X122.448 Y69.7 E1342.47325
G1 X97.548 Y69.7 E1343.30142
G1 X97.548 Y91.7 E1344.03315
G1 X110 Y91.7 E1344.4473
G0 F15000 X110 Y92.1
;TYPE:WALL-OUTER
G1 F5400 X122.848 Y92.1 E1344.87463
G1 X122.848 Y69.3 E1345.63296
G1 X97.148 Y69.3 E1346.48774
G1 X97.148 Y92.1 E1347.24608
G1 X110 Y92.1 E1347.67353
G0 F15000 X110.65 Y91.62
;TYPE:FILL
G1 F6873.1 X116.502 Y69.78 E1348.42556
G0 F15000 X116.502 Y70.01
G0 X114.223 Y70.01
G0 X114.223 Y69.78
G1 F6873.1 X97.629 Y74.226 E1348.99695
G0 F15000 X97.86 Y74.226
G0 X97.86 Y73.215
G0 X97.628 Y73.215
G1 F6873.1 X116.033 Y91.62 E1349.86266
G0 F15000 X116.862 Y91.62
G1 F6873.1 X122.368 Y71.071 E1350.57023
G0 F15000 X122.14 Y71.071
G0 X122.14 Y72.498
G0 X122.368 Y72.498
G1 F6873.1 X119.65 Y69.78 E1350.69808
G0 F15000 X119.65 Y70.01
G0 X122.14 Y73.809
G0 X122.368 Y73.809
G1 F6873.1 X97.628 Y80.438 E1351.54996
G0 F15000 X97.86 Y80.438
G0 X97.86 Y81.7
G0 X97.628 Y81.7
G1 F6873.1 X107.548 Y91.62 E1352.01657
G0 F15000 X107.548 Y91.39
G0 X104.439 Y91.39
G0 X104.439 Y91.621
G1 F6873.1 X110.291 Y69.779 E1352.76866
G0 F15000 X111.164 Y69.78
G1 F6873.1 X122.368 Y80.984 E1353.29566
G0 F15000 X122.367 Y80.021
G1 F6873.1 X97.628 Y86.649 E1354.1475
G0 F15000 X97.86 Y86.649
G0 X97.86 Y90.185
G0 X97.628 Y90.185
G1 F6873.1 X99.063 Y91.62 E1354.215
G0 F15000 X98.227 Y91.62
G1 F6873.1 X104.079 Y69.779 E1354.96706
G0 F15000 X104.079 Y70.01
G0 X102.679 Y70.01
G0 X102.679 Y69.78
G1 F6873.1 X122.368 Y89.469 E1355.89317
G0 F15000 X122.14 Y89.469
G0 X122.14 Y86.232
G0 X122.367 Y86.232
G1 F6873.1 X102.259 Y91.62 E1356.58556
G0 F15000 X102.259 Y91.39
G0 X97.86 Y70.672
G0 X97.628 Y70.672
G1 F6873.1 X97.867 Y69.78 E1356.61627
G0 F15000 X98.16 Y70.31
G1 F2400 E1355.81627
;MESH:bno085_case_body.stl
G0 F15000 X97.374 Y91.876
G0 X97.374 Y92.965
G0 X97.372 Y95.485
G0 X97.372 Y96.58
G0 X96.262 Y97.712
G0 X95.79 Y104.62
G0 X96.1 Y104.9
;TYPE:WALL-INNER
G1 F2400 E1356.61627
G1 F5400 X96.1 Y98.148 E1356.84084
G1 X96.275 Y97.723 E1356.85613
G1 X96.611 Y97.548 E1356.86873
G1 X123.3 Y97.548 E1357.75641
G1 X123.725 Y97.723 E1357.7717
G1 X123.9 Y98.148 E1357.78698
G1 X123.9 Y104.9 E1358.01156
G1 X124.7 Y104.9 E1358.03816
G1 X124.696 Y97.164 E1358.29546
G1 X124.663 Y97.011 E1358.30067
G1 X124.545 Y96.845 E1358.30744
G1 X124.286 Y96.752 E1358.3166
G1 X95.663 Y96.749 E1359.2686
G1 X95.476 Y96.82 E1359.27525
G1 X95.357 Y96.95 E1359.28112
G1 X95.301 Y97.149 E1359.28799
G1 X95.3 Y104.9 E1359.54579
G1 X96.1 Y104.9 E1359.5724
G0 F15000 X96.5 Y105.3
;TYPE:WALL-OUTER
G1 F5400 X96.5 Y98.148 E1359.81028
G1 X96.558 Y98.006 E1359.81538
G1 X96.665 Y97.95 E1359.81939
G1 X123.3 Y97.948 E1360.70528
G1 X123.442 Y98.006 E1360.71038
G1 X123.5 Y98.148 E1360.71548
G1 X123.5 Y105.3 E1360.95336
G1 X125.1 Y105.3 E1361.00657
G1 X125.096 Y97.122 E1361.27858
G1 X125.037 Y96.847 E1361.28793
G1 X124.829 Y96.554 E1361.29988
G1 X124.645 Y96.43 E1361.30726
G1 X124.335 Y96.352 E1361.31789
G1 X95.589 Y96.349 E1362.27399
G1 X95.282 Y96.466 E1362.28492
G1 X95.168 Y96.55 E1362.28963
G1 X94.947 Y96.877 E1362.30275
G1 X94.901 Y97.109 E1362.31062
G1 X94.9 Y105.3 E1362.58305
G1 X96.5 Y105.3 E1362.63627
G0 F15000 X96.22 Y105.02
G0 X95.79 Y103.957
G0 X96.02 Y103.957
;TYPE:FILL
G1 F6873.1 X95.381 Y104.128 E1362.65827
G0 F15000 X95.61 Y104.129
G0 X95.79 Y100.906
G0 X96.019 Y100.906
G1 F6873.1 X95.38 Y100.266 E1362.68835
G0 F15000 X95.611 Y100.267
G0 X95.611 Y97.917
G0 X95.382 Y97.916
G1 F6873.1 X96.219 Y97.691 E1362.71718
G0 F15000 X97.051 Y97.469
G1 F6873.1 X99.436 Y96.829 E1362.79931
G0 F15000 X98.47 Y96.828
G1 F6873.1 X98.299 Y97.469 E1362.82138
G0 F15000 X98.299 Y97.24
G0 X100.428 Y97.06
G0 X100.429 Y96.83
G1 F6873.1 X101.067 Y97.468 E1362.85138
G0 F15000 X101.067 Y97.24
G0 X104.51 Y97.24
G0 X104.51 Y97.468
G1 F6873.1 X104.682 Y96.829 E1362.87339
G0 F15000 X104.681 Y97.06
G0 X108.914 Y97.06
G0 X108.915 Y96.83
G1 F6873.1 X109.553 Y97.468 E1362.9034
G0 F15000 X109.553 Y97.24
G0 X110.722 Y97.24
G0 X110.722 Y97.469
G1 F6873.1 X110.893 Y96.83 E1362.92541
G0 F15000 X110.892 Y97.061
G0 X116.934 Y97.24
G0 X116.934 Y97.469
G1 F6873.1 X117.105 Y96.83 E1362.94741
G0 F15000 X117.402 Y96.832
G1 F6873.1 X118.038 Y97.468 E1362.97732
G0 F15000 X118.038 Y97.24
G0 X120.235 Y97.24
G0 X120.235 Y97.468
G1 F6873.1 X122.609 Y96.832 E1363.05907
G0 F15000 X123.316 Y96.831
G1 F6873.1 X123.145 Y97.469 E1363.08103
G0 F15000 X123.145 Y97.24
G0 X124.138 Y97.312
G0 X124.389 Y102.505
G0 X124.618 Y102.505
G1 F6873.1 X123.98 Y102.676 E1363.103
G0 F15000 X123.98 Y103.41
G1 F6873.1 X124.62 Y104.051 E1363.13313
G1 F2400 E1362.33313
G0 F15000 X124.389 Y104.051
G0 X123.724 Y105.076
G0 X123.724 Y106.165
G0 X122.647 Y113.847
G0 X122.647 Y121.197
G0 X123.724 Y122.274
G0 X110 Y122.939
G0 X110 Y123.248
;TYPE:WALL-INNER
G1 F2400 E1363.13313
G1 F5400 X124.339 Y123.248 E1363.61005
G1 X124.587 Y123.108 E1363.61952
G1 X124.695 Y122.853 E1363.62873
G1 X124.699 Y115.101 E1363.88656
G1 X123.901 Y115.101 E1363.9131
G1 X123.9 Y121.939 E1364.14054
G1 X123.724 Y122.274 E1364.15312
G1 X123.389 Y122.448 E1364.16568
G1 X96.7 Y122.448 E1365.05336
G1 X96.275 Y122.273 E1365.06865
G1 X96.1 Y121.937 E1365.08125
G1 X96.1 Y115.1 E1365.30865
G1 X95.3 Y115.1 E1365.33525
G1 X95.3 Y122.835 E1365.59252
G1 X95.328 Y122.98 E1365.59743
G1 X95.415 Y123.125 E1365.60306
G1 X95.667 Y123.248 E1365.61238
G1 X110 Y123.248 E1366.0891
G0 F15000 X110 Y123.648
;TYPE:WALL-OUTER
G1 F5400 X124.403 Y123.648 E1366.56815
G1 X124.634 Y123.572 E1366.57624
G1 X124.889 Y123.382 E1366.58681
G1 X125.047 Y123.121 E1366.59696
G1 X125.095 Y122.895 E1366.60464
G1 X125.099 Y114.701 E1366.87718
G1 X123.501 Y114.701 E1366.93033
G1 X123.498 Y121.883 E1367.1692
G1 X123.442 Y121.99 E1367.17322
G1 X123.335 Y122.046 E1367.17724
G1 X96.7 Y122.048 E1368.06312
G1 X96.558 Y121.99 E1368.06822
G1 X96.502 Y121.883 E1368.07224
G1 X96.5 Y114.7 E1368.31115
G1 X94.9 Y114.7 E1368.36436
G1 X94.9 Y122.873 E1368.6362
G1 X94.947 Y123.116 E1368.64443
G1 X95.157 Y123.436 E1368.65716
G1 X95.437 Y123.604 E1368.66802
G1 X95.62 Y123.648 E1368.67428
G1 X110 Y123.648 E1369.15256
G0 F15000 X110.048 Y123.165
;TYPE:FILL
G1 F6873.1 X110.219 Y122.528 E1369.1745
G0 F15000 X109.793 Y123.165
G1 F6873.1 X109.157 Y122.528 E1369.20444
G0 F15000 X109.157 Y122.76
G0 X104.008 Y122.76
G0 X104.008 Y122.527
G1 F6873.1 X103.837 Y123.165 E1369.2264
G0 F15000 X103.837 Y122.939
G0 X101.306 Y122.939
G0 X101.306 Y123.162
G1 F6873.1 X100.671 Y122.528 E1369.25625
G0 F15000 X100.671 Y122.76
G0 X97.796 Y122.76
G0 X97.796 Y122.527
G1 F6873.1 X97.626 Y123.163 E1369.27815
G0 F15000 X97.626 Y122.939
G0 X96.541 Y122.76
G0 X96.541 Y122.452
G1 F6873.1 X95.38 Y122.763 E1369.31812
G0 F15000 X95.611 Y122.763
G0 X95.79 Y117.877
G0 X96.02 Y117.877
G1 F6873.1 X95.38 Y117.236 E1369.34825
G0 F15000 X95.381 Y116.551
G1 F6873.1 X96.019 Y116.38 E1369.37022
G0 F15000 X95.79 Y116.38
G0 X95.862 Y122.688
G0 X116.431 Y122.76
G0 X116.431 Y122.528
G1 F6873.1 X116.259 Y123.167 E1369.39223
G0 F15000 X117.054 Y123.167
G1 F6873.1 X119.439 Y122.528 E1369.47435
G0 F15000 X119.439 Y122.76
G0 X118.281 Y122.939
G0 X118.281 Y123.167
G1 F6873.1 X117.642 Y122.528 E1369.50441
G0 F15000 X117.642 Y122.76
G0 X122.471 Y122.939
G0 X122.471 Y123.169
G1 F6873.1 X122.643 Y122.527 E1369.52651
G0 F15000 X122.643 Y122.76
G0 X124.138 Y122.688
G0 X124.21 Y121.311
G0 X123.98 Y121.311
G1 F6873.1 X124.616 Y121.141 E1369.54841
G1 X124.616 Y121.017
G1 X123.98 Y120.381 E1369.57833
G0 F15000 X124.21 Y120.381
G0 X124.21 Y117.534
G0 X123.98 Y117.534
G1 F6873.1 X124.611 Y115.181 E1369.65935
G1 F2400 E1368.85935
;MESH:NONMESH
G0 F300 Z3.8
G0 F15000 X124.42 Y115.41
G0 X123.724 Y114.924
G0 X123.724 Y113.835
G0 X125.953 Y106.153
G0 X125.963 Y97.028
G0 X125.843 Y96.493
G0 X125.519 Y96.034
G0 X122.626 Y92.965
G0 X122.626 Y91.876
G0 X110 Y91.39
G0 X110 Y91.7
;TIME_ELAPSED:1249.688216
;LAYER:18
;note -- min layer time used
;TYPE:WALL-INNER
;MESH:bno085_case_lid.stl
G1 F2400 E1369.65935
G1 F5400 X122.448 Y91.7 E1370.07337
G1 X122.448 Y69.7 E1370.8051
G1 X97.548 Y69.7 E1371.63327
G1 X97.548 Y91.7 E1372.365
G1 X110 Y91.7 E1372.77915
G0 F15000 X110 Y92.1
;TYPE:WALL-OUTER
G1 F5400 X122.848 Y92.1 E1373.20648
G1 X122.848 Y69.3 E1373.96481
G1 X97.148 Y69.3 E1374.8196
G1 X97.148 Y92.1 E1375.57793
G1 X110 Y92.1 E1376.00539
G0 F15000 X110.503 Y91.62
;TYPE:FILL
G1 F6943.7 X116.355 Y69.78 E1376.75741
G0 F15000 X116.355 Y70.01
G0 X114.772 Y70.01
G0 X114.772 Y69.779
G1 F6943.7 X97.629 Y74.373 E1377.34771
G0 F15000 X97.86 Y74.373
G0 X97.86 Y73.014
G0 X97.628 Y73.014
G1 F6943.7 X116.234 Y91.62 E1378.22288
G0 F15000 X116.715 Y91.62
G1 F6943.7 X122.368 Y70.522 E1378.94935
G0 F15000 X122.14 Y70.522
G0 X122.14 Y72.297
G0 X122.368 Y72.297
G1 F6943.7 X119.85 Y69.78 E1379.06777
G0 F15000 X119.85 Y70.01
G0 X122.14 Y73.956
G0 X122.368 Y73.956
G1 F6943.7 X97.628 Y80.585 E1379.91965
G0 F15000 X97.628 Y81.499
G1 F6943.7 X107.749 Y91.62 E1380.39571
G0 F15000 X107.749 Y91.39
G0 X104.292 Y91.39
G0 X104.292 Y91.621
G1 F6943.7 X110.144 Y69.779 E1381.1478
G0 F15000 X110.144 Y70.01
G0 X111.365 Y70.01
G0 X111.365 Y69.78
G1 F6943.7 X122.368 Y80.783 E1381.66535
G0 F15000 X122.367 Y80.168
G1 F6943.7 X97.628 Y86.796 E1382.51719
G0 F15000 X97.86 Y86.796
G0 X97.86 Y89.984
G0 X97.628 Y89.984
G1 F6943.7 X99.264 Y91.62 E1382.59414
G0 F15000 X99.264 Y91.39
G0 X98.08 Y91.39
G0 X98.08 Y91.62
G1 F6943.7 X103.932 Y69.779 E1383.3462
G0 F15000 X103.932 Y70.01
G0 X102.88 Y70.01
G0 X102.88 Y69.78
G1 F6943.7 X122.368 Y89.268 E1384.26286
G0 F15000 X122.14 Y89.268
G0 X122.14 Y86.379
G0 X122.367 Y86.379
G1 F6943.7 X102.808 Y91.62 E1384.93634
G0 F15000 X102.808 Y91.39
G0 X97.86 Y70.123
G0 X97.628 Y70.123
G1 F6943.7 X97.72 Y69.78 E1384.94815
G0 F15000 X98.16 Y70.192
G1 F2400 E1384.14815
;MESH:bno085_case_body.stl
G0 F15000 X97.374 Y91.876
G0 X97.374 Y92.965
G0 X97.372 Y95.485
G0 X97.372 Y96.58
G0 X96.262 Y97.712
G0 X95.79 Y104.62
G0 X96.1 Y104.9
;TYPE:WALL-INNER
G1 F2400 E1384.94815
G1 F5400 X96.1 Y98.148 E1385.17273
G1 X96.275 Y97.723 E1385.18801
G1 X96.611 Y97.548 E1385.20061
G1 X123.3 Y97.548 E1386.08829
G1 X123.725 Y97.723 E1386.10358
G1 X123.9 Y98.148 E1386.11887
G1 X123.9 Y104.9 E1386.34344
G1 X124.7 Y104.9 E1386.37005
G1 X124.696 Y97.158 E1386.62755
G1 X124.668 Y97.015 E1386.63239
G1 X124.534 Y96.835 E1386.63986
G1 X124.309 Y96.752 E1386.64783
G1 X95.662 Y96.749 E1387.60064
G1 X95.482 Y96.817 E1387.60704
G1 X95.334 Y97.001 E1387.61489
G1 X95.301 Y97.147 E1387.61987
G1 X95.3 Y104.9 E1387.87773
G1 X96.1 Y104.9 E1387.90434
G0 F15000 X96.5 Y105.3
;TYPE:WALL-OUTER
G1 F5400 X96.5 Y98.148 E1388.14222
G1 X96.558 Y98.006 E1388.14732
G1 X96.665 Y97.95 E1388.15134
G1 X123.3 Y97.948 E1389.03722
G1 X123.442 Y98.006 E1389.04232
G1 X123.5 Y98.148 E1389.04743
G1 X123.5 Y105.3 E1389.2853
G1 X125.1 Y105.3 E1389.33852
G1 X125.096 Y97.12 E1389.61059
G1 X125.049 Y96.88 E1389.61872
G1 X124.941 Y96.677 E1389.62637
G1 X124.772 Y96.508 E1389.63432
G1 X124.538 Y96.388 E1389.64306
G1 X124.345 Y96.352 E1389.64959
G1 X95.597 Y96.349 E1390.60576
G1 X95.277 Y96.454 E1390.61696
G1 X95.057 Y96.678 E1390.6274
G1 X94.957 Y96.854 E1390.63413
G1 X94.901 Y97.103 E1390.64262
G1 X94.9 Y105.3 E1390.91525
G1 X96.5 Y105.3 E1390.96847
G0 F15000 X96.22 Y105.02
G0 X95.79 Y104.103
G0 X96.02 Y104.103
;TYPE:FILL
G1 F6943.7 X95.381 Y104.275 E1390.99048
G0 F15000 X95.61 Y104.276
G0 X95.79 Y100.705
G0 X96.019 Y100.705
G1 F6943.7 X95.38 Y100.066 E1391.02054
G0 F15000 X95.611 Y100.067
G0 X95.611 Y98.064
G0 X95.382 Y98.063
G1 F6943.7 X96.15 Y97.857 E1391.04698
G0 F15000 X95.79 Y97.857
G0 X95.862 Y97.312
G0 X97.599 Y97.24
G0 X97.599 Y97.469
G1 F6943.7 X99.986 Y96.829 E1391.12918
G0 F15000 X100.63 Y96.83
G1 F6943.7 X101.268 Y97.468 E1391.15919
G0 F15000 X101.268 Y97.24
G0 X98.322 Y97.06
G0 X98.323 Y96.828
G1 F6943.7 X98.152 Y97.469 E1391.18125
G0 F15000 X98.152 Y97.24
G0 X104.363 Y97.24
G0 X104.363 Y97.468
G1 F6943.7 X104.535 Y96.829 E1391.20326
G0 F15000 X104.534 Y97.06
G0 X109.115 Y97.06
G0 X109.116 Y96.83
G1 F6943.7 X109.754 Y97.468 E1391.23327
G0 F15000 X110.575 Y97.469
G1 F6943.7 X110.746 Y96.831 E1391.25524
G0 F15000 X110.745 Y97.061
G0 X116.787 Y97.24
G0 X116.787 Y97.469
G1 F6943.7 X116.957 Y96.831 E1391.2772
G0 F15000 X117.602 Y96.832
G1 F6943.7 X118.239 Y97.468 E1391.30714
G0 F15000 X118.239 Y97.24
G0 X120.783 Y97.24
G0 X120.783 Y97.468
G1 F6943.7 X123.159 Y96.831 E1391.38896
G1 X123.169 Y96.832
G1 X122.998 Y97.468 E1391.41086
G0 F15000 X122.998 Y97.24
G0 X124.138 Y97.312
G0 X124.389 Y102.652
G0 X124.618 Y102.652
G1 F6943.7 X123.98 Y102.823 E1391.43283
G0 F15000 X123.98 Y103.209
G1 F6943.7 X124.62 Y103.85 E1391.46296
G1 F2400 E1390.66296
G0 F15000 X124.389 Y103.85
G0 X123.724 Y105.076
G0 X123.724 Y106.165
G0 X122.647 Y113.847
G0 X122.647 Y121.197
G0 X123.724 Y122.274
G0 X110 Y122.939
G0 X110 Y123.247
;TYPE:WALL-INNER
G1 F2400 E1391.46296
G1 F5400 X124.288 Y123.247 E1391.93818
G1 X124.531 Y123.164 E1391.94672
G1 X124.656 Y123.014 E1391.95322
G1 X124.696 Y122.846 E1391.95896
G1 X124.699 Y115.101 E1392.21656
G1 X123.901 Y115.101 E1392.2431
G1 X123.9 Y121.939 E1392.47053
G1 X123.724 Y122.274 E1392.48312
G1 X123.389 Y122.448 E1392.49568
G1 X96.7 Y122.448 E1393.38336
G1 X96.275 Y122.273 E1393.39864
G1 X96.1 Y121.937 E1393.41124
G1 X96.1 Y115.1 E1393.63864
G1 X95.3 Y115.1 E1393.66525
G1 X95.3 Y122.838 E1393.92262
G1 X95.329 Y122.984 E1393.92757
G1 X95.415 Y123.124 E1393.93303
G1 X95.667 Y123.248 E1393.94237
G1 X110 Y123.247 E1394.41909
G0 F15000 X110 Y123.647
;TYPE:WALL-OUTER
G1 F5400 X124.328 Y123.647 E1394.89564
G1 X124.567 Y123.597 E1394.90376
G1 X124.771 Y123.489 E1394.91144
G1 X125.032 Y123.164 E1394.92531
G1 X125.096 Y122.892 E1394.9346
G1 X125.099 Y114.701 E1395.20703
G1 X123.501 Y114.701 E1395.26018
G1 X123.498 Y121.883 E1395.49906
G1 X123.442 Y121.99 E1395.50307
G1 X123.335 Y122.046 E1395.50709
G1 X96.7 Y122.048 E1396.39297
G1 X96.558 Y121.99 E1396.39808
G1 X96.502 Y121.883 E1396.40209
G1 X96.5 Y114.7 E1396.641
G1 X94.9 Y114.7 E1396.69422
G1 X94.9 Y122.876 E1396.96615
G1 X94.947 Y123.12 E1396.97442
G1 X95.157 Y123.436 E1396.98704
G1 X95.437 Y123.604 E1396.9979
G1 X95.62 Y123.648 E1397.00416
G1 X110 Y123.647 E1397.48244
G0 F15000 X109.994 Y123.165
;TYPE:FILL
G1 F6943.7 X109.358 Y122.528 E1397.51238
G0 F15000 X110.072 Y122.528
G1 F6943.7 X109.902 Y123.164 E1397.53427
G0 F15000 X109.902 Y122.939
G0 X103.86 Y122.76
G0 X103.86 Y122.528
G1 F6943.7 X103.69 Y123.164 E1397.55617
G0 F15000 X103.69 Y122.939
G0 X101.507 Y122.939
G0 X101.507 Y123.163
G1 F6943.7 X100.872 Y122.528 E1397.58604
G0 F15000 X100.872 Y122.76
G0 X97.649 Y122.76
G0 X97.649 Y122.527
G1 F6943.7 X97.479 Y123.163 E1397.60793
G0 F15000 X96.806 Y122.528
G1 F6943.7 X95.401 Y122.904 E1397.65631
G0 F15000 X95.621 Y122.863
G0 X95.79 Y117.676
G0 X96.02 Y117.676
G1 F6943.7 X95.38 Y117.035 E1397.68643
G0 F15000 X95.38 Y116.698
G1 F6943.7 X96.019 Y116.527 E1397.70844
G0 F15000 X95.79 Y116.527
G0 X95.862 Y122.688
G0 X116.284 Y122.76
G0 X116.284 Y122.527
G1 F6943.7 X116.113 Y123.166 E1397.73044
G0 F15000 X116.113 Y122.939
G0 X117.606 Y122.939
G0 X117.606 Y123.166
G1 F6943.7 X119.988 Y122.528 E1397.81245
G0 F15000 X119.988 Y122.76
G0 X118.48 Y122.939
G0 X118.48 Y123.165
G1 F6943.7 X117.843 Y122.528 E1397.84242
G0 F15000 X117.843 Y122.76
G0 X122.324 Y122.939
G0 X122.324 Y123.167
G1 F6943.7 X122.496 Y122.527 E1397.86446
G0 F15000 X122.496 Y122.76
G0 X124.138 Y122.688
G0 X124.21 Y121.458
G0 X123.98 Y121.458
G1 F6943.7 X124.616 Y121.288 E1397.88636
G0 F15000 X124.618 Y120.818
G1 F6943.7 X123.98 Y120.18 E1397.91636
G0 F15000 X124.21 Y120.18
G0 X124.21 Y116.986
G0 X123.98 Y116.986
G1 F6943.7 X124.464 Y115.181 E1397.97852
G0 F15000 X124.225 Y115.181
G1 F6943.7 X123.981 Y115.246 E1397.98692
G1 F2400 E1397.18692
;MESH:NONMESH
G0 F300 Z4
G0 F15000 X124.18 Y115.41
G0 X123.724 Y114.924
G0 X123.724 Y113.835
G0 X125.953 Y106.153
G0 X125.963 Y97.037
G0 X125.874 Y96.587
G0 X125.686 Y96.236
G0 X122.626 Y92.965
G0 X122.626 Y91.876
G0 X110 Y91.39
G0 X110 Y91.7
;TIME_ELAPSED:1277.970302
;LAYER:19
;note -- min layer time used
;TYPE:WALL-INNER
;MESH:bno085_case_lid.stl
G1 F2400 E1397.98692
G1 F5400 X122.448 Y91.7 E1398.40094
G1 X122.448 Y69.7 E1399.13266
G1 X97.548 Y69.7 E1399.96084
G1 X97.548 Y91.7 E1400.69256
G1 X110 Y91.7 E1401.10672
G0 F15000 X110 Y92.1
;TYPE:WALL-OUTER
G1 F5400 X122.848 Y92.1 E1401.53405
G1 X122.848 Y69.3 E1402.29238
G1 X97.148 Y69.3 E1403.14716
G1 X97.148 Y92.1 E1403.90549
G1 X110 Y92.1 E1404.33295
G0 F15000 X110.357 Y91.62
;TYPE:FILL
G1 F6394 X116.21 Y69.779 E1405.08502
G0 F15000 X115.317 Y69.78
G1 F6394 X97.629 Y74.519 E1405.69407
G0 F15000 X97.86 Y74.519
G0 X97.86 Y72.814
G0 X97.628 Y72.814
G1 F6394 X116.434 Y91.62 E1406.57865
G1 X116.569 Y91.62
G1 X122.368 Y69.978 E1407.32386
G0 F15000 X122.14 Y69.978
G0 X122.14 Y72.098
G0 X122.368 Y72.098
G1 F6394 X120.05 Y69.78 E1407.43289
G0 F15000 X120.05 Y70.01
G0 X122.14 Y74.102
G0 X122.368 Y74.102
G1 F6394 X97.628 Y80.731 E1408.28477
G0 F15000 X97.628 Y81.3
G1 F6394 X107.948 Y91.62 E1408.77019
G0 F15000 X107.948 Y91.39
G0 X104.145 Y91.39
G0 X104.145 Y91.621
G1 F6394 X109.998 Y69.779 E1409.52229
G0 F15000 X109.998 Y70.01
G0 X111.564 Y70.01
G0 X111.564 Y69.78
G1 F6394 X122.368 Y80.583 E1410.03046
G0 F15000 X122.367 Y80.314
G1 F6394 X97.628 Y86.943 E1410.88231
G0 F15000 X97.86 Y86.943
G0 X97.86 Y89.785
G0 X97.628 Y89.785
G1 F6394 X99.463 Y91.62 E1410.96862
G0 F15000 X99.463 Y91.39
G0 X97.934 Y91.39
G0 X97.934 Y91.62
G1 F6394 X103.786 Y69.78 E1411.72064
G0 F15000 X103.079 Y69.78
G1 F6394 X122.368 Y89.069 E1412.62794
G0 F15000 X122.14 Y89.069
G0 X122.14 Y86.525
G0 X122.367 Y86.525
G1 F6394 X103.354 Y91.62 E1413.28263
G0 F15000 X103.354 Y91.09
G1 F2400 E1412.48263
;MESH:bno085_case_body.stl
G0 F15000 X97.374 Y91.876
G0 X97.374 Y92.965
G0 X97.373 Y95.486
G0 X97.374 Y96.561
G0 X96.016 Y96.585
G0 X95.79 Y104.62
G0 X96.1 Y104.9
;TYPE:WALL-INNER
G1 F2400 E1413.28263
G1 F5400 X96.1 Y98.148 E1413.5072
G1 X96.275 Y97.723 E1413.52249
G1 X96.611 Y97.548 E1413.53509
G1 X123.3 Y97.548 E1414.42277
G1 X123.724 Y97.722 E1414.43801
G1 X123.9 Y98.148 E1414.45334
G1 X123.9 Y104.9 E1414.67791
G1 X124.7 Y104.9 E1414.70452
G1 X124.696 Y97.158 E1414.96202
G1 X124.668 Y97.012 E1414.96697
G1 X124.575 Y96.866 E1414.97272
G1 X124.259 Y96.748 E1414.98394
G1 X95.714 Y96.748 E1415.93335
G1 X95.582 Y96.775 E1415.93783
G1 X95.425 Y96.871 E1415.94395
G1 X95.329 Y97.006 E1415.94946
G1 X95.3 Y97.144 E1415.95415
G1 X95.3 Y104.9 E1416.21212
G1 X96.1 Y104.9 E1416.23873
G0 F15000 X96.5 Y105.3
;TYPE:WALL-OUTER
G1 F5400 X96.5 Y98.148 E1416.4766
G1 X96.558 Y98.006 E1416.48171
G1 X96.665 Y97.95 E1416.48572
G1 X123.3 Y97.948 E1417.37161
G1 X123.442 Y98.006 E1417.37671
G1 X123.5 Y98.148 E1417.38181
G1 X123.5 Y105.3 E1417.61969
G1 X125.1 Y105.3 E1417.6729
G1 X125.096 Y97.12 E1417.94497
G1 X125.049 Y96.876 E1417.95324
G1 X124.839 Y96.561 E1417.96583
G1 X124.642 Y96.431 E1417.97368
G1 X124.307 Y96.348 E1417.98516
G1 X95.673 Y96.348 E1418.93753
G1 X95.434 Y96.397 E1418.94564
G1 X95.161 Y96.563 E1418.95627
G1 X94.947 Y96.874 E1418.96883
G1 X94.9 Y97.104 E1418.97663
G1 X94.9 Y105.3 E1419.24923
G1 X96.5 Y105.3 E1419.30245
G0 F15000 X96.22 Y105.02
G0 X95.79 Y104.25
G0 X96.02 Y104.25
;TYPE:FILL
G1 F6394 X95.381 Y104.421 E1419.32445
G0 F15000 X95.61 Y104.422
G0 X95.79 Y100.505
G0 X96.019 Y100.505
G1 F6394 X95.38 Y99.866 E1419.35451
G0 F15000 X95.611 Y99.867
G0 X95.611 Y98.21
G0 X95.38 Y98.209
G1 F6394 X96.082 Y98.021 E1419.37868
G0 F15000 X95.79 Y98.021
G0 X95.862 Y97.312
G0 X98.006 Y97.24
G0 X98.006 Y97.469
G1 F6394 X98.178 Y96.828 E1419.40075
G0 F15000 X98.144 Y97.469
G1 F6394 X100.535 Y96.828 E1419.48309
G0 F15000 X100.828 Y96.828
G1 F6394 X101.468 Y97.468 E1419.51319
G0 F15000 X101.468 Y97.24
G0 X104.217 Y97.24
G0 X104.217 Y97.469
G1 F6394 X104.389 Y96.827 E1419.5353
G0 F15000 X104.389 Y97.061
G0 X109.313 Y97.061
G0 X109.313 Y96.828
G1 F6394 X109.953 Y97.468 E1419.5654
G0 F15000 X110.429 Y97.468
G1 F6394 X110.601 Y96.828 E1419.58744
G0 F15000 X110.601 Y97.061
G0 X116.641 Y97.24
G0 X116.641 Y97.469
G1 F6394 X116.812 Y96.828 E1419.60951
G0 F15000 X117.798 Y96.828
G1 F6394 X118.438 Y97.468 E1419.63961
G0 F15000 X118.438 Y97.24
G0 X121.328 Y97.24
G0 X121.328 Y97.468
G1 F6394 X123.717 Y96.828 E1419.72187
G0 F15000 X123.024 Y96.827
G1 F6394 X122.852 Y97.469 E1419.74398
G0 F15000 X122.852 Y97.24
G0 X124.138 Y97.312
G0 X124.389 Y102.798
G0 X124.618 Y102.798
G1 F6394 X123.981 Y102.969 E1419.76591
G1 X123.98 Y103.01
G1 X124.62 Y103.65 E1419.79602
G1 F2400 E1418.99602
G0 F15000 X124.389 Y103.65
G0 X123.724 Y105.076
G0 X123.724 Y106.165
G0 X122.647 Y113.847
G0 X122.647 Y121.197
G0 X123.724 Y122.274
G0 X110 Y122.939
G0 X110 Y123.248
;TYPE:WALL-INNER
G1 F2400 E1419.79602
G1 F5400 X124.272 Y123.248 E1420.27071
G1 X124.462 Y123.198 E1420.27724
G1 X124.589 Y123.105 E1420.28248
G1 X124.696 Y122.852 E1420.29161
G1 X124.699 Y115.101 E1420.54941
G1 X123.901 Y115.101 E1420.57595
G1 X123.9 Y121.939 E1420.80339
G1 X123.724 Y122.274 E1420.81597
G1 X123.389 Y122.448 E1420.82853
G1 X96.7 Y122.448 E1421.71621
G1 X96.275 Y122.273 E1421.73149
G1 X96.1 Y121.937 E1421.74409
G1 X96.1 Y115.1 E1421.97149
G1 X95.3 Y115.1 E1421.9981
G1 X95.3 Y122.888 E1422.25713
G1 X95.438 Y123.134 E1422.26651
G1 X95.582 Y123.221 E1422.27211
G1 X95.723 Y123.248 E1422.27688
G1 X110 Y123.248 E1422.75174
G0 F15000 X110 Y123.648
;TYPE:WALL-OUTER
G1 F5400 X124.322 Y123.648 E1423.22809
G1 X124.636 Y123.567 E1423.23888
G1 X124.889 Y123.381 E1423.24932
G1 X125.047 Y123.124 E1423.25935
G1 X125.096 Y122.894 E1423.26718
G1 X125.099 Y114.701 E1423.53968
G1 X123.501 Y114.701 E1423.59283
G1 X123.498 Y121.883 E1423.8317
G1 X123.442 Y121.99 E1423.83572
G1 X123.335 Y122.046 E1423.83973
G1 X96.7 Y122.048 E1424.72562
G1 X96.558 Y121.99 E1424.73072
G1 X96.502 Y121.883 E1424.73474
G1 X96.5 Y114.7 E1424.97364
G1 X94.9 Y114.7 E1425.02686
G1 X94.9 Y122.949 E1425.30122
G1 X94.973 Y123.183 E1425.30938
G1 X95.165 Y123.436 E1425.31994
G1 X95.437 Y123.601 E1425.33052
G1 X95.687 Y123.648 E1425.33898
G1 X110 Y123.648 E1425.81503
G0 F15000 X110.197 Y123.168
;TYPE:FILL
G1 F6394 X109.557 Y122.528 E1425.84514
G0 F15000 X109.926 Y122.528
G1 F6394 X109.754 Y123.168 E1425.86718
G0 F15000 X109.754 Y122.939
G0 X103.715 Y122.76
G0 X103.715 Y122.527
G1 F6394 X103.543 Y123.169 E1425.88928
G0 F15000 X103.543 Y122.939
G0 X101.712 Y122.939
G0 X101.712 Y123.168
G1 F6394 X101.072 Y122.528 E1425.91939
G0 F15000 X101.072 Y122.76
G0 X97.503 Y122.76
G0 X97.503 Y122.528
G1 F6394 X97.331 Y123.169 E1425.94146
G0 F15000 X97.351 Y122.528
G1 F6394 X95.464 Y123.033 E1426.00643
G0 F15000 X95.647 Y122.899
G0 X95.79 Y117.477
G0 X96.02 Y117.477
G1 F6394 X95.38 Y116.836 E1426.03656
G1 X95.38 Y116.844
G1 X96.019 Y116.673 E1426.05856
G0 F15000 X95.79 Y116.673
G0 X95.862 Y122.688
G0 X116.138 Y122.76
G0 X116.138 Y122.528
G1 F6394 X115.966 Y123.168 E1426.0806
G0 F15000 X115.966 Y122.939
G0 X118.042 Y122.76
G0 X118.042 Y122.528
G1 F6394 X118.682 Y123.168 E1426.11071
G0 F15000 X118.142 Y123.168
G1 F6394 X120.534 Y122.528 E1426.19306
G0 F15000 X120.534 Y122.76
G0 X122.178 Y122.939
G0 X122.178 Y123.168
G1 F6394 X122.35 Y122.527 E1426.21514
G0 F15000 X122.35 Y122.76
G0 X124.138 Y122.688
G0 X124.21 Y121.604
G0 X123.98 Y121.604
G1 F6394 X124.617 Y121.434 E1426.23707
G0 F15000 X124.617 Y120.618
G1 F6394 X123.98 Y119.98 E1426.26705
G0 F15000 X124.21 Y119.98
G0 X124.21 Y116.44
G0 X123.981 Y116.44
G1 F6394 X124.318 Y115.181 E1426.3104
G0 F15000 X124.619 Y115.221
G1 F6394 X123.981 Y115.392 E1426.33237
G1 F2400 E1425.53237
;MESH:NONMESH
G0 F300 Z4.2
G0 F15000 X124.21 Y115.41
G0 X123.724 Y114.924
G0 X123.724 Y113.835
G0 X125.953 Y106.153
G0 X125.963 Y97.037
G0 X125.874 Y96.587
G0 X125.692 Y96.248
G0 X122.626 Y92.965
G0 X122.626 Y91.876
G0 X110 Y91.39
G0 X110 Y91.7
;TIME_ELAPSED:1305.320543
;LAYER:20
;TYPE:WALL-INNER
;MESH:bno085_case_lid.stl
G1 F2400 E1426.33237
G1 F5400 X122.448 Y91.7 E1426.74639
G1 X122.448 Y69.7 E1427.47811
G1 X97.548 Y69.7 E1428.30629
G1 X97.548 Y91.7 E1429.03801
G1 X110 Y91.7 E1429.45217
G0 F15000 X110 Y92.1
;TYPE:WALL-OUTER
G1 F5400 X122.848 Y92.1 E1429.8795
G1 X122.848 Y69.3 E1430.63783
G1 X97.148 Y69.3 E1431.49261
G1 X97.148 Y92.1 E1432.25094
G1 X110 Y92.1 E1432.6784
G0 F15000 X110.027 Y91.42
;TYPE:FILL
G1 F2700 X122.168 Y79.28 E1433.02103
G0 F15000 X122.168 Y79.846
G1 F2700 X110.593 Y91.42 E1433.34769
G0 F15000 X111.159 Y91.42
G1 F2700 X122.168 Y80.411 E1433.65839
G0 F15000 X122.168 Y80.977
G1 F2700 X111.724 Y91.42 E1433.95313
G0 F15000 X112.29 Y91.42
G1 F2700 X122.168 Y81.543 E1434.23189
G0 F15000 X122.168 Y82.109
G1 F2700 X112.856 Y91.42 E1434.49468
G0 F15000 X113.421 Y91.42
G1 F2700 X122.168 Y82.674 E1434.74153
G0 F15000 X122.168 Y83.24
G1 F2700 X113.987 Y91.42 E1434.9724
G0 F15000 X114.553 Y91.42
G1 F2700 X122.168 Y83.806 E1435.1873
G0 F15000 X122.168 Y84.371
G1 F2700 X115.118 Y91.42 E1435.38625
G0 F15000 X115.684 Y91.42
G1 F2700 X122.168 Y84.937 E1435.56923
G0 F15000 X122.168 Y85.503
G1 F2700 X116.25 Y91.42 E1435.73623
G0 F15000 X116.815 Y91.42
G1 F2700 X122.168 Y86.068 E1435.88729
G0 F15000 X122.168 Y86.634
G1 F2700 X117.381 Y91.42 E1436.02238
G0 F15000 X117.947 Y91.42
G1 F2700 X122.168 Y87.2 E1436.14149
G0 F15000 X122.168 Y87.765
G1 F2700 X118.513 Y91.42 E1436.24464
G0 F15000 X119.078 Y91.42
G1 F2700 X122.168 Y88.331 E1436.33183
G0 F15000 X122.168 Y88.897
G1 F2700 X119.644 Y91.42 E1436.40305
G0 F15000 X120.21 Y91.42
G1 F2700 X122.168 Y89.462 E1436.45831
G0 F15000 X122.168 Y90.028
G1 F2700 X120.775 Y91.42 E1436.49761
G0 F15000 X121.341 Y91.42
G1 F2700 X122.168 Y90.594 E1436.52093
G0 F15000 X122.168 Y91.159
G1 F2700 X121.907 Y91.42 E1436.5283
G0 F15000 X121.907 Y91.39
G0 X109.462 Y91.39
G0 X109.462 Y91.42
G1 F2700 X122.168 Y78.714 E1436.88689
G0 F15000 X122.168 Y78.149
G1 F2700 X108.896 Y91.42 E1437.26144
G0 F15000 X108.33 Y91.42
G1 F2700 X122.168 Y77.583 E1437.65197
G0 F15000 X122.168 Y77.017
G1 F2700 X107.764 Y91.42 E1438.05846
G0 F15000 X107.199 Y91.42
G1 F2700 X122.168 Y76.452 E1438.48091
G0 F15000 X122.168 Y75.886
G1 F2700 X106.633 Y91.42 E1438.91932
G0 F15000 X106.067 Y91.42
G1 F2700 X122.168 Y75.32 E1439.37371
G0 F15000 X122.168 Y74.755
G1 F2700 X105.502 Y91.42 E1439.84405
G0 F15000 X104.936 Y91.42
G1 F2700 X122.168 Y74.189 E1440.33036
G0 F15000 X122.168 Y73.623
G1 F2700 X104.37 Y91.42 E1440.83265
G0 F15000 X103.805 Y91.42
G1 F2700 X122.168 Y73.058 E1441.35087
G0 F15000 X122.168 Y72.492
G1 F2700 X103.239 Y91.42 E1441.88508
G0 F15000 X102.673 Y91.42
G1 F2700 X122.168 Y71.926 E1442.43525
G0 F15000 X122.168 Y71.361
G1 F2700 X102.108 Y91.42 E1443.00138
G0 F15000 X101.542 Y91.42
G1 F2700 X122.168 Y70.795 E1443.58347
G0 F15000 X122.168 Y70.229
G1 F2700 X100.976 Y91.42 E1444.18154
G0 F15000 X100.411 Y91.42
G1 F2700 X121.851 Y69.98 E1444.78663
G0 F15000 X121.286 Y69.98
G1 F2700 X99.845 Y91.42 E1445.39172
G0 F15000 X99.279 Y91.42
G1 F2700 X120.72 Y69.98 E1445.99682
G0 F15000 X120.154 Y69.98
G1 F2700 X98.714 Y91.42 E1446.6019
G0 F15000 X98.148 Y91.42
G1 F2700 X119.589 Y69.98 E1447.207
G0 F15000 X119.023 Y69.98
G1 F2700 X97.828 Y91.174 E1447.80516
G0 F15000 X97.828 Y90.609
G1 F2700 X118.457 Y69.98 E1448.38735
G0 F15000 X117.892 Y69.98
G1 F2700 X97.828 Y90.043 E1448.95359
G0 F15000 X97.828 Y89.477
G1 F2700 X117.326 Y69.98 E1449.50385
G0 F15000 X116.76 Y69.98
G1 F2700 X97.828 Y88.912 E1450.03815
G0 F15000 X97.828 Y88.346
G1 F2700 X116.195 Y69.98 E1450.55649
G0 F15000 X115.629 Y69.98
G1 F2700 X97.828 Y87.78 E1451.05886
G0 F15000 X97.828 Y87.215
G1 F2700 X115.063 Y69.98 E1451.54527
G0 F15000 X114.498 Y69.98
G1 F2700 X97.828 Y86.649 E1452.01572
G0 F15000 X97.828 Y86.083
G1 F2700 X113.932 Y69.98 E1452.47019
G0 F15000 X113.366 Y69.98
G1 F2700 X97.828 Y85.517 E1452.9087
G0 F15000 X97.828 Y84.952
G1 F2700 X112.801 Y69.98 E1453.33125
G0 F15000 X112.235 Y69.98
G1 F2700 X97.828 Y84.386 E1453.73784
G0 F15000 X97.828 Y83.82
G1 F2700 X111.669 Y69.98 E1454.12844
G0 F15000 X111.103 Y69.98
G1 F2700 X97.828 Y83.255 E1454.50309
G0 F15000 X97.828 Y82.689
G1 F2700 X110.538 Y69.98 E1454.86178
G0 F15000 X109.972 Y69.98
G1 F2700 X97.828 Y82.123 E1455.2045
G0 F15000 X97.828 Y81.558
G1 F2700 X109.406 Y69.98 E1455.53125
G0 F15000 X108.841 Y69.98
G1 F2700 X97.828 Y80.992 E1455.84205
G0 F15000 X97.828 Y80.426
G1 F2700 X108.275 Y69.98 E1456.13687
G0 F15000 X107.709 Y69.98
G1 F2700 X97.828 Y79.861 E1456.41574
G0 F15000 X97.828 Y79.295
G1 F2700 X107.144 Y69.98 E1456.67864
G0 F15000 X106.578 Y69.98
G1 F2700 X97.828 Y78.729 E1456.92557
G0 F15000 X97.828 Y78.164
G1 F2700 X106.012 Y69.98 E1457.15654
G0 F15000 X105.447 Y69.98
G1 F2700 X97.828 Y77.598 E1457.37155
G0 F15000 X97.828 Y77.032
G1 F2700 X104.881 Y69.98 E1457.57059
G0 F15000 X104.315 Y69.98
G1 F2700 X97.828 Y76.467 E1457.75367
G0 F15000 X97.828 Y75.901
G1 F2700 X103.75 Y69.98 E1457.92078
G0 F15000 X103.184 Y69.98
G1 F2700 X97.828 Y75.335 E1458.07193
G0 F15000 X97.828 Y74.769
G1 F2700 X102.618 Y69.98 E1458.2071
G0 F15000 X102.052 Y69.98
G1 F2700 X97.828 Y74.204 E1458.32631
G0 F15000 X97.828 Y73.638
G1 F2700 X101.487 Y69.98 E1458.42956
G0 F15000 X100.921 Y69.98
G1 F2700 X97.828 Y73.072 E1458.51683
G0 F15000 X97.828 Y72.507
G1 F2700 X100.355 Y69.98 E1458.58815
G0 F15000 X99.79 Y69.98
G1 F2700 X97.828 Y71.941 E1458.64351
G0 F15000 X97.828 Y71.375
G1 F2700 X99.224 Y69.98 E1458.68289
G0 F15000 X98.658 Y69.98
G1 F2700 X97.828 Y70.81 E1458.70632
G0 F15000 X97.828 Y70.244
G1 F2700 X98.093 Y69.98 E1458.71378
G0 F15000 X98.16 Y70.31
G1 F2400 E1457.91378
;MESH:bno085_case_body.stl
G0 F15000 X97.374 Y91.876
G0 X97.374 Y92.965
G0 X97.373 Y95.486
G0 X97.374 Y96.561
G0 X96.152 Y96.751
G0 X95.79 Y104.62
G0 X96.1 Y104.9
;TYPE:WALL-INNER
G1 F2400 E1458.71378
G1 F5400 X96.1 Y98.148 E1458.93836
G1 X96.275 Y97.723 E1458.95364
G1 X96.611 Y97.548 E1458.96624
G1 X123.3 Y97.548 E1459.85392
G1 X123.724 Y97.722 E1459.86917
G1 X123.9 Y98.148 E1459.8845
G1 X123.9 Y104.9 E1460.10907
G1 X124.7 Y104.9 E1460.13568
G1 X124.696 Y97.158 E1460.39318
G1 X124.668 Y97.012 E1460.39812
G1 X124.585 Y96.877 E1460.40339
G1 X124.418 Y96.777 E1460.40987
G1 X124.27 Y96.748 E1460.41488
G1 X95.713 Y96.748 E1461.36469
G1 X95.454 Y96.838 E1461.37381
G1 X95.356 Y96.96 E1461.37902
G1 X95.3 Y97.162 E1461.38599
G1 X95.3 Y104.9 E1461.64336
G1 X96.1 Y104.9 E1461.66996
G0 F15000 X96.5 Y105.3
;TYPE:WALL-OUTER
G1 F5400 X96.5 Y98.148 E1461.90784
G1 X96.558 Y98.006 E1461.91294
G1 X96.665 Y97.95 E1461.91696
G1 X123.3 Y97.948 E1462.80284
G1 X123.442 Y98.006 E1462.80794
G1 X123.5 Y98.148 E1462.81305
G1 X123.5 Y105.3 E1463.05092
G1 X125.1 Y105.3 E1463.10414
G1 X125.096 Y97.12 E1463.37621
G1 X125.049 Y96.876 E1463.38447
G1 X124.843 Y96.565 E1463.39688
G1 X124.563 Y96.398 E1463.40772
G1 X124.308 Y96.348 E1463.41636
G1 X95.673 Y96.348 E1464.36877
G1 X95.429 Y96.399 E1464.37706
G1 X95.221 Y96.509 E1464.38489
G1 X94.988 Y96.79 E1464.39703
G1 X94.9 Y97.108 E1464.408
G1 X94.9 Y105.3 E1464.68047
G1 X96.5 Y105.3 E1464.73368
G0 F15000 X95.89 Y104.821
;TYPE:FILL
G1 F10800 X96.02 Y104.334 E1464.75045
G1 X96.019 Y104.396
G1 X95.381 Y104.567 E1464.77242
G0 F15000 X95.61 Y104.568
G0 X95.79 Y100.306
G0 X96.019 Y100.306
G1 F10800 X95.38 Y99.667 E1464.80247
G0 F15000 X95.611 Y99.668
G0 X95.611 Y98.356
G0 X95.38 Y98.355
G1 F10800 X96.02 Y98.184 E1464.82451
G0 F15000 X95.79 Y98.184
G0 X95.862 Y97.312
G0 X97.86 Y97.24
G0 X97.86 Y97.468
G1 F10800 X98.031 Y96.828 E1464.84654
G0 F15000 X98.689 Y97.468
G1 F10800 X101.081 Y96.828 E1464.9289
G1 X101.027 Y96.828
G1 X101.667 Y97.468 E1464.959
G0 F15000 X101.667 Y97.24
G0 X104.071 Y97.24
G0 X104.071 Y97.469
G1 F10800 X104.243 Y96.827 E1464.98111
G0 F15000 X104.243 Y97.061
G0 X109.512 Y97.061
G0 X109.512 Y96.828
G1 F10800 X110.152 Y97.468 E1465.01121
G1 X110.283 Y97.469
G1 X110.455 Y96.827 E1465.03332
G0 F15000 X110.455 Y97.061
G0 X116.495 Y97.24
G0 X116.495 Y97.468
G1 F10800 X116.667 Y96.827 E1465.05539
G0 F15000 X116.667 Y97.061
G0 X117.998 Y97.061
G0 X117.998 Y96.828
G1 F10800 X118.638 Y97.468 E1465.08549
G0 F15000 X118.638 Y97.24
G0 X121.873 Y97.24
G0 X121.873 Y97.468
G1 F10800 X124.263 Y96.828 E1465.16779
G0 F15000 X124.243 Y97.059
G0 X122.878 Y97.061
G0 X122.878 Y96.828
G1 F10800 X122.706 Y97.469 E1465.18986
G0 F15000 X122.706 Y97.24
G0 X124.138 Y97.312
G0 X124.21 Y102.81
G0 X123.98 Y102.81
G1 F10800 X124.62 Y103.45 E1465.21996
G0 F15000 X124.618 Y102.944
G1 F10800 X123.981 Y103.115 E1465.2419
G1 F2400 E1464.4419
G0 F15000 X124.21 Y103.115
G0 X123.724 Y105.076
G0 X123.724 Y106.165
G0 X122.647 Y113.847
G0 X122.647 Y121.197
G0 X123.724 Y122.274
G0 X110 Y122.939
G0 X110 Y123.248
;TYPE:WALL-INNER
G1 F2400 E1465.2419
G1 F5400 X124.364 Y123.247 E1465.71965
G1 X124.549 Y123.156 E1465.72651
G1 X124.644 Y123.03 E1465.73176
G1 X124.696 Y122.834 E1465.7385
G1 X124.699 Y115.101 E1465.9957
G1 X123.901 Y115.101 E1466.02224
G1 X123.9 Y121.939 E1466.24968
G1 X123.724 Y122.274 E1466.26226
G1 X123.389 Y122.448 E1466.27482
G1 X96.7 Y122.448 E1467.1625
G1 X96.275 Y122.273 E1467.17778
G1 X96.1 Y121.937 E1467.19038
G1 X96.1 Y115.1 E1467.41778
G1 X95.3 Y115.1 E1467.44439
G1 X95.3 Y122.838 E1467.70176
G1 X95.329 Y122.986 E1467.70677
G1 X95.416 Y123.125 E1467.71223
G1 X95.66 Y123.248 E1467.72132
G1 X110 Y123.248 E1468.19827
G0 F15000 X110 Y123.647
;TYPE:WALL-OUTER
G1 F5400 X124.326 Y123.647 E1468.67475
G1 X124.529 Y123.612 E1468.6816
G1 X124.777 Y123.489 E1468.69081
G1 X125.014 Y123.196 E1468.70334
G1 X125.096 Y122.886 E1468.71401
G1 X125.099 Y114.701 E1468.98624
G1 X123.501 Y114.701 E1469.03939
G1 X123.498 Y121.883 E1469.27827
G1 X123.442 Y121.99 E1469.28229
G1 X123.335 Y122.046 E1469.2863
G1 X96.7 Y122.048 E1470.17219
G1 X96.558 Y121.99 E1470.17729
G1 X96.502 Y121.883 E1470.1813
G1 X96.5 Y114.7 E1470.42021
G1 X94.9 Y114.7 E1470.47343
G1 X94.9 Y122.876 E1470.74536
G1 X94.947 Y123.12 E1470.75363
G1 X95.158 Y123.436 E1470.76627
G1 X95.399 Y123.588 E1470.77574
G1 X95.602 Y123.648 E1470.78278
G1 X110 Y123.647 E1471.26166
G0 F15000 X109.609 Y123.168
;TYPE:FILL
G1 F10800 X109.78 Y122.527 E1471.28373
G1 X109.756 Y122.528
G1 X110.395 Y123.167 E1471.31378
G0 F15000 X110.395 Y122.939
G0 X115.82 Y122.939
G0 X115.82 Y123.167
G1 F10800 X115.992 Y122.528 E1471.33579
G0 F15000 X115.992 Y122.76
G0 X118.242 Y122.76
G0 X118.242 Y122.528
G1 F10800 X118.88 Y123.167 E1471.36583
G1 X118.691 Y123.167
G1 X121.078 Y122.528 E1471.44801
G0 F15000 X121.078 Y122.76
G0 X122.204 Y122.76
G0 X122.204 Y122.528
G1 F10800 X122.032 Y123.167 E1471.47002
G0 F15000 X122.032 Y122.939
G0 X124.138 Y122.688
G0 X124.21 Y121.75
G0 X123.981 Y121.75
G1 F10800 X124.616 Y121.58 E1471.49189
G0 F15000 X124.389 Y121.579
G0 X124.389 Y120.418
G0 X124.618 Y120.419
G1 F10800 X123.98 Y119.781 E1471.5219
G0 F15000 X124.21 Y119.781
G0 X124.21 Y115.896
G0 X123.981 Y115.896
G1 F10800 X124.172 Y115.181 E1471.54651
G0 F15000 X123.981 Y115.538
G1 F10800 X124.619 Y115.367 E1471.56848
G0 F15000 X124.39 Y115.366
G0 X124.138 Y122.688
G0 X103.569 Y122.76
G0 X103.569 Y122.528
G1 F10800 X103.397 Y123.168 E1471.59052
G0 F15000 X103.397 Y122.939
G0 X101.91 Y122.939
G0 X101.91 Y123.167
G1 F10800 X101.271 Y122.528 E1471.62058
G0 F15000 X101.271 Y122.76
G0 X97.895 Y122.76
G0 X97.895 Y122.528
G1 F10800 X95.607 Y123.141 E1471.69936
G0 F15000 X95.696 Y122.939
G0 X97.185 Y122.939
G0 X97.185 Y123.168
G1 F10800 X97.357 Y122.528 E1471.7214
G0 F15000 X97.357 Y122.76
G0 X95.862 Y122.688
G0 X95.79 Y117.277
G0 X96.02 Y117.277
G1 F10800 X95.38 Y116.637 E1471.75151
G0 F15000 X95.38 Y116.99
G1 F10800 X96.02 Y116.819 E1471.77354
G1 F2400 E1470.97354
;MESH:NONMESH
G0 F300 Z4.4
G0 F15000 X95.79 Y116.819
G0 X96.276 Y114.924
G0 X96.276 Y113.835
G0 X94.047 Y106.153
G0 X94.038 Y96.995
G0 X94.192 Y96.425
G0 X94.34 Y96.207
G0 X97.374 Y92.965
G0 X97.374 Y91.876
G0 X110 Y91.39
G0 X110 Y91.7
;TIME_ELAPSED:1365.358692
;LAYER:21
;TYPE:WALL-INNER
;MESH:bno085_case_lid.stl
G1 F2400 E1471.77354
G1 F5400 X122.448 Y91.7 E1472.18756
G1 X122.448 Y69.7 E1472.91929
G1 X97.548 Y69.7 E1473.74746
G1 X97.548 Y91.7 E1474.47919
G1 X110 Y91.7 E1474.89334
G0 F15000 X110 Y92.1
;TYPE:WALL-OUTER
G1 F5400 X122.848 Y92.1 E1475.32067
G1 X122.848 Y69.3 E1476.079
G1 X97.148 Y69.3 E1476.93378
G1 X97.148 Y92.1 E1477.69212
G1 X110 Y92.1 E1478.11958
G0 F15000 X110 Y91.34
;TYPE:SKIN
G1 F5400 X97.908 Y91.34 E1478.52176
G1 X97.908 Y70.06 E1479.22953
G1 X122.088 Y70.06 E1480.03376
G1 X122.088 Y91.34 E1480.74154
G1 X110 Y91.34 E1481.14359
G1 F2400 E1480.34359
G0 F15000 X110 Y91.6
G0 X121.557 Y91.6
G0 X121.557 Y91.14
G1 F2400 E1481.14359
G1 F5400 X121.888 Y90.809 E1481.15916
G0 F15000 X121.888 Y90.244
G1 F5400 X120.992 Y91.14 E1481.2013
G0 F15000 X120.426 Y91.14
G1 F5400 X121.888 Y89.678 E1481.27007
G0 F15000 X121.888 Y89.112
G1 F5400 X119.86 Y91.14 E1481.36546
G0 F15000 X119.295 Y91.14
G1 F5400 X121.888 Y88.547 E1481.48743
G0 F15000 X121.888 Y87.981
G1 F5400 X118.729 Y91.14 E1481.63602
G0 F15000 X118.163 Y91.14
G1 F5400 X121.888 Y87.415 E1481.81123
G0 F15000 X121.888 Y86.85
G1 F5400 X117.598 Y91.14 E1482.01302
G0 F15000 X117.032 Y91.14
G1 F5400 X121.888 Y86.284 E1482.24143
G0 F15000 X121.888 Y85.718
G1 F5400 X116.466 Y91.14 E1482.49646
G0 F15000 X115.9 Y91.14
G1 F5400 X121.888 Y85.153 E1482.7781
G0 F15000 X121.888 Y84.587
G1 F5400 X115.335 Y91.14 E1483.08633
G0 F15000 X114.769 Y91.14
G1 F5400 X121.888 Y84.021 E1483.42119
G0 F15000 X121.888 Y83.456
G1 F5400 X114.203 Y91.14 E1483.78264
G0 F15000 X113.638 Y91.14
G1 F5400 X121.888 Y82.89 E1484.1707
G0 F15000 X121.888 Y82.324
G1 F5400 X113.072 Y91.14 E1484.58537
G0 F15000 X112.506 Y91.14
G1 F5400 X121.888 Y81.759 E1485.02665
G0 F15000 X121.888 Y81.193
G1 F5400 X111.941 Y91.14 E1485.49453
G0 F15000 X111.375 Y91.14
G1 F5400 X121.888 Y80.627 E1485.98903
G0 F15000 X121.888 Y80.061
G1 F5400 X110.809 Y91.14 E1486.51015
G0 F15000 X110.244 Y91.14
G1 F5400 X121.888 Y79.496 E1487.05785
G0 F15000 X121.888 Y78.93
G1 F5400 X109.678 Y91.14 E1487.63217
G0 F15000 X109.112 Y91.14
G1 F5400 X121.888 Y78.364 E1488.23311
G0 F15000 X121.888 Y77.799
G1 F5400 X108.547 Y91.14 E1488.86063
G0 F15000 X107.981 Y91.14
G1 F5400 X121.888 Y77.233 E1489.51477
G0 F15000 X121.888 Y76.667
G1 F5400 X107.415 Y91.14 E1490.19554
G0 F15000 X106.849 Y91.14
G1 F5400 X121.888 Y76.102 E1490.9029
G0 F15000 X121.888 Y75.536
G1 F5400 X106.284 Y91.14 E1491.63687
G0 F15000 X105.718 Y91.14
G1 F5400 X121.888 Y74.97 E1492.39746
G0 F15000 X121.888 Y74.405
G1 F5400 X105.152 Y91.14 E1493.18464
G0 F15000 X104.587 Y91.14
G1 F5400 X121.888 Y73.839 E1493.99843
G0 F15000 X121.888 Y73.273
G1 F5400 X104.021 Y91.14 E1494.83884
G0 F15000 X103.455 Y91.14
G1 F5400 X121.888 Y72.708 E1495.70585
G0 F15000 X121.888 Y72.142
G1 F5400 X102.89 Y91.14 E1496.59945
G0 F15000 X102.324 Y91.14
G1 F5400 X121.888 Y71.576 E1497.51968
G0 F15000 X121.888 Y71.01
G1 F5400 X101.758 Y91.14 E1498.46654
G0 F15000 X101.193 Y91.14
G1 F5400 X121.888 Y70.445 E1499.43997
G0 F15000 X121.508 Y70.26
G1 F5400 X100.627 Y91.14 E1500.42212
G0 F15000 X100.061 Y91.14
G1 F5400 X120.942 Y70.26 E1501.40428
G0 F15000 X120.376 Y70.26
G1 F5400 X99.496 Y91.14 E1502.38641
G0 F15000 X98.93 Y91.14
G1 F5400 X119.811 Y70.26 E1503.36856
G0 F15000 X119.245 Y70.26
G1 F5400 X98.364 Y91.14 E1504.35072
G0 F15000 X98.108 Y90.831
G1 F5400 X118.679 Y70.26 E1505.31831
G0 F15000 X118.114 Y70.26
G1 F5400 X98.108 Y90.265 E1506.25931
G0 F15000 X98.108 Y89.699
G1 F5400 X117.548 Y70.26 E1507.17368
G0 F15000 X116.982 Y70.26
G1 F5400 X98.108 Y89.134 E1508.06146
G0 F15000 X98.108 Y88.568
G1 F5400 X116.417 Y70.26 E1508.92264
G0 F15000 X115.851 Y70.26
G1 F5400 X98.108 Y88.002 E1509.75719
G0 F15000 X98.108 Y87.437
G1 F5400 X115.285 Y70.26 E1510.56514
G0 F15000 X114.72 Y70.26
G1 F5400 X98.108 Y86.871 E1511.3465
G0 F15000 X98.108 Y86.305
G1 F5400 X114.154 Y70.26 E1512.10123
G0 F15000 X113.588 Y70.26
G1 F5400 X98.108 Y85.74 E1512.82936
G0 F15000 X98.108 Y85.174
G1 F5400 X113.023 Y70.26 E1513.53089
G0 F15000 X112.457 Y70.26
G1 F5400 X98.108 Y84.608 E1514.2058
G0 F15000 X98.108 Y84.042
G1 F5400 X111.891 Y70.26 E1514.85409
G0 F15000 X111.325 Y70.26
G1 F5400 X98.108 Y83.477 E1515.47577
G0 F15000 X98.108 Y82.911
G1 F5400 X110.76 Y70.26 E1516.07086
G0 F15000 X110.194 Y70.26
G1 F5400 X98.108 Y82.345 E1516.63933
G0 F15000 X98.108 Y81.78
G1 F5400 X109.628 Y70.26 E1517.18119
G0 F15000 X109.063 Y70.26
G1 F5400 X98.108 Y81.214 E1517.69646
G0 F15000 X98.108 Y80.648
G1 F5400 X108.497 Y70.26 E1518.1851
G0 F15000 X107.931 Y70.26
G1 F5400 X98.108 Y80.083 E1518.64715
G0 F15000 X98.108 Y79.517
G1 F5400 X107.366 Y70.26 E1519.08259
G0 F15000 X106.8 Y70.26
G1 F5400 X98.108 Y78.951 E1519.49141
G0 F15000 X98.108 Y78.386
G1 F5400 X106.234 Y70.26 E1519.87363
G0 F15000 X105.669 Y70.26
G1 F5400 X98.108 Y77.82 E1520.22926
G0 F15000 X98.108 Y77.254
G1 F5400 X105.103 Y70.26 E1520.55826
G0 F15000 X104.537 Y70.26
G1 F5400 X98.108 Y76.689 E1520.86066
G0 F15000 X98.108 Y76.123
G1 F5400 X103.972 Y70.26 E1521.13646
G0 F15000 X103.406 Y70.26
G1 F5400 X98.108 Y75.557 E1521.38564
G0 F15000 X98.108 Y74.992
G1 F5400 X102.84 Y70.26 E1521.60821
G0 F15000 X102.275 Y70.26
G1 F5400 X98.108 Y74.426 E1521.80419
G0 F15000 X98.108 Y73.86
G1 F5400 X101.709 Y70.26 E1521.97355
G0 F15000 X101.143 Y70.26
G1 F5400 X98.108 Y73.294 E1522.11628
G0 F15000 X98.108 Y72.729
G1 F5400 X100.577 Y70.26 E1522.23242
G0 F15000 X100.012 Y70.26
G1 F5400 X98.108 Y72.163 E1522.32195
G0 F15000 X98.108 Y71.597
G1 F5400 X99.446 Y70.26 E1522.38487
G0 F15000 X98.88 Y70.26
G1 F5400 X98.108 Y71.032 E1522.42118
G0 F15000 X98.108 Y70.466
G1 F5400 X98.315 Y70.26 E1522.43089
G1 F2400 E1521.63089
;MESH:bno085_case_body.stl
G0 F15000 X98.315 Y69.8
G0 X97.72 Y69.872
G0 X97.374 Y91.876
G0 X97.374 Y92.965
G0 X97.373 Y95.486
G0 X97.374 Y96.561
G0 X96.016 Y96.585
G0 X95.79 Y104.62
G0 X96.1 Y104.9
;TYPE:WALL-INNER
G1 F2400 E1522.43089
G1 F5400 X96.1 Y98.148 E1522.65546
G1 X96.275 Y97.723 E1522.67075
G1 X96.611 Y97.548 E1522.68335
G1 X123.3 Y97.548 E1523.57103
G1 X123.724 Y97.722 E1523.58627
G1 X123.9 Y98.148 E1523.6016
G1 X123.9 Y104.9 E1523.82618
G1 X124.7 Y104.9 E1523.85278
G1 X124.696 Y97.159 E1524.11025
G1 X124.665 Y97.002 E1524.11557
G1 X124.469 Y96.797 E1524.12501
G1 X124.259 Y96.748 E1524.13218
G1 X95.714 Y96.748 E1525.08159
G1 X95.582 Y96.775 E1525.08607
G1 X95.356 Y96.954 E1525.09566
G1 X95.3 Y97.136 E1525.10199
G1 X95.3 Y104.9 E1525.36023
G1 X96.1 Y104.9 E1525.38683
G0 F15000 X96.5 Y105.3
;TYPE:WALL-OUTER
G1 F5400 X96.5 Y98.148 E1525.62471
G1 X96.558 Y98.006 E1525.62981
G1 X96.665 Y97.95 E1525.63383
G1 X123.3 Y97.948 E1526.51971
G1 X123.442 Y98.006 E1526.52481
G1 X123.5 Y98.148 E1526.52992
G1 X123.5 Y105.3 E1526.76779
G1 X125.1 Y105.3 E1526.82101
G1 X125.096 Y97.12 E1527.09308
G1 X125.048 Y96.876 E1527.10135
G1 X124.836 Y96.559 E1527.11403
G1 X124.628 Y96.423 E1527.1223
G1 X124.305 Y96.348 E1527.13333
G1 X95.673 Y96.348 E1528.08563
G1 X95.434 Y96.397 E1528.09374
G1 X95.161 Y96.562 E1528.10435
G1 X95.012 Y96.742 E1528.11213
G1 X94.9 Y97.099 E1528.12457
G1 X94.9 Y105.3 E1528.39734
G1 X96.5 Y105.3 E1528.45055
G0 F15000 X95.743 Y104.821
;TYPE:FILL
G1 F10800 X96.02 Y103.785 E1528.48622
G0 F15000 X96.019 Y104.543
G1 F10800 X95.381 Y104.714 E1528.50819
G0 F15000 X95.58 Y104.62
G0 X95.79 Y100.105
G0 X96.019 Y100.105
G1 F10800 X95.38 Y99.466 E1528.53825
G0 F15000 X95.38 Y98.502
G1 F10800 X96.02 Y98.331 E1528.56028
G0 F15000 X95.79 Y98.331
G0 X95.862 Y97.312
G0 X97.713 Y97.24
G0 X97.713 Y97.468
G1 F10800 X97.884 Y96.828 E1528.58231
G0 F15000 X97.884 Y97.061
G0 X99.238 Y97.24
G0 X99.238 Y97.468
G1 F10800 X101.629 Y96.828 E1528.66464
G0 F15000 X101.228 Y96.828
G1 F10800 X101.868 Y97.468 E1528.69474
G0 F15000 X101.868 Y97.24
G0 X103.924 Y97.24
G0 X103.924 Y97.469
G1 F10800 X104.096 Y96.827 E1528.71685
G0 F15000 X104.096 Y97.061
G0 X109.713 Y97.061
G0 X109.713 Y96.828
G1 F10800 X110.353 Y97.468 E1528.74695
G0 F15000 X110.136 Y97.468
G1 F10800 X110.308 Y96.827 E1528.76902
G0 F15000 X110.308 Y97.061
G0 X116.348 Y97.24
G0 X116.348 Y97.469
G1 F10800 X116.52 Y96.827 E1528.79113
G0 F15000 X116.52 Y97.061
G0 X118.199 Y97.061
G0 X118.199 Y96.828
G1 F10800 X118.838 Y97.468 E1528.82121
G0 F15000 X118.838 Y97.24
G0 X122.422 Y97.24
G0 X122.422 Y97.468
G1 F10800 X124.489 Y96.914 E1528.89239
G0 F15000 X124.368 Y97.1
G0 X122.731 Y97.061
G0 X122.731 Y96.827
G1 F10800 X122.559 Y97.469 E1528.91449
G0 F15000 X122.559 Y97.24
G0 X124.138 Y97.312
G0 X124.21 Y102.61
G0 X123.98 Y102.61
G1 F10800 X124.62 Y103.25 E1528.9446
G1 X124.618 Y103.091
G1 X123.981 Y103.262 E1528.96653
G1 F2400 E1528.16653
G0 F15000 X124.21 Y103.262
G0 X123.724 Y105.076
G0 X123.724 Y106.165
G0 X122.647 Y113.847
G0 X122.647 Y121.197
G0 X123.724 Y122.274
G0 X110 Y122.939
G0 X110 Y123.248
;TYPE:WALL-INNER
G1 F2400 E1528.96653
G1 F5400 X124.293 Y123.248 E1529.44192
G1 X124.481 Y123.196 E1529.44841
G1 X124.612 Y123.076 E1529.45432
G1 X124.696 Y122.908 E1529.46056
G1 X124.699 Y115.101 E1529.72023
G1 X123.901 Y115.101 E1529.74677
G1 X123.9 Y121.939 E1529.9742
G1 X123.724 Y122.274 E1529.98679
G1 X123.389 Y122.448 E1529.99934
G1 X96.7 Y122.448 E1530.88702
G1 X96.275 Y122.273 E1530.90231
G1 X96.1 Y121.937 E1530.91491
G1 X96.1 Y115.1 E1531.14231
G1 X95.3 Y115.1 E1531.16892
G1 X95.3 Y122.838 E1531.42628
G1 X95.329 Y122.984 E1531.43123
G1 X95.421 Y123.131 E1531.437
G1 X95.654 Y123.248 E1531.44567
G1 X110 Y123.248 E1531.92282
G0 F15000 X110 Y123.648
;TYPE:WALL-OUTER
G1 F5400 X124.329 Y123.648 E1532.39941
G1 X124.701 Y123.537 E1532.41232
G1 X124.937 Y123.321 E1532.42296
G1 X125.067 Y123.061 E1532.43263
G1 X125.096 Y122.891 E1532.43836
G1 X125.099 Y114.701 E1532.71077
G1 X123.501 Y114.701 E1532.76392
G1 X123.498 Y121.883 E1533.00279
G1 X123.442 Y121.99 E1533.00681
G1 X123.335 Y122.046 E1533.01082
G1 X96.7 Y122.048 E1533.89671
G1 X96.558 Y121.99 E1533.90181
G1 X96.502 Y121.883 E1533.90583
G1 X96.5 Y114.7 E1534.14473
G1 X94.9 Y114.7 E1534.19795
G1 X94.9 Y122.876 E1534.46988
G1 X94.947 Y123.12 E1534.47815
G1 X95.157 Y123.435 E1534.49074
G1 X95.375 Y123.581 E1534.49947
G1 X95.594 Y123.648 E1534.50708
G1 X110 Y123.648 E1534.98623
G0 F15000 X109.461 Y123.169
;TYPE:FILL
G1 F10800 X109.633 Y122.527 E1535.00834
G0 F15000 X109.957 Y122.528
G1 F10800 X110.597 Y123.168 E1535.03844
G0 F15000 X110.597 Y122.939
G0 X115.673 Y122.939
G0 X115.673 Y123.168
G1 F10800 X115.845 Y122.528 E1535.06048
G0 F15000 X115.845 Y122.76
G0 X118.443 Y122.76
G0 X118.443 Y122.528
G1 F10800 X119.082 Y123.168 E1535.09056
G1 X119.236 Y123.168
G1 X121.627 Y122.528 E1535.17289
G0 F15000 X122.057 Y122.528
G1 F10800 X121.885 Y123.169 E1535.19496
G0 F15000 X121.885 Y122.939
G0 X124.138 Y122.688
G0 X124.21 Y121.897
G0 X123.98 Y121.897
G1 F10800 X124.612 Y121.728 E1535.21672
G0 F15000 X124.389 Y121.727
G0 X124.389 Y120.213
G0 X124.613 Y120.214
G1 F10800 X123.98 Y119.58 E1535.24652
G0 F15000 X124.21 Y119.58
G0 X124.21 Y115.685
G0 X123.981 Y115.685
G1 F10800 X124.619 Y115.514 E1535.26849
G0 F15000 X123.981 Y115.347
G1 F10800 X124.025 Y115.181 E1535.2742
G0 F15000 X124.18 Y115.38
G0 X124.138 Y122.688
G0 X103.422 Y122.76
G0 X103.422 Y122.527
G1 F10800 X103.25 Y123.169 E1535.2963
G0 F15000 X103.25 Y122.939
G0 X102.112 Y122.939
G0 X102.112 Y123.168
G1 F10800 X101.472 Y122.528 E1535.32641
G0 F15000 X101.472 Y122.76
G0 X98.444 Y122.76
G0 X98.444 Y122.528
G1 F10800 X96.056 Y123.168 E1535.40864
G0 F15000 X97.038 Y123.169
G1 F10800 X97.21 Y122.528 E1535.43071
G0 F15000 X97.21 Y122.76
G0 X95.862 Y122.688
G0 X95.79 Y117.076
G0 X96.02 Y117.076
G1 F10800 X95.38 Y116.436 E1535.46081
G0 F15000 X95.38 Y117.137
G1 F10800 X96.02 Y116.966 E1535.48285
G1 F2400 E1534.68285
;MESH:NONMESH
G0 F300 Z4.6
G0 F15000 X95.79 Y116.966
G0 X96.276 Y114.924
G0 X96.276 Y113.835
G0 X94.047 Y106.153
G0 X94.038 Y97.022
G0 X94.104 Y96.663
G0 X94.271 Y96.286
G0 X97.374 Y92.965
G0 X110 Y91.7
;TIME_ELAPSED:1417.155233
;LAYER:22
;TYPE:WALL-INNER
;MESH:bno085_case_lid.stl
G1 F2400 E1535.48285
G1 F5400 X122.448 Y91.7 E1535.89687
G1 X122.448 Y69.7 E1536.62859
G1 X97.548 Y69.7 E1537.45677
G1 X97.548 Y91.7 E1538.18849
G1 X110 Y91.7 E1538.60265
G0 F15000 X110 Y92.1
;TYPE:WALL-OUTER
G1 F5400 X122.848 Y92.1 E1539.02997
G1 X122.848 Y69.3 E1539.7883
G1 X97.148 Y69.3 E1540.64309
G1 X97.148 Y92.1 E1541.40142
G1 X110 Y92.1 E1541.82888
G0 F15000 X110 Y91.34
;TYPE:SKIN
G1 F5400 X97.908 Y91.34 E1542.23106
G1 X97.908 Y70.06 E1542.93884
G1 X122.088 Y70.06 E1543.74307
G1 X122.088 Y91.34 E1544.45084
G1 X110 Y91.34 E1544.85289
G1 F2400 E1544.05289
G0 F15000 X110 Y91.6
G0 X97.72 Y91.528
G0 X97.648 Y90.754
G0 X98.108 Y90.754
G1 F2400 E1544.85289
G1 F5400 X98.494 Y91.14 E1544.87105
G0 F15000 X99.06 Y91.14
G1 F5400 X98.108 Y90.189 E1544.9158
G0 F15000 X98.108 Y89.623
G1 F5400 X99.626 Y91.14 E1544.98718
G0 F15000 X100.191 Y91.14
G1 F5400 X98.108 Y89.057 E1545.08516
G0 F15000 X98.108 Y88.492
G1 F5400 X100.757 Y91.14 E1545.20974
G0 F15000 X101.323 Y91.14
G1 F5400 X98.108 Y87.926 E1545.36094
G0 F15000 X98.108 Y87.36
G1 F5400 X101.888 Y91.14 E1545.53874
G0 F15000 X102.454 Y91.14
G1 F5400 X98.108 Y86.795 E1545.74314
G0 F15000 X98.108 Y86.229
G1 F5400 X103.02 Y91.14 E1545.97416
G0 F15000 X103.585 Y91.14
G1 F5400 X98.108 Y85.663 E1546.23178
G0 F15000 X98.108 Y85.097
G1 F5400 X104.151 Y91.14 E1546.51602
G0 F15000 X104.717 Y91.14
G1 F5400 X98.108 Y84.532 E1546.82687
G0 F15000 X98.108 Y83.966
G1 F5400 X105.283 Y91.14 E1547.16433
G0 F15000 X105.848 Y91.14
G1 F5400 X98.108 Y83.4 E1547.5284
G0 F15000 X98.108 Y82.835
G1 F5400 X106.414 Y91.14 E1547.91906
G0 F15000 X106.98 Y91.14
G1 F5400 X98.108 Y82.269 E1548.33635
G0 F15000 X98.108 Y81.703
G1 F5400 X107.545 Y91.14 E1548.78024
G0 F15000 X108.111 Y91.14
G1 F5400 X98.108 Y81.138 E1549.25073
G0 F15000 X98.108 Y80.572
G1 F5400 X108.677 Y91.14 E1549.74784
G0 F15000 X109.242 Y91.14
G1 F5400 X98.108 Y80.006 E1550.27155
G0 F15000 X98.108 Y79.441
G1 F5400 X109.808 Y91.14 E1550.82185
G0 F15000 X110.374 Y91.14
G1 F5400 X98.108 Y78.875 E1551.39879
G0 F15000 X98.108 Y78.309
G1 F5400 X110.939 Y91.14 E1552.00232
G0 F15000 X111.505 Y91.14
G1 F5400 X98.108 Y77.744 E1552.63245
G0 F15000 X98.108 Y77.178
G1 F5400 X112.071 Y91.14 E1553.2892
G0 F15000 X112.636 Y91.14
G1 F5400 X98.108 Y76.612 E1553.97255
G0 F15000 X98.108 Y76.047
G1 F5400 X113.202 Y91.14 E1554.68251
G0 F15000 X113.768 Y91.14
G1 F5400 X98.108 Y75.481 E1555.41908
G0 F15000 X98.108 Y74.915
G1 F5400 X114.334 Y91.14 E1556.18228
G0 F15000 X114.899 Y91.14
G1 F5400 X98.108 Y74.349 E1556.97207
G0 F15000 X98.108 Y73.784
G1 F5400 X115.465 Y91.14 E1557.78847
G0 F15000 X116.031 Y91.14
G1 F5400 X98.108 Y73.218 E1558.63149
G0 F15000 X98.108 Y72.652
G1 F5400 X116.596 Y91.14 E1559.50111
G0 F15000 X117.162 Y91.14
G1 F5400 X98.108 Y72.087 E1560.39733
G0 F15000 X98.108 Y71.521
G1 F5400 X117.728 Y91.14 E1561.32017
G0 F15000 X118.293 Y91.14
G1 F5400 X98.108 Y70.955 E1562.26961
G0 F15000 X98.108 Y70.39
G1 F5400 X118.859 Y91.14 E1563.24565
G0 F15000 X119.425 Y91.14
G1 F5400 X98.544 Y70.26 E1564.2278
G0 F15000 X99.11 Y70.26
G1 F5400 X119.99 Y91.14 E1565.20994
G0 F15000 X120.556 Y91.14
G1 F5400 X99.675 Y70.26 E1566.19209
G0 F15000 X100.241 Y70.26
G1 F5400 X121.122 Y91.14 E1567.17424
G0 F15000 X121.687 Y91.14
G1 F5400 X100.807 Y70.26 E1568.15638
G0 F15000 X101.372 Y70.26
G1 F5400 X121.888 Y90.776 E1569.12139
G0 F15000 X121.888 Y90.21
G1 F5400 X101.938 Y70.26 E1570.05977
G0 F15000 X102.504 Y70.26
G1 F5400 X121.888 Y89.644 E1570.97154
G0 F15000 X121.888 Y89.078
G1 F5400 X103.069 Y70.26 E1571.8567
G0 F15000 X103.635 Y70.26
G1 F5400 X121.888 Y88.513 E1572.71527
G0 F15000 X121.888 Y87.947
G1 F5400 X104.201 Y70.26 E1573.54721
G0 F15000 X104.766 Y70.26
G1 F5400 X121.888 Y87.381 E1574.35255
G0 F15000 X121.888 Y86.816
G1 F5400 X105.332 Y70.26 E1575.13129
G0 F15000 X105.898 Y70.26
G1 F5400 X121.888 Y86.25 E1575.88342
G0 F15000 X121.888 Y85.684
G1 F5400 X106.463 Y70.26 E1576.60894
G0 F15000 X107.029 Y70.26
G1 F5400 X121.888 Y85.119 E1577.30786
G0 F15000 X121.888 Y84.553
G1 F5400 X107.595 Y70.26 E1577.98016
G0 F15000 X108.16 Y70.26
G1 F5400 X121.888 Y83.987 E1578.62586
G0 F15000 X121.888 Y83.422
G1 F5400 X108.726 Y70.26 E1579.24496
G0 F15000 X109.292 Y70.26
G1 F5400 X121.888 Y82.856 E1579.83743
G0 F15000 X121.888 Y82.29
G1 F5400 X109.858 Y70.26 E1580.40329
G0 F15000 X110.423 Y70.26
G1 F5400 X121.888 Y81.725 E1580.94257
G0 F15000 X121.888 Y81.159
G1 F5400 X110.989 Y70.26 E1581.45522
G0 F15000 X111.555 Y70.26
G1 F5400 X121.888 Y80.593 E1581.94125
G0 F15000 X121.888 Y80.028
G1 F5400 X112.12 Y70.26 E1582.40071
G0 F15000 X112.686 Y70.26
G1 F5400 X121.888 Y79.462 E1582.83355
G0 F15000 X121.888 Y78.896
G1 F5400 X113.252 Y70.26 E1583.23976
G0 F15000 X113.817 Y70.26
G1 F5400 X121.888 Y78.33 E1583.61937
G0 F15000 X121.888 Y77.765
G1 F5400 X114.383 Y70.26 E1583.97238
G0 F15000 X114.949 Y70.26
G1 F5400 X121.888 Y77.199 E1584.29877
G0 F15000 X121.888 Y76.633
G1 F5400 X115.514 Y70.26 E1584.59856
G0 F15000 X116.08 Y70.26
G1 F5400 X121.888 Y76.068 E1584.87175
G0 F15000 X121.888 Y75.502
G1 F5400 X116.646 Y70.26 E1585.11832
G0 F15000 X117.211 Y70.26
G1 F5400 X121.888 Y74.936 E1585.33829
G0 F15000 X121.888 Y74.371
G1 F5400 X117.777 Y70.26 E1585.53165
G0 F15000 X118.343 Y70.26
G1 F5400 X121.888 Y73.805 E1585.6984
G0 F15000 X121.888 Y73.239
G1 F5400 X118.908 Y70.26 E1585.83855
G0 F15000 X119.474 Y70.26
G1 F5400 X121.888 Y72.674 E1585.95209
G0 F15000 X121.888 Y72.108
G1 F5400 X120.04 Y70.26 E1586.03902
G0 F15000 X120.606 Y70.26
G1 F5400 X121.888 Y71.542 E1586.09932
G0 F15000 X121.888 Y70.977
G1 F5400 X121.171 Y70.26 E1586.13305
G0 F15000 X121.737 Y70.26
G1 F5400 X121.888 Y70.411 E1586.14015
G1 F2400 E1585.34015
;MESH:bno085_case_body.stl
G0 F15000 X122.348 Y70.411
G0 X122.276 Y91.528
G0 X97.38 Y91.87
G0 X97.38 Y92.965
G0 X97.379 Y95.486
G0 X97.38 Y96.561
G0 X96.016 Y96.585
G0 X95.79 Y104.62
G0 X96.1 Y104.9
;TYPE:WALL-INNER
G1 F2400 E1586.14015
G1 F5400 X96.1 Y98.148 E1586.36472
G1 X96.275 Y97.723 E1586.38001
G1 X96.611 Y97.548 E1586.39261
G1 X123.3 Y97.548 E1587.28029
G1 X123.724 Y97.722 E1587.29553
G1 X123.9 Y98.148 E1587.31086
G1 X123.9 Y104.9 E1587.53543
G1 X124.7 Y104.9 E1587.56204
G1 X124.696 Y97.159 E1587.81951
G1 X124.621 Y96.928 E1587.82759
G1 X124.491 Y96.811 E1587.8334
G1 X124.33 Y96.748 E1587.83915
G1 X95.714 Y96.748 E1588.79093
G1 X95.582 Y96.775 E1588.79541
G1 X95.411 Y96.878 E1588.80205
G1 X95.3 Y97.141 E1588.81154
G1 X95.3 Y104.9 E1589.06961
G1 X96.1 Y104.9 E1589.09621
G0 F15000 X96.5 Y105.3
;TYPE:WALL-OUTER
G1 F5400 X96.5 Y98.148 E1589.33409
G1 X96.558 Y98.006 E1589.33919
G1 X96.665 Y97.95 E1589.34321
G1 X123.3 Y97.948 E1590.22909
G1 X123.442 Y98.006 E1590.2342
G1 X123.5 Y98.148 E1590.2393
G1 X123.5 Y105.3 E1590.47717
G1 X125.1 Y105.3 E1590.53039
G1 X125.096 Y97.12 E1590.80246
G1 X125.049 Y96.88 E1590.81059
G1 X124.94 Y96.678 E1590.81823
G1 X124.705 Y96.465 E1590.82878
G1 X124.406 Y96.348 E1590.83945
G1 X95.673 Y96.348 E1591.79512
G1 X95.434 Y96.397 E1591.80323
G1 X95.156 Y96.565 E1591.81404
G1 X94.946 Y96.878 E1591.82657
G1 X94.9 Y97.101 E1591.83415
G1 X94.9 Y105.3 E1592.10685
G1 X96.5 Y105.3 E1592.16006
G0 F15000 X96.02 Y104.688
;TYPE:FILL
G1 F10800 X95.528 Y104.82 E1592.177
G1 X95.597 Y104.821
G1 X96.02 Y103.241 E1592.23141
G0 F15000 X95.79 Y103.241
G0 X95.79 Y99.906
G0 X96.019 Y99.906
G1 F10800 X95.38 Y99.266 E1592.26149
G0 F15000 X95.381 Y98.648
G1 F10800 X96.019 Y98.477 E1592.28345
G0 F15000 X95.79 Y98.477
G0 X95.862 Y97.312
G0 X97.567 Y97.24
G0 X97.567 Y97.468
G1 F10800 X97.739 Y96.827 E1592.30553
G0 F15000 X97.739 Y97.061
G0 X99.783 Y97.24
G0 X99.783 Y97.468
G1 F10800 X102.173 Y96.828 E1592.38782
G0 F15000 X102.067 Y97.468
G1 F10800 X101.427 Y96.828 E1592.41792
G0 F15000 X101.427 Y97.061
G0 X103.778 Y97.24
G0 X103.778 Y97.469
G1 F10800 X103.95 Y96.828 E1592.44
G0 F15000 X103.95 Y97.061
G0 X109.912 Y97.061
G0 X109.912 Y96.828
G1 F10800 X110.553 Y97.468 E1592.47013
G0 F15000 X109.99 Y97.469
G1 F10800 X110.162 Y96.827 E1592.49223
G0 F15000 X110.162 Y97.061
G0 X116.202 Y97.24
G0 X116.202 Y97.468
G1 F10800 X116.373 Y96.828 E1592.51427
G0 F15000 X116.373 Y97.061
G0 X118.397 Y97.061
G0 X118.397 Y96.828
G1 F10800 X119.038 Y97.468 E1592.54439
G0 F15000 X119.038 Y97.24
G0 X122.413 Y97.24
G0 X122.413 Y97.469
G1 F10800 X122.585 Y96.828 E1592.56647
G0 F15000 X122.967 Y97.468
G1 F10800 X124.581 Y97.036 E1592.62204
G0 F15000 X124.378 Y97.123
G0 X124.21 Y102.41
G0 X123.98 Y102.41
G1 F10800 X124.62 Y103.05 E1592.65214
G1 X124.618 Y103.237
G1 X123.981 Y103.408 E1592.67408
G1 F2400 E1591.87408
G0 F15000 X124.21 Y103.408
G0 X123.724 Y105.076
G0 X123.724 Y106.165
G0 X122.647 Y113.847
G0 X122.647 Y121.197
G0 X123.724 Y122.274
G0 X110 Y122.939
G0 X110 Y123.248
;TYPE:WALL-INNER
G1 F2400 E1592.67408
G1 F5400 X124.282 Y123.248 E1593.1491
G1 X124.451 Y123.207 E1593.15488
G1 X124.588 Y123.106 E1593.16054
G1 X124.696 Y122.852 E1593.16972
G1 X124.699 Y115.101 E1593.42752
G1 X123.901 Y115.101 E1593.45407
G1 X123.9 Y121.939 E1593.6815
G1 X123.724 Y122.274 E1593.69408
G1 X123.389 Y122.448 E1593.70664
G1 X96.7 Y122.448 E1594.59432
G1 X96.275 Y122.273 E1594.60961
G1 X96.1 Y121.937 E1594.62221
G1 X96.1 Y115.1 E1594.84961
G1 X95.3 Y115.1 E1594.87621
G1 X95.3 Y122.838 E1595.13358
G1 X95.377 Y123.069 E1595.14168
G1 X95.505 Y123.188 E1595.14749
G1 X95.663 Y123.248 E1595.15311
G1 X110 Y123.248 E1595.62997
G0 F15000 X110 Y123.648
;TYPE:WALL-OUTER
G1 F5400 X124.328 Y123.648 E1596.10652
G1 X124.622 Y123.578 E1596.11657
G1 X124.889 Y123.382 E1596.12758
G1 X125.043 Y123.128 E1596.13746
G1 X125.096 Y122.897 E1596.14535
G1 X125.099 Y114.701 E1596.41795
G1 X123.501 Y114.701 E1596.4711
G1 X123.498 Y121.883 E1596.70997
G1 X123.442 Y121.99 E1596.71399
G1 X123.335 Y122.046 E1596.718
G1 X96.7 Y122.048 E1597.60389
G1 X96.558 Y121.99 E1597.60899
G1 X96.502 Y121.883 E1597.61301
G1 X96.5 Y114.7 E1597.85191
G1 X94.9 Y114.7 E1597.90513
G1 X94.9 Y122.876 E1598.17707
G1 X94.947 Y123.115 E1598.18517
G1 X95.057 Y123.319 E1598.19288
G1 X95.291 Y123.534 E1598.20344
G1 X95.589 Y123.648 E1598.21406
G1 X110 Y123.648 E1598.69337
G0 F15000 X109.315 Y123.169
;TYPE:FILL
G1 F10800 X109.487 Y122.527 E1598.71547
G0 F15000 X110.157 Y122.528
G1 F10800 X110.797 Y123.168 E1598.74558
G0 F15000 X110.797 Y122.939
G0 X115.527 Y122.939
G0 X115.527 Y123.168
G1 F10800 X115.699 Y122.528 E1598.76762
G0 F15000 X115.699 Y122.76
G0 X118.642 Y122.76
G0 X118.642 Y122.528
G1 F10800 X119.282 Y123.168 E1598.79772
G0 F15000 X119.783 Y123.168
G1 F10800 X122.171 Y122.528 E1598.87995
G0 F15000 X121.91 Y122.528
G1 F10800 X121.739 Y123.168 E1598.90198
G0 F15000 X121.739 Y122.939
G0 X124.138 Y122.688
G0 X124.21 Y122.06
G0 X123.917 Y122.06
G1 F10800 X124.616 Y121.873 E1598.92605
G0 F15000 X124.389 Y121.872
G0 X124.389 Y120.018
G0 X124.618 Y120.019
G1 F10800 X123.98 Y119.381 E1598.95606
G0 F15000 X124.21 Y119.381
G0 X124.21 Y115.831
G0 X123.981 Y115.831
G1 F10800 X124.618 Y115.66 E1598.978
G0 F15000 X124.39 Y115.659
G0 X124.138 Y122.688
G0 X103.276 Y122.76
G0 X103.276 Y122.528
G1 F10800 X103.104 Y123.168 E1599.00004
G0 F15000 X102.311 Y123.168
G1 F10800 X101.671 Y122.528 E1599.03014
G0 F15000 X101.671 Y122.76
G0 X98.989 Y122.76
G0 X98.989 Y122.528
G1 F10800 X96.599 Y123.168 E1599.11244
G0 F15000 X96.892 Y123.168
G1 F10800 X97.064 Y122.528 E1599.13448
G0 F15000 X97.064 Y122.76
G0 X95.862 Y122.688
G0 X95.611 Y117.283
G0 X95.38 Y117.283
G1 F10800 X96.02 Y117.112 E1599.15651
G0 F15000 X96.02 Y116.877
G1 F10800 X95.38 Y116.236 E1599.18664
G1 F2400 E1598.38664
;MESH:NONMESH
G0 F300 Z4.8
G0 F15000 X95.611 Y116.236
G0 X96.276 Y114.924
G0 X96.276 Y113.835
G0 X94.047 Y106.153
G0 X94.038 Y97.012
G0 X94.128 Y96.584
G0 X94.308 Y96.247
G0 X97.374 Y92.965
G0 X110 Y91.7
;TIME_ELAPSED:1469.080895
;LAYER:23
;TYPE:WALL-INNER
;MESH:bno085_case_lid.stl
G1 F2400 E1599.18664
G1 F5400 X122.448 Y91.7 E1599.60066
G1 X122.448 Y69.7 E1600.33238
G1 X97.548 Y69.7 E1601.16056
G1 X97.548 Y91.7 E1601.89228
G1 X110 Y91.7 E1602.30644
G0 F15000 X110 Y92.1
;TYPE:WALL-OUTER
G1 F5400 X122.848 Y92.1 E1602.73376
G1 X122.848 Y69.3 E1603.4921
G1 X97.148 Y69.3 E1604.34688
G1 X97.148 Y92.1 E1605.10521
G1 X110 Y92.1 E1605.53267
G0 F15000 X110 Y91.34
;TYPE:SKIN
G1 F5400 X97.908 Y91.34 E1605.93485
G1 X97.908 Y70.06 E1606.64263
G1 X122.088 Y70.06 E1607.44686
G1 X122.088 Y91.34 E1608.15463
G1 X110 Y91.34 E1608.55668
G1 F2400 E1607.75668
G0 F15000 X110 Y91.6
G0 X121.557 Y91.6
G0 X121.557 Y91.14
G1 F2400 E1608.55668
G1 F5400 X121.888 Y90.809 E1608.57225
G0 F15000 X121.888 Y90.244
G1 F5400 X120.992 Y91.14 E1608.6144
G0 F15000 X120.426 Y91.14
G1 F5400 X121.888 Y89.678 E1608.68317
G0 F15000 X121.888 Y89.112
G1 F5400 X119.86 Y91.14 E1608.77856
G0 F15000 X119.295 Y91.14
G1 F5400 X121.888 Y88.547 E1608.90052
G0 F15000 X121.888 Y87.981
G1 F5400 X118.729 Y91.14 E1609.04911
G0 F15000 X118.163 Y91.14
G1 F5400 X121.888 Y87.415 E1609.22433
G0 F15000 X121.888 Y86.85
G1 F5400 X117.598 Y91.14 E1609.42611
G0 F15000 X117.032 Y91.14
G1 F5400 X121.888 Y86.284 E1609.65453
G0 F15000 X121.888 Y85.718
G1 F5400 X116.466 Y91.14 E1609.90956
G0 F15000 X115.9 Y91.14
G1 F5400 X121.888 Y85.153 E1610.19119
G0 F15000 X121.888 Y84.587
G1 F5400 X115.335 Y91.14 E1610.49943
G0 F15000 X114.769 Y91.14
G1 F5400 X121.888 Y84.021 E1610.83428
G0 F15000 X121.888 Y83.456
G1 F5400 X114.203 Y91.14 E1611.19574
G0 F15000 X113.638 Y91.14
G1 F5400 X121.888 Y82.89 E1611.58379
G0 F15000 X121.888 Y82.324
G1 F5400 X113.072 Y91.14 E1611.99847
G0 F15000 X112.506 Y91.14
G1 F5400 X121.888 Y81.759 E1612.43975
G0 F15000 X121.888 Y81.193
G1 F5400 X111.941 Y91.14 E1612.90762
G0 F15000 X111.375 Y91.14
G1 F5400 X121.888 Y80.627 E1613.40212
G0 F15000 X121.888 Y80.061
G1 F5400 X110.809 Y91.14 E1613.92324
G0 F15000 X110.244 Y91.14
G1 F5400 X121.888 Y79.496 E1614.47094
G0 F15000 X121.888 Y78.93
G1 F5400 X109.678 Y91.14 E1615.04526
G0 F15000 X109.112 Y91.14
G1 F5400 X121.888 Y78.364 E1615.64621
G0 F15000 X121.888 Y77.799
G1 F5400 X108.547 Y91.14 E1616.27373
G0 F15000 X107.981 Y91.14
G1 F5400 X121.888 Y77.233 E1616.92787
G0 F15000 X121.888 Y76.667
G1 F5400 X107.415 Y91.14 E1617.60864
G0 F15000 X106.849 Y91.14
G1 F5400 X121.888 Y76.102 E1618.316
G0 F15000 X121.888 Y75.536
G1 F5400 X106.284 Y91.14 E1619.04996
G0 F15000 X105.718 Y91.14
G1 F5400 X121.888 Y74.97 E1619.81055
G0 F15000 X121.888 Y74.405
G1 F5400 X105.152 Y91.14 E1620.59774
G0 F15000 X104.587 Y91.14
G1 F5400 X121.888 Y73.839 E1621.41152
G0 F15000 X121.888 Y73.273
G1 F5400 X104.021 Y91.14 E1622.25193
G0 F15000 X103.455 Y91.14
G1 F5400 X121.888 Y72.708 E1623.11894
G0 F15000 X121.888 Y72.142
G1 F5400 X102.89 Y91.14 E1624.01255
G0 F15000 X102.324 Y91.14
G1 F5400 X121.888 Y71.576 E1624.93278
G0 F15000 X121.888 Y71.01
G1 F5400 X101.758 Y91.14 E1625.87963
G0 F15000 X101.193 Y91.14
G1 F5400 X121.888 Y70.445 E1626.85306
G0 F15000 X121.508 Y70.26
G1 F5400 X100.627 Y91.14 E1627.83522
G0 F15000 X100.061 Y91.14
G1 F5400 X120.942 Y70.26 E1628.81737
G0 F15000 X120.376 Y70.26
G1 F5400 X99.496 Y91.14 E1629.7995
G0 F15000 X98.93 Y91.14
G1 F5400 X119.811 Y70.26 E1630.78166
G0 F15000 X119.245 Y70.26
G1 F5400 X98.364 Y91.14 E1631.76381
G0 F15000 X98.108 Y90.831
G1 F5400 X118.679 Y70.26 E1632.73141
G0 F15000 X118.114 Y70.26
G1 F5400 X98.108 Y90.265 E1633.67241
G0 F15000 X98.108 Y89.699
G1 F5400 X117.548 Y70.26 E1634.58678
G0 F15000 X116.982 Y70.26
G1 F5400 X98.108 Y89.134 E1635.47456
G0 F15000 X98.108 Y88.568
G1 F5400 X116.417 Y70.26 E1636.33573
G0 F15000 X115.851 Y70.26
G1 F5400 X98.108 Y88.002 E1637.17028
G0 F15000 X98.108 Y87.437
G1 F5400 X115.285 Y70.26 E1637.97824
G0 F15000 X114.72 Y70.26
G1 F5400 X98.108 Y86.871 E1638.75959
G0 F15000 X98.108 Y86.305
G1 F5400 X114.154 Y70.26 E1639.51432
G0 F15000 X113.588 Y70.26
G1 F5400 X98.108 Y85.74 E1640.24246
G0 F15000 X98.108 Y85.174
G1 F5400 X113.023 Y70.26 E1640.94399
G0 F15000 X112.457 Y70.26
G1 F5400 X98.108 Y84.608 E1641.6189
G0 F15000 X98.108 Y84.042
G1 F5400 X111.891 Y70.26 E1642.26718
G0 F15000 X111.325 Y70.26
G1 F5400 X98.108 Y83.477 E1642.88887
G0 F15000 X98.108 Y82.911
G1 F5400 X110.76 Y70.26 E1643.48396
G0 F15000 X110.194 Y70.26
G1 F5400 X98.108 Y82.345 E1644.05242
G0 F15000 X98.108 Y81.78
G1 F5400 X109.628 Y70.26 E1644.59429
G0 F15000 X109.063 Y70.26
G1 F5400 X98.108 Y81.214 E1645.10955
G0 F15000 X98.108 Y80.648
G1 F5400 X108.497 Y70.26 E1645.5982
G0 F15000 X107.931 Y70.26
G1 F5400 X98.108 Y80.083 E1646.06024
G0 F15000 X98.108 Y79.517
G1 F5400 X107.366 Y70.26 E1646.49569
G0 F15000 X106.8 Y70.26
G1 F5400 X98.108 Y78.951 E1646.90451
G0 F15000 X98.108 Y78.386
G1 F5400 X106.234 Y70.26 E1647.28673
G0 F15000 X105.669 Y70.26
G1 F5400 X98.108 Y77.82 E1647.64235
G0 F15000 X98.108 Y77.254
G1 F5400 X105.103 Y70.26 E1647.97135
G0 F15000 X104.537 Y70.26
G1 F5400 X98.108 Y76.689 E1648.27375
G0 F15000 X98.108 Y76.123
G1 F5400 X103.972 Y70.26 E1648.54955
G0 F15000 X103.406 Y70.26
G1 F5400 X98.108 Y75.557 E1648.79873
G0 F15000 X98.108 Y74.992
G1 F5400 X102.84 Y70.26 E1649.02131
G0 F15000 X102.275 Y70.26
G1 F5400 X98.108 Y74.426 E1649.21729
G0 F15000 X98.108 Y73.86
G1 F5400 X101.709 Y70.26 E1649.38665
G0 F15000 X101.143 Y70.26
G1 F5400 X98.108 Y73.294 E1649.52938
G0 F15000 X98.108 Y72.729
G1 F5400 X100.577 Y70.26 E1649.64551
G0 F15000 X100.012 Y70.26
G1 F5400 X98.108 Y72.163 E1649.73505
G0 F15000 X98.108 Y71.597
G1 F5400 X99.446 Y70.26 E1649.79796
G0 F15000 X98.88 Y70.26
G1 F5400 X98.108 Y71.032 E1649.83427
G0 F15000 X98.108 Y70.466
G1 F5400 X98.315 Y70.26 E1649.84399
G1 F2400 E1649.04399
;MESH:bno085_case_body.stl
G0 F15000 X98.315 Y69.8
G0 X97.72 Y69.872
G0 X97.374 Y91.876
G0 X97.374 Y92.965
G0 X97.372 Y95.486
G0 X97.372 Y96.581
G0 X96.262 Y97.712
G0 X95.79 Y104.62
G0 X96.1 Y104.9
;TYPE:WALL-INNER
G1 F2400 E1649.84399
G1 F5400 X96.1 Y98.148 E1650.06856
G1 X96.275 Y97.723 E1650.08385
G1 X96.611 Y97.548 E1650.09645
G1 X123.3 Y97.548 E1650.98413
G1 X123.725 Y97.723 E1650.99941
G1 X123.9 Y98.148 E1651.0147
G1 X123.9 Y104.9 E1651.23927
G1 X124.7 Y104.9 E1651.26588
G1 X124.696 Y97.073 E1651.52621
G1 X124.583 Y96.883 E1651.53356
G1 X124.492 Y96.813 E1651.53738
G1 X124.282 Y96.752 E1651.54465
G1 X95.625 Y96.749 E1652.49779
G1 X95.422 Y96.872 E1652.50568
G1 X95.329 Y97.004 E1652.51105
G1 X95.3 Y97.141 E1652.51571
G1 X95.3 Y104.9 E1652.77378
G1 X96.1 Y104.9 E1652.80038
G0 F15000 X96.5 Y105.3
;TYPE:WALL-OUTER
G1 F5400 X96.5 Y98.148 E1653.03826
G1 X96.558 Y98.006 E1653.04336
G1 X96.665 Y97.95 E1653.04738
G1 X123.3 Y97.948 E1653.93326
G1 X123.442 Y98.006 E1653.93836
G1 X123.5 Y98.148 E1653.94347
G1 X123.5 Y105.3 E1654.18134
G1 X125.1 Y105.3 E1654.23456
G1 X125.096 Y97.12 E1654.50663
G1 X125.05 Y96.885 E1654.51459
G1 X124.887 Y96.612 E1654.52517
G1 X124.676 Y96.45 E1654.53401
G1 X124.339 Y96.352 E1654.54569
G1 X95.673 Y96.349 E1655.49912
G1 X95.434 Y96.397 E1655.50723
G1 X95.16 Y96.563 E1655.51789
G1 X94.947 Y96.874 E1655.53042
G1 X94.9 Y97.101 E1655.53813
G1 X94.9 Y105.3 E1655.81083
G1 X96.5 Y105.3 E1655.86405
G0 F15000 X96.22 Y105.02
G0 X95.61 Y104.62
G0 X95.45 Y104.82
;TYPE:FILL
G1 F10800 X96.02 Y102.692 E1655.93732
G0 F15000 X95.79 Y102.692
G0 X95.79 Y99.705
G0 X96.019 Y99.705
G1 F10800 X95.38 Y99.066 E1655.96738
G0 F15000 X95.381 Y98.795
G1 F10800 X96.02 Y98.624 E1655.98938
G0 F15000 X95.79 Y98.624
G0 X95.862 Y97.312
G0 X97.42 Y97.24
G0 X97.42 Y97.468
G1 F10800 X97.591 Y96.829 E1656.01138
G0 F15000 X97.59 Y97.061
G0 X100.331 Y97.24
G0 X100.331 Y97.468
G1 F10800 X102.715 Y96.83 E1656.09346
G0 F15000 X102.268 Y97.468
G1 F10800 X101.63 Y96.83 E1656.12347
G0 F15000 X101.629 Y97.061
G0 X103.631 Y97.24
G0 X103.631 Y97.469
G1 F10800 X103.803 Y96.829 E1656.14551
G0 F15000 X103.802 Y97.061
G0 X109.843 Y97.24
G0 X109.843 Y97.469
G1 F10800 X110.014 Y96.83 E1656.16752
G1 X110.116 Y96.831
G1 X110.753 Y97.468 E1656.19748
G0 F15000 X110.753 Y97.24
G0 X116.055 Y97.24
G0 X116.055 Y97.468
G1 F10800 X116.226 Y96.831 E1656.21942
G0 F15000 X116.225 Y97.061
G0 X118.601 Y97.061
G0 X118.602 Y96.832
G1 F10800 X119.239 Y97.468 E1656.24935
G0 F15000 X119.239 Y97.24
G0 X122.266 Y97.24
G0 X122.266 Y97.469
G1 F10800 X122.437 Y96.832 E1656.27129
G0 F15000 X122.436 Y97.061
G0 X123.369 Y97.24
G0 X123.369 Y97.507
G1 F10800 X124.615 Y97.173 E1656.3142
G0 F15000 X124.39 Y97.189
G0 X124.21 Y102.209
G0 X123.98 Y102.209
G1 F10800 X124.62 Y102.849 E1656.3443
G0 F15000 X124.618 Y103.384
G1 F10800 X123.981 Y103.555 E1656.36624
G1 F2400 E1655.56624
G0 F15000 X124.21 Y103.555
G0 X123.724 Y105.076
G0 X123.724 Y106.165
G0 X122.647 Y113.847
G0 X122.647 Y121.197
G0 X123.724 Y122.274
G0 X110 Y122.939
G0 X110 Y123.247
;TYPE:WALL-INNER
G1 F2400 E1656.36624
G1 F5400 X124.339 Y123.248 E1656.84315
G1 X124.594 Y123.104 E1656.85289
G1 X124.696 Y122.889 E1656.86081
G1 X124.699 Y115.101 E1657.11984
G1 X123.901 Y115.101 E1657.14638
G1 X123.9 Y121.939 E1657.37381
G1 X123.724 Y122.274 E1657.3864
G1 X123.389 Y122.448 E1657.39895
G1 X96.7 Y122.448 E1658.28663
G1 X96.275 Y122.273 E1658.30192
G1 X96.1 Y121.937 E1658.31452
G1 X96.1 Y115.1 E1658.54192
G1 X95.3 Y115.1 E1658.56853
G1 X95.3 Y122.834 E1658.82576
G1 X95.411 Y123.109 E1658.83563
G1 X95.539 Y123.203 E1658.84091
G1 X95.698 Y123.247 E1658.8464
G1 X110 Y123.247 E1659.32208
G0 F15000 X110 Y123.647
;TYPE:WALL-OUTER
G1 F5400 X124.403 Y123.648 E1659.80113
G1 X124.634 Y123.572 E1659.80922
G1 X124.891 Y123.381 E1659.81987
G1 X125.028 Y123.166 E1659.82835
G1 X125.096 Y122.949 E1659.83591
G1 X125.099 Y114.701 E1660.11024
G1 X123.501 Y114.701 E1660.16339
G1 X123.498 Y121.883 E1660.40226
G1 X123.442 Y121.99 E1660.40628
G1 X123.335 Y122.046 E1660.4103
G1 X96.7 Y122.048 E1661.29618
G1 X96.558 Y121.99 E1661.30128
G1 X96.502 Y121.883 E1661.3053
G1 X96.5 Y114.7 E1661.54421
G1 X94.9 Y114.7 E1661.59742
G1 X94.9 Y122.875 E1661.86932
G1 X94.95 Y123.115 E1661.87748
G1 X95.108 Y123.383 E1661.88783
G1 X95.361 Y123.569 E1661.89827
G1 X95.644 Y123.647 E1661.90803
G1 X110 Y123.647 E1662.38552
G0 F15000 X109.169 Y123.168
;TYPE:FILL
G1 F10800 X109.34 Y122.527 E1662.40758
G0 F15000 X109.34 Y122.76
G0 X110.357 Y122.76
G0 X110.357 Y122.528
G1 F10800 X110.997 Y123.167 E1662.43766
G0 F15000 X110.997 Y122.939
G0 X115.38 Y122.939
G0 X115.38 Y123.168
G1 F10800 X115.552 Y122.528 E1662.4597
G0 F15000 X115.552 Y122.76
G0 X118.843 Y122.76
G0 X118.843 Y122.528
G1 F10800 X119.482 Y123.167 E1662.48976
G0 F15000 X120.329 Y123.168
G1 F10800 X122.72 Y122.528 E1662.57208
G0 F15000 X121.763 Y122.528
G1 F10800 X121.592 Y123.168 E1662.59412
G0 F15000 X121.592 Y122.939
G0 X124.138 Y122.688
G0 X124.21 Y122.231
G0 X123.827 Y122.231
G1 F10800 X124.616 Y122.02 E1662.62128
G0 F15000 X124.389 Y122.019
G0 X124.389 Y119.816
G0 X124.617 Y119.817
G1 F10800 X123.98 Y119.18 E1662.65124
G0 F15000 X124.21 Y119.18
G0 X124.21 Y115.978
G0 X123.981 Y115.978
G1 F10800 X124.618 Y115.807 E1662.67318
G0 F15000 X124.39 Y115.806
G0 X124.138 Y122.688
G0 X103.129 Y122.76
G0 X103.129 Y122.528
G1 F10800 X102.957 Y123.167 E1662.69519
G0 F15000 X102.511 Y123.167
G1 F10800 X101.872 Y122.528 E1662.72525
G0 F15000 X101.872 Y122.76
G0 X99.537 Y122.76
G0 X99.537 Y122.528
G1 F10800 X97.151 Y123.167 E1662.8074
G0 F15000 X96.745 Y123.167
G1 F10800 X96.917 Y122.528 E1662.82941
G0 F15000 X96.917 Y122.76
G0 X95.862 Y122.688
G0 X95.611 Y117.43
G0 X95.38 Y117.43
G1 F10800 X96.02 Y117.259 E1662.85145
G0 F15000 X96.02 Y116.676
G1 F10800 X95.38 Y116.036 E1662.88155
G1 F2400 E1662.08155
;MESH:NONMESH
G0 F300 Z5
G0 F15000 X95.611 Y116.036
G0 X96.276 Y114.924
G0 X96.276 Y113.835
G0 X94.047 Y106.153
G0 X94.038 Y97.011
G0 X94.125 Y96.597
G0 X94.275 Y96.288
G0 X97.374 Y92.965
G0 X110 Y91.7
;TIME_ELAPSED:1520.534075
;LAYER:24
;TYPE:WALL-INNER
;MESH:bno085_case_lid.stl
G1 F2400 E1662.88155
G1 F5400 X122.448 Y91.7 E1663.29557
G1 X122.448 Y69.7 E1664.02729
G1 X97.548 Y69.7 E1664.85547
G1 X97.548 Y91.7 E1665.58719
G1 X110 Y91.7 E1666.00135
G0 F15000 X110 Y92.1
;TYPE:WALL-OUTER
G1 F5400 X122.848 Y92.1 E1666.42868
G1 X122.848 Y69.3 E1667.18701
G1 X97.148 Y69.3 E1668.04179
G1 X97.148 Y92.1 E1668.80012
G1 X110 Y92.1 E1669.22758
G0 F15000 X110 Y91.34
;TYPE:SKIN
G1 F5400 X97.908 Y91.34 E1669.62976
G1 X97.908 Y70.06 E1670.33754
G1 X122.088 Y70.06 E1671.14177
G1 X122.088 Y91.34 E1671.84955
G1 X110 Y91.34 E1672.25159
G1 F2400 E1671.45159
G0 F15000 X110 Y91.6
G0 X97.72 Y91.528
G0 X97.648 Y90.754
G0 X98.108 Y90.754
G1 F2400 E1672.25159
G1 F5400 X98.494 Y91.14 E1672.26975
G0 F15000 X99.06 Y91.14
G1 F5400 X98.108 Y90.189 E1672.31451
G0 F15000 X98.108 Y89.623
G1 F5400 X99.626 Y91.14 E1672.38589
G0 F15000 X100.191 Y91.14
G1 F5400 X98.108 Y89.057 E1672.48386
G0 F15000 X98.108 Y88.492
G1 F5400 X100.757 Y91.14 E1672.60844
G0 F15000 X101.323 Y91.14
G1 F5400 X98.108 Y87.926 E1672.75964
G0 F15000 X98.108 Y87.36
G1 F5400 X101.888 Y91.14 E1672.93744
G0 F15000 X102.454 Y91.14
G1 F5400 X98.108 Y86.795 E1673.14184
G0 F15000 X98.108 Y86.229
G1 F5400 X103.02 Y91.14 E1673.37286
G0 F15000 X103.585 Y91.14
G1 F5400 X98.108 Y85.663 E1673.63048
G0 F15000 X98.108 Y85.097
G1 F5400 X104.151 Y91.14 E1673.91473
G0 F15000 X104.717 Y91.14
G1 F5400 X98.108 Y84.532 E1674.22557
G0 F15000 X98.108 Y83.966
G1 F5400 X105.283 Y91.14 E1674.56304
G0 F15000 X105.848 Y91.14
G1 F5400 X98.108 Y83.4 E1674.9271
G0 F15000 X98.108 Y82.835
G1 F5400 X106.414 Y91.14 E1675.31777
G0 F15000 X106.98 Y91.14
G1 F5400 X98.108 Y82.269 E1675.73506
G0 F15000 X98.108 Y81.703
G1 F5400 X107.545 Y91.14 E1676.17894
G0 F15000 X108.111 Y91.14
G1 F5400 X98.108 Y81.138 E1676.64943
G0 F15000 X98.108 Y80.572
G1 F5400 X108.677 Y91.14 E1677.14654
G0 F15000 X109.242 Y91.14
G1 F5400 X98.108 Y80.006 E1677.67025
G0 F15000 X98.108 Y79.441
G1 F5400 X109.808 Y91.14 E1678.22056
G0 F15000 X110.374 Y91.14
G1 F5400 X98.108 Y78.875 E1678.79749
G0 F15000 X98.108 Y78.309
G1 F5400 X110.939 Y91.14 E1679.40102
G0 F15000 X111.505 Y91.14
G1 F5400 X98.108 Y77.744 E1680.03115
G0 F15000 X98.108 Y77.178
G1 F5400 X112.071 Y91.14 E1680.6879
G0 F15000 X112.636 Y91.14
G1 F5400 X98.108 Y76.612 E1681.37126
G0 F15000 X98.108 Y76.047
G1 F5400 X113.202 Y91.14 E1682.08121
G0 F15000 X113.768 Y91.14
G1 F5400 X98.108 Y75.481 E1682.81778
G0 F15000 X98.108 Y74.915
G1 F5400 X114.334 Y91.14 E1683.58098
G0 F15000 X114.899 Y91.14
G1 F5400 X98.108 Y74.349 E1684.37078
G0 F15000 X98.108 Y73.784
G1 F5400 X115.465 Y91.14 E1685.18717
G0 F15000 X116.031 Y91.14
G1 F5400 X98.108 Y73.218 E1686.03019
G0 F15000 X98.108 Y72.652
G1 F5400 X116.596 Y91.14 E1686.89981
G0 F15000 X117.162 Y91.14
G1 F5400 X98.108 Y72.087 E1687.79603
G0 F15000 X98.108 Y71.521
G1 F5400 X117.728 Y91.14 E1688.71887
G0 F15000 X118.293 Y91.14
G1 F5400 X98.108 Y70.955 E1689.66831
G0 F15000 X98.108 Y70.39
G1 F5400 X118.859 Y91.14 E1690.64435
G0 F15000 X119.425 Y91.14
G1 F5400 X98.544 Y70.26 E1691.62651
G0 F15000 X99.11 Y70.26
G1 F5400 X119.99 Y91.14 E1692.60864
G0 F15000 X120.556 Y91.14
G1 F5400 X99.675 Y70.26 E1693.59079
G0 F15000 X100.241 Y70.26
G1 F5400 X121.122 Y91.14 E1694.57295
G0 F15000 X121.687 Y91.14
G1 F5400 X100.807 Y70.26 E1695.55508
G0 F15000 X101.372 Y70.26
G1 F5400 X121.888 Y90.776 E1696.52009
G0 F15000 X121.888 Y90.21
G1 F5400 X101.938 Y70.26 E1697.45848
G0 F15000 X102.504 Y70.26
G1 F5400 X121.888 Y89.644 E1698.37024
G0 F15000 X121.888 Y89.078
G1 F5400 X103.069 Y70.26 E1699.2554
G0 F15000 X103.635 Y70.26
G1 F5400 X121.888 Y88.513 E1700.11397
G0 F15000 X121.888 Y87.947
G1 F5400 X104.201 Y70.26 E1700.94591
G0 F15000 X104.766 Y70.26
G1 F5400 X121.888 Y87.381 E1701.75125
G0 F15000 X121.888 Y86.816
G1 F5400 X105.332 Y70.26 E1702.53
G0 F15000 X105.898 Y70.26
G1 F5400 X121.888 Y86.25 E1703.28212
G0 F15000 X121.888 Y85.684
G1 F5400 X106.463 Y70.26 E1704.00764
G0 F15000 X107.029 Y70.26
G1 F5400 X121.888 Y85.119 E1704.70656
G0 F15000 X121.888 Y84.553
G1 F5400 X107.595 Y70.26 E1705.37886
G0 F15000 X108.16 Y70.26
G1 F5400 X121.888 Y83.987 E1706.02456
G0 F15000 X121.888 Y83.422
G1 F5400 X108.726 Y70.26 E1706.64366
G0 F15000 X109.292 Y70.26
G1 F5400 X121.888 Y82.856 E1707.23614
G0 F15000 X121.888 Y82.29
G1 F5400 X109.858 Y70.26 E1707.80199
G0 F15000 X110.423 Y70.26
G1 F5400 X121.888 Y81.725 E1708.34127
G0 F15000 X121.888 Y81.159
G1 F5400 X110.989 Y70.26 E1708.85393
G0 F15000 X111.555 Y70.26
G1 F5400 X121.888 Y80.593 E1709.33996
G0 F15000 X121.888 Y80.028
G1 F5400 X112.12 Y70.26 E1709.79942
G0 F15000 X112.686 Y70.26
G1 F5400 X121.888 Y79.462 E1710.23225
G0 F15000 X121.888 Y78.896
G1 F5400 X113.252 Y70.26 E1710.63846
G0 F15000 X113.817 Y70.26
G1 F5400 X121.888 Y78.33 E1711.01807
G0 F15000 X121.888 Y77.765
G1 F5400 X114.383 Y70.26 E1711.37108
G0 F15000 X114.949 Y70.26
G1 F5400 X121.888 Y77.199 E1711.69747
G0 F15000 X121.888 Y76.633
G1 F5400 X115.514 Y70.26 E1711.99726
G0 F15000 X116.08 Y70.26
G1 F5400 X121.888 Y76.068 E1712.27045
G0 F15000 X121.888 Y75.502
G1 F5400 X116.646 Y70.26 E1712.51702
G0 F15000 X117.211 Y70.26
G1 F5400 X121.888 Y74.936 E1712.73699
G0 F15000 X121.888 Y74.371
G1 F5400 X117.777 Y70.26 E1712.93036
G0 F15000 X118.343 Y70.26
G1 F5400 X121.888 Y73.805 E1713.0971
G0 F15000 X121.888 Y73.239
G1 F5400 X118.908 Y70.26 E1713.23725
G0 F15000 X119.474 Y70.26
G1 F5400 X121.888 Y72.674 E1713.3508
G0 F15000 X121.888 Y72.108
G1 F5400 X120.04 Y70.26 E1713.43772
G0 F15000 X120.606 Y70.26
G1 F5400 X121.888 Y71.542 E1713.49802
G0 F15000 X121.888 Y70.977
G1 F5400 X121.171 Y70.26 E1713.53175
G0 F15000 X121.737 Y70.26
G1 F5400 X121.888 Y70.411 E1713.53885
G1 F2400 E1712.73885
;MESH:bno085_case_body.stl
G0 F15000 X122.348 Y70.411
G0 X122.276 Y91.528
G0 X97.38 Y91.87
G0 X97.38 Y92.965
G0 X97.379 Y95.486
G0 X97.38 Y96.561
G0 X96.283 Y96.62
G0 X95.79 Y104.62
G0 X96.1 Y104.9
;TYPE:WALL-INNER
G1 F2400 E1713.53885
G1 F5400 X96.1 Y98.148 E1713.76342
G1 X96.275 Y97.723 E1713.77871
G1 X96.611 Y97.548 E1713.79131
G1 X123.3 Y97.548 E1714.67899
G1 X123.724 Y97.722 E1714.69423
G1 X123.9 Y98.148 E1714.70956
G1 X123.9 Y104.9 E1714.93414
G1 X124.7 Y104.9 E1714.96075
G1 X124.696 Y97.164 E1715.21805
G1 X124.631 Y96.934 E1715.226
G1 X124.489 Y96.808 E1715.23231
G1 X124.342 Y96.748 E1715.23759
G1 X95.724 Y96.748 E1716.18943
G1 X95.507 Y96.804 E1716.19688
G1 X95.354 Y96.948 E1716.20387
G1 X95.3 Y97.11 E1716.20955
G1 X95.3 Y104.9 E1716.46865
G1 X96.1 Y104.9 E1716.49526
G0 F15000 X96.5 Y105.3
;TYPE:WALL-OUTER
G1 F5400 X96.5 Y98.148 E1716.73313
G1 X96.558 Y98.006 E1716.73823
G1 X96.665 Y97.95 E1716.74225
G1 X123.3 Y97.948 E1717.62813
G1 X123.442 Y98.006 E1717.63324
G1 X123.5 Y98.148 E1717.63834
G1 X123.5 Y105.3 E1717.87621
G1 X125.1 Y105.3 E1717.92943
G1 X125.096 Y97.122 E1718.20143
G1 X125.034 Y96.836 E1718.21116
G1 X124.946 Y96.68 E1718.21712
G1 X124.704 Y96.464 E1718.22791
G1 X124.42 Y96.348 E1718.23811
G1 X95.674 Y96.348 E1719.19421
G1 X95.281 Y96.449 E1719.20771
G1 X95.004 Y96.735 E1719.22095
G1 X94.9 Y97.045 E1719.23182
G1 X94.9 Y105.3 E1719.50639
G1 X96.5 Y105.3 E1719.5596
G0 F15000 X96.22 Y105.02
G0 X95.61 Y104.538
G0 X95.38 Y104.537
;TYPE:FILL
G1 F10800 X96.02 Y102.147 E1719.6419
G0 F15000 X95.79 Y102.147
G0 X95.79 Y99.505
G0 X96.019 Y99.505
G1 F10800 X95.38 Y98.866 E1719.67195
G1 X95.381 Y98.941
G1 X96.019 Y98.77 E1719.69392
G0 F15000 X95.79 Y98.77
G0 X95.862 Y97.312
G0 X97.274 Y97.24
G0 X97.274 Y97.468
G1 F10800 X97.445 Y96.828 E1719.71595
G0 F15000 X97.445 Y97.061
G0 X100.876 Y97.24
G0 X100.876 Y97.469
G1 F10800 X103.268 Y96.828 E1719.79832
G0 F15000 X103.657 Y96.828
G1 F10800 X103.486 Y97.468 E1719.82035
G0 F15000 X103.486 Y97.24
G0 X102.468 Y97.24
G0 X102.468 Y97.468
G1 F10800 X101.828 Y96.828 E1719.85046
G0 F15000 X101.828 Y97.061
G0 X109.697 Y97.24
G0 X109.697 Y97.469
G1 F10800 X109.869 Y96.827 E1719.87256
G0 F15000 X110.313 Y96.828
G1 F10800 X110.953 Y97.468 E1719.90267
G0 F15000 X110.953 Y97.24
G0 X115.909 Y97.24
G0 X115.909 Y97.469
G1 F10800 X116.08 Y96.828 E1719.92473
G0 F15000 X116.08 Y97.061
G0 X118.798 Y97.061
G0 X118.798 Y96.828
G1 F10800 X119.438 Y97.468 E1719.95483
G0 F15000 X119.438 Y97.24
G0 X122.12 Y97.24
G0 X122.12 Y97.469
G1 F10800 X122.292 Y96.828 E1719.97691
G0 F15000 X122.292 Y97.061
G0 X123.585 Y97.24
G0 X123.585 Y97.595
G1 F10800 X124.616 Y97.319 E1720.01241
G0 F15000 X124.389 Y97.319
G0 X124.21 Y102.01
G0 X123.98 Y102.01
G1 F10800 X124.62 Y102.65 E1720.04251
G0 F15000 X124.619 Y103.53
G1 F10800 X123.98 Y103.701 E1720.06451
G1 F2400 E1719.26451
G0 F15000 X124.21 Y103.701
G0 X123.724 Y105.076
G0 X123.724 Y106.165
G0 X122.647 Y113.847
G0 X122.647 Y121.197
G0 X123.724 Y122.274
G0 X110 Y122.937
G0 X110 Y123.246
;TYPE:WALL-INNER
G1 F2400 E1720.06451
G1 F5400 X124.29 Y123.244 E1720.5398
G1 X124.472 Y123.193 E1720.54609
G1 X124.595 Y123.097 E1720.55128
G1 X124.696 Y122.837 E1720.56055
G1 X124.699 Y115.101 E1720.81785
G1 X123.901 Y115.101 E1720.84439
G1 X123.9 Y121.939 E1721.07183
G1 X123.725 Y122.273 E1721.08437
G1 X123.389 Y122.448 E1721.09697
G1 X96.7 Y122.448 E1721.98465
G1 X96.275 Y122.273 E1721.99994
G1 X96.1 Y121.937 E1722.01254
G1 X96.1 Y115.1 E1722.23994
G1 X95.3 Y115.1 E1722.26654
G1 X95.3 Y122.838 E1722.52391
G1 X95.346 Y123.028 E1722.53041
G1 X95.474 Y123.169 E1722.53675
G1 X95.684 Y123.248 E1722.54421
G1 X110 Y123.246 E1723.02036
G0 F15000 X110 Y123.646
;TYPE:WALL-OUTER
G1 F5400 X124.344 Y123.644 E1723.49744
G1 X124.656 Y123.557 E1723.50822
G1 X124.902 Y123.365 E1723.5186
G1 X125.05 Y123.112 E1723.52835
G1 X125.096 Y122.876 E1723.53634
G1 X125.099 Y114.701 E1723.80824
G1 X123.501 Y114.701 E1723.86139
G1 X123.498 Y121.883 E1724.10027
G1 X123.442 Y121.99 E1724.10429
G1 X123.335 Y122.046 E1724.1083
G1 X96.7 Y122.048 E1724.99419
G1 X96.558 Y121.99 E1724.99929
G1 X96.502 Y121.883 E1725.0033
G1 X96.5 Y114.7 E1725.24221
G1 X94.9 Y114.7 E1725.29543
G1 X94.9 Y122.876 E1725.56736
G1 X95.009 Y123.252 E1725.58038
G1 X95.225 Y123.491 E1725.5911
G1 X95.452 Y123.609 E1725.59961
G1 X95.644 Y123.648 E1725.60612
G1 X110 Y123.646 E1726.08361
G0 F15000 X110 Y122.937
G0 X109.023 Y122.937
G0 X109.023 Y123.167
;TYPE:FILL
G1 F10800 X109.194 Y122.528 E1726.10561
G0 F15000 X109.194 Y122.76
G0 X110.557 Y122.76
G0 X110.557 Y122.528
G1 F10800 X111.195 Y123.166 E1726.13562
G0 F15000 X111.195 Y122.937
G0 X115.235 Y122.937
G0 X115.235 Y123.166
G1 F10800 X115.406 Y122.528 E1726.15759
G0 F15000 X115.406 Y122.76
G0 X119.042 Y122.76
G0 X119.042 Y122.528
G1 F10800 X119.679 Y123.165 E1726.18755
G0 F15000 X119.679 Y122.937
G0 X120.888 Y122.937
G0 X120.888 Y123.165
G1 F10800 X123.266 Y122.528 E1726.26943
G0 F15000 X123.522 Y122.459
G1 F10800 X124.615 Y122.166 E1726.30707
G0 F15000 X124.39 Y122.165
G0 X124.39 Y119.617
G0 X124.618 Y119.618
G1 F10800 X123.98 Y118.981 E1726.33705
G0 F15000 X124.21 Y118.981
G0 X124.21 Y116.124
G0 X123.981 Y116.124
G1 F10800 X124.618 Y115.953 E1726.35899
G0 F15000 X124.39 Y115.952
G0 X124.138 Y122.688
G0 X121.617 Y122.76
G0 X121.617 Y122.528
G1 F10800 X121.447 Y123.164 E1726.38089
G0 F15000 X121.447 Y122.937
G0 X102.982 Y122.76
G0 X102.982 Y122.528
G1 F10800 X102.811 Y123.167 E1726.40289
G1 X102.71 Y123.167
G1 X102.072 Y122.528 E1726.43292
G0 F15000 X102.072 Y122.76
G0 X100.083 Y122.76
G0 X100.083 Y122.528
G1 F10800 X97.695 Y123.168 E1726.51515
G0 F15000 X97.695 Y122.937
G0 X96.599 Y122.937
G0 X96.599 Y123.169
G1 F10800 X96.771 Y122.527 E1726.53725
G0 F15000 X96.771 Y122.76
G0 X95.862 Y122.688
G0 X95.611 Y117.576
G0 X95.38 Y117.576
G1 F10800 X96.019 Y117.405 E1726.55925
G0 F15000 X96.02 Y116.477
G1 F10800 X95.38 Y115.836 E1726.58938
;MESH:NONMESH
G0 F300 Z5.2
G0 F15000 X95.611 Y115.836
G0 X95.862 Y122.688
G0 X110 Y122.937
G0 X110 Y123.246
;TIME_ELAPSED:1572.359628
;LAYER:25
;note -- min layer time used
;TYPE:WALL-INNER
;MESH:bno085_case_body.stl
G1 F2496.2 X124.324 Y123.244 E1727.0658
G1 X124.484 Y123.194 E1727.07138
G1 X124.615 Y123.076 E1727.07724
G1 X124.696 Y122.909 E1727.08341
G1 X124.699 Y115.101 E1727.34311
G1 X123.901 Y115.101 E1727.36965
G1 X123.9 Y121.939 E1727.59708
G1 X123.725 Y122.273 E1727.60962
G1 X123.389 Y122.448 E1727.62222
G1 X96.7 Y122.448 E1728.5099
G1 X96.275 Y122.273 E1728.52519
G1 X96.1 Y121.937 E1728.53779
G1 X96.1 Y115.1 E1728.76519
G1 X95.3 Y115.1 E1728.7918
G1 X95.3 Y122.926 E1729.05209
G1 X95.416 Y123.117 E1729.05952
G1 X95.529 Y123.21 E1729.06439
G1 X95.692 Y123.248 E1729.06996
G1 X110 Y123.246 E1729.54585
G0 F15000 X110 Y123.646
;TYPE:WALL-OUTER
G1 F2496.2 X124.358 Y123.644 E1730.02339
G1 X124.705 Y123.534 E1730.0355
G1 X124.941 Y123.321 E1730.04608
G1 X125.096 Y123.003 E1730.05784
G1 X125.099 Y114.701 E1730.33397
G1 X123.501 Y114.701 E1730.38712
G1 X123.498 Y121.883 E1730.62599
G1 X123.442 Y121.99 E1730.63001
G1 X123.335 Y122.046 E1730.63402
G1 X96.7 Y122.048 E1731.51991
G1 X96.558 Y121.99 E1731.52501
G1 X96.502 Y121.883 E1731.52903
G1 X96.5 Y114.7 E1731.76793
G1 X94.9 Y114.7 E1731.82115
G1 X94.9 Y122.876 E1732.09309
G1 X94.946 Y123.115 E1732.10118
G1 X95.11 Y123.383 E1732.11163
G1 X95.347 Y123.579 E1732.12186
G1 X95.647 Y123.648 E1732.1321
G1 X110 Y123.646 E1732.60948
G0 F15000 X110 Y122.937
G0 X108.877 Y122.937
G0 X108.877 Y123.166
;TYPE:FILL
G1 F2496.2 X109.048 Y122.528 E1732.63145
G0 F15000 X109.048 Y122.76
G0 X110.756 Y122.76
G0 X110.756 Y122.528
G1 F2496.2 X111.393 Y123.165 E1732.66141
G0 F15000 X111.393 Y122.937
G0 X115.089 Y122.937
G0 X115.089 Y123.166
G1 F2496.2 X115.26 Y122.527 E1732.68341
G0 F15000 X115.26 Y122.76
G0 X119.242 Y122.76
G0 X119.242 Y122.528
G1 F2496.2 X119.877 Y123.164 E1732.71331
G0 F15000 X119.877 Y122.937
G0 X121.301 Y122.937
G0 X121.301 Y123.165
G1 F2496.2 X121.471 Y122.528 E1732.73523
G0 F15000 X121.431 Y123.165
G1 F2496.2 X124.61 Y122.313 E1732.8447
G0 F15000 X124.39 Y122.312
G0 X124.39 Y119.414
G0 X124.614 Y119.415
G1 F2496.2 X123.98 Y118.781 E1732.87452
G0 F15000 X124.21 Y118.781
G0 X124.21 Y116.27
G0 X123.981 Y116.27
G1 F2496.2 X124.618 Y116.099 E1732.89646
G0 F15000 X124.39 Y116.098
G0 X124.138 Y122.688
G0 X102.836 Y122.76
G0 X102.836 Y122.528
G1 F2496.2 X102.665 Y123.168 E1732.91849
G0 F15000 X102.909 Y123.167
G1 F2496.2 X102.271 Y122.528 E1732.94852
G0 F15000 X102.271 Y122.76
G0 X100.627 Y122.76
G0 X100.627 Y122.528
G1 F2496.2 X98.238 Y123.168 E1733.03078
G0 F15000 X98.238 Y122.937
G0 X96.635 Y122.76
G0 X96.635 Y122.492
G1 F2496.2 X96.453 Y123.169 E1733.0541
G0 F15000 X96.453 Y122.937
G0 X95.862 Y122.688
G0 X95.611 Y117.722
G0 X95.381 Y117.722
G1 F2496.2 X96.019 Y117.551 E1733.07607
G0 F15000 X95.79 Y117.551
G0 X95.79 Y116.277
G0 X96.02 Y116.277
G1 F2496.2 X95.38 Y115.637 E1733.10617
G1 F2400 E1732.30617
G0 F15000 X95.611 Y115.637
G0 X95.79 Y114.93
G0 X95.79 Y113.835
G0 X95.79 Y106.165
G0 X95.79 Y105.07
G0 X95.79 Y104.62
G0 X96.1 Y104.9
;TYPE:WALL-INNER
G1 F2400 E1733.10617
G1 F2496.2 X96.1 Y98.148 E1733.33075
G1 X96.275 Y97.723 E1733.34603
G1 X96.611 Y97.548 E1733.35863
G1 X123.3 Y97.548 E1734.24631
G1 X123.724 Y97.722 E1734.26156
G1 X123.9 Y98.148 E1734.27689
G1 X123.9 Y104.9 E1734.50146
G1 X124.7 Y104.9 E1734.52807
G1 X124.696 Y97.067 E1734.78859
G1 X124.548 Y96.843 E1734.79752
G1 X124.336 Y96.748 E1734.80525
G1 X95.66 Y96.748 E1735.75902
G1 X95.411 Y96.888 E1735.76852
G1 X95.3 Y97.162 E1735.77835
G1 X95.3 Y104.9 E1736.03572
G1 X96.1 Y104.9 E1736.06233
G0 F15000 X96.5 Y105.3
;TYPE:WALL-OUTER
G1 F2496.2 X96.5 Y98.148 E1736.3002
G1 X96.558 Y98.006 E1736.30531
G1 X96.665 Y97.95 E1736.30932
G1 X123.3 Y97.948 E1737.19521
G1 X123.442 Y98.006 E1737.20031
G1 X123.5 Y98.148 E1737.20541
G1 X123.5 Y105.3 E1737.44329
G1 X125.1 Y105.3 E1737.4965
G1 X125.096 Y97.12 E1737.76857
G1 X125.05 Y96.885 E1737.77653
G1 X124.884 Y96.606 E1737.78733
G1 X124.766 Y96.503 E1737.79254
G1 X124.421 Y96.348 E1737.80512
G1 X95.594 Y96.348 E1738.76391
G1 X95.362 Y96.428 E1738.77207
G1 X95.108 Y96.614 E1738.78254
G1 X94.95 Y96.881 E1738.79286
G1 X94.9 Y97.121 E1738.80102
G1 X94.9 Y105.3 E1739.07305
G1 X96.5 Y105.3 E1739.12627
G1 F2400 E1738.32627
G0 F15000 X96.22 Y105.02
G0 X95.61 Y103.994
G0 X95.38 Y103.993
;TYPE:FILL
G1 F2400 E1739.12627
G1 F2496.2 X96.02 Y101.603 E1739.20856
G0 F15000 X95.79 Y101.603
G0 X95.79 Y99.306
G0 X96.019 Y99.306
G1 F2496.2 X95.38 Y98.667 E1739.23862
G0 F15000 X95.381 Y99.087
G1 F2496.2 X96.019 Y98.916 E1739.26059
G0 F15000 X95.79 Y98.916
G0 X95.862 Y97.312
G0 X97.128 Y97.24
G0 X97.128 Y97.469
G1 F2496.2 X97.3 Y96.827 E1739.28269
G0 F15000 X97.3 Y97.061
G0 X101.421 Y97.24
G0 X101.421 Y97.469
G1 F2496.2 X103.812 Y96.828 E1739.36503
G0 F15000 X103.511 Y96.828
G1 F2496.2 X103.34 Y97.468 E1739.38706
G0 F15000 X102.667 Y97.468
G1 F2496.2 X102.027 Y96.828 E1739.41716
G0 F15000 X102.027 Y97.061
G0 X109.551 Y97.24
G0 X109.551 Y97.469
G1 F2496.2 X109.723 Y96.828 E1739.43924
G0 F15000 X110.512 Y96.828
G1 F2496.2 X111.152 Y97.468 E1739.46934
G0 F15000 X111.152 Y97.24
G0 X115.763 Y97.24
G0 X115.763 Y97.469
G1 F2496.2 X115.935 Y96.827 E1739.49145
G0 F15000 X115.935 Y97.061
G0 X118.998 Y97.061
G0 X118.998 Y96.828
G1 F2496.2 X119.638 Y97.468 E1739.52155
G0 F15000 X119.638 Y97.24
G0 X121.974 Y97.24
G0 X121.974 Y97.468
G1 F2496.2 X122.146 Y96.828 E1739.54359
G0 F15000 X122.146 Y97.061
G0 X124.138 Y97.312
G0 X124.21 Y97.689
G0 X123.78 Y97.689
G1 F2496.2 X124.616 Y97.465 E1739.57238
G0 F15000 X124.389 Y97.465
G0 X124.21 Y101.811
G0 X123.98 Y101.811
G1 F2496.2 X124.619 Y102.45 E1739.60243
G0 F15000 X124.389 Y102.45
G0 X124.389 Y103.676
G0 X124.619 Y103.676
G1 F2496.2 X123.98 Y103.847 E1739.62443
G1 F2400 E1738.82443
;MESH:NONMESH
G0 F300 Z5.4
G0 F15000 X124.21 Y103.847
G0 X123.724 Y105.076
G0 X123.724 Y106.165
G0 X122.647 Y113.847
G0 X122.647 Y121.197
G0 X123.724 Y122.274
G0 X110 Y122.937
G0 X110 Y123.248
;TIME_ELAPSED:1590.987896
;LAYER:26
;note -- min layer time used
;TYPE:WALL-INNER
;MESH:bno085_case_body.stl
G1 F2400 E1739.62443
G1 F2501.7 X124.339 Y123.248 E1740.10135
G1 X124.589 Y123.107 E1740.1109
G1 X124.696 Y122.891 E1740.11892
G1 X124.699 Y115.101 E1740.37801
G1 X123.901 Y115.101 E1740.40455
G1 X123.9 Y121.939 E1740.63199
G1 X123.724 Y122.274 E1740.64457
G1 X123.389 Y122.448 E1740.65713
G1 X96.7 Y122.448 E1741.54481
G1 X96.275 Y122.273 E1741.5601
G1 X96.1 Y121.937 E1741.5727
G1 X96.1 Y115.1 E1741.80009
G1 X95.3 Y115.1 E1741.8267
G1 X95.3 Y122.838 E1742.08407
G1 X95.329 Y122.984 E1742.08902
G1 X95.415 Y123.124 E1742.09449
G1 X95.685 Y123.248 E1742.10437
G1 X110 Y123.248 E1742.58049
G0 F15000 X110 Y123.648
;TYPE:WALL-OUTER
G1 F2501.7 X124.403 Y123.648 E1743.05953
G1 X124.634 Y123.572 E1743.06762
G1 X124.889 Y123.382 E1743.0782
G1 X125.046 Y123.127 E1743.08816
G1 X125.096 Y122.945 E1743.09443
G1 X125.099 Y114.701 E1743.36863
G1 X123.501 Y114.701 E1743.42178
G1 X123.498 Y121.883 E1743.66066
G1 X123.442 Y121.99 E1743.66467
G1 X123.335 Y122.046 E1743.66869
G1 X96.7 Y122.048 E1744.55457
G1 X96.558 Y121.99 E1744.55967
G1 X96.502 Y121.883 E1744.56369
G1 X96.5 Y114.7 E1744.8026
G1 X94.9 Y114.7 E1744.85581
G1 X94.9 Y122.876 E1745.12775
G1 X94.947 Y123.12 E1745.13601
G1 X95.157 Y123.436 E1745.14863
G1 X95.435 Y123.603 E1745.15942
G1 X95.642 Y123.648 E1745.16647
G1 X110 Y123.648 E1745.64401
G0 F15000 X110.001 Y122.939
G0 X108.73 Y122.939
G0 X108.729 Y123.169
;TYPE:FILL
G1 F2501.7 X108.901 Y122.528 E1745.66609
G0 F15000 X108.901 Y122.76
G0 X110.957 Y122.76
G0 X110.957 Y122.528
G1 F2501.7 X111.596 Y123.167 E1745.69615
G0 F15000 X111.597 Y122.939
G0 X114.942 Y122.939
G0 X114.941 Y123.169
G1 F2501.7 X115.113 Y122.527 E1745.71825
G0 F15000 X115.113 Y122.76
G0 X119.442 Y122.76
G0 X119.442 Y122.528
G1 F2501.7 X120.082 Y123.167 E1745.74833
G0 F15000 X120.083 Y122.939
G0 X121.154 Y122.939
G0 X121.153 Y123.169
G1 F2501.7 X121.324 Y122.528 E1745.7704
G0 F15000 X121.967 Y123.168
G1 F2501.7 X124.616 Y122.459 E1745.8616
G0 F15000 X124.39 Y122.458
G0 X124.39 Y119.217
G0 X124.618 Y119.218
G1 F2501.7 X123.98 Y118.58 E1745.89161
G0 F15000 X124.21 Y118.58
G0 X124.21 Y116.417
G0 X123.981 Y116.417
G1 F2501.7 X124.618 Y116.246 E1745.91355
G0 F15000 X124.39 Y116.245
G0 X124.138 Y122.688
G0 X103.112 Y122.939
G0 X103.111 Y123.167
G1 F2501.7 X102.472 Y122.528 E1745.94361
G0 F15000 X102.689 Y122.528
G1 F2501.7 X102.518 Y123.168 E1745.96564
G0 F15000 X102.519 Y122.939
G0 X101.176 Y122.76
G0 X101.176 Y122.528
G1 F2501.7 X98.787 Y123.168 E1746.0479
G0 F15000 X98.788 Y122.939
G0 X96.502 Y122.76
G0 X96.502 Y122.437
G1 F2501.7 X96.306 Y123.169 E1746.0731
G0 F15000 X96.307 Y122.939
G0 X95.862 Y122.688
G0 X95.611 Y117.869
G0 X95.38 Y117.869
G1 F2501.7 X96.019 Y117.698 E1746.09511
G0 F15000 X95.79 Y117.698
G0 X95.79 Y116.077
G0 X96.02 Y116.077
G1 F2501.7 X95.38 Y115.436 E1746.12523
G1 F2400 E1745.32523
G0 F15000 X95.611 Y115.436
G0 X95.79 Y114.93
G0 X95.79 Y113.835
G0 X95.79 Y106.165
G0 X95.79 Y105.07
G0 X95.79 Y104.62
G0 X96.1 Y104.9
;TYPE:WALL-INNER
G1 F2400 E1746.12523
G1 F2501.7 X96.1 Y98.148 E1746.34981
G1 X96.275 Y97.723 E1746.36509
G1 X96.611 Y97.548 E1746.37769
G1 X123.3 Y97.548 E1747.26537
G1 X123.724 Y97.722 E1747.28062
G1 X123.9 Y98.148 E1747.29595
G1 X123.9 Y104.9 E1747.52052
G1 X124.7 Y104.9 E1747.54713
G1 X124.696 Y97.158 E1747.80463
G1 X124.668 Y97.012 E1747.80957
G1 X124.585 Y96.877 E1747.81484
G1 X124.419 Y96.778 E1747.82127
G1 X124.267 Y96.748 E1747.82642
G1 X95.714 Y96.748 E1748.7761
G1 X95.425 Y96.862 E1748.78643
G1 X95.3 Y97.072 E1748.79456
G1 X95.3 Y104.9 E1749.05492
G1 X96.1 Y104.9 E1749.08153
G0 F15000 X96.5 Y105.3
;TYPE:WALL-OUTER
G1 F2501.7 X96.5 Y98.148 E1749.31941
G1 X96.558 Y98.006 E1749.32451
G1 X96.665 Y97.95 E1749.32853
G1 X123.3 Y97.948 E1750.21441
G1 X123.442 Y98.006 E1750.21951
G1 X123.5 Y98.148 E1750.22461
G1 X123.5 Y105.3 E1750.46249
G1 X125.1 Y105.3 E1750.51571
G1 X125.096 Y97.12 E1750.78777
G1 X125.049 Y96.876 E1750.79604
G1 X124.843 Y96.565 E1750.80845
G1 X124.563 Y96.398 E1750.81929
G1 X124.305 Y96.348 E1750.82803
G1 X95.673 Y96.348 E1751.78033
G1 X95.429 Y96.399 E1751.78862
G1 X95.113 Y96.605 E1751.80117
G1 X94.946 Y96.885 E1751.81201
G1 X94.9 Y97.12 E1751.81998
G1 X94.9 Y105.3 E1752.09205
G1 X96.5 Y105.3 E1752.14526
G1 F2400 E1751.34526
G0 F15000 X96.22 Y105.02
G0 X95.61 Y103.444
G0 X95.38 Y103.443
;TYPE:FILL
G1 F2400 E1752.14526
G1 F2501.7 X96.02 Y101.054 E1752.22752
G0 F15000 X95.79 Y101.054
G0 X95.61 Y99.235
G0 X95.381 Y99.234
G1 F2501.7 X96.019 Y99.063 E1752.24949
G1 X96.019 Y99.105
G1 X95.38 Y98.466 E1752.27955
G0 F15000 X95.61 Y98.467
G0 X95.862 Y97.312
G0 X96.981 Y97.24
G0 X96.981 Y97.469
G1 F2501.7 X97.152 Y96.828 E1752.30161
G0 F15000 X97.152 Y97.061
G0 X101.969 Y97.24
G0 X101.969 Y97.469
G1 F2501.7 X104.36 Y96.828 E1752.38395
G0 F15000 X103.364 Y96.828
G1 F2501.7 X103.193 Y97.468 E1752.40598
G0 F15000 X102.868 Y97.468
G1 F2501.7 X102.228 Y96.828 E1752.43608
G0 F15000 X102.228 Y97.061
G0 X109.404 Y97.24
G0 X109.404 Y97.469
G1 F2501.7 X109.576 Y96.828 E1752.45816
G0 F15000 X109.576 Y97.061
G0 X110.713 Y97.061
G0 X110.713 Y96.828
G1 F2501.7 X111.353 Y97.468 E1752.48826
G0 F15000 X111.353 Y97.24
G0 X115.616 Y97.24
G0 X115.616 Y97.469
G1 F2501.7 X115.788 Y96.827 E1752.51037
G0 F15000 X115.788 Y97.061
G0 X119.198 Y97.061
G0 X119.198 Y96.828
G1 F2501.7 X119.838 Y97.468 E1752.54047
G0 F15000 X119.838 Y97.24
G0 X121.827 Y97.24
G0 X121.827 Y97.468
G1 F2501.7 X121.999 Y96.827 E1752.56255
G0 F15000 X121.999 Y97.061
G0 X124.138 Y97.312
G0 X124.21 Y97.821
G0 X123.835 Y97.821
G1 F2501.7 X124.615 Y97.612 E1752.5894
G0 F15000 X124.389 Y97.612
G0 X124.21 Y101.61
G0 X123.98 Y101.61
G1 F2501.7 X124.619 Y102.249 E1752.61946
G0 F15000 X124.389 Y102.249
G0 X124.389 Y103.823
G0 X124.619 Y103.823
G1 F2501.7 X123.98 Y103.994 E1752.64146
G1 F2400 E1751.84146
;MESH:NONMESH
G0 F300 Z5.6
G0 F15000 X124.21 Y103.994
G0 X123.724 Y105.076
G0 X123.724 Y106.165
G0 X122.647 Y113.847
G0 X122.647 Y121.197
G0 X123.724 Y122.274
G0 X110.001 Y122.939
G0 X110 Y123.247
;TIME_ELAPSED:1609.688235
;LAYER:27
;note -- min layer time used
;TYPE:WALL-INNER
;MESH:bno085_case_body.stl
G1 F2400 E1752.64146
G1 F2495.8 X124.286 Y123.247 E1753.11662
G1 X124.47 Y123.203 E1753.12291
G1 X124.62 Y123.068 E1753.12962
G1 X124.695 Y122.838 E1753.13767
G1 X124.699 Y115.101 E1753.395
G1 X123.901 Y115.101 E1753.42154
G1 X123.9 Y121.939 E1753.64897
G1 X123.724 Y122.274 E1753.66156
G1 X123.389 Y122.448 E1753.67412
G1 X96.7 Y122.448 E1754.5618
G1 X96.275 Y122.273 E1754.57708
G1 X96.1 Y121.937 E1754.58968
G1 X96.1 Y115.1 E1754.81708
G1 X95.3 Y115.1 E1754.84369
G1 X95.3 Y122.838 E1755.10106
G1 X95.329 Y122.983 E1755.10598
G1 X95.416 Y123.122 E1755.11143
G1 X95.691 Y123.248 E1755.12149
G1 X110 Y123.247 E1755.59741
G0 F15000 X110 Y123.647
;TYPE:WALL-OUTER
G1 F2495.8 X124.324 Y123.647 E1756.07383
G1 X124.644 Y123.586 E1756.08466
G1 X124.94 Y123.318 E1756.09794
G1 X125.049 Y123.115 E1756.10561
G1 X125.095 Y122.876 E1756.1137
G1 X125.099 Y114.701 E1756.3856
G1 X123.501 Y114.701 E1756.43875
G1 X123.498 Y121.883 E1756.67763
G1 X123.442 Y121.99 E1756.68164
G1 X123.335 Y122.046 E1756.68566
G1 X96.7 Y122.048 E1757.57155
G1 X96.558 Y121.99 E1757.57665
G1 X96.502 Y121.883 E1757.58066
G1 X96.5 Y114.7 E1757.81957
G1 X94.9 Y114.7 E1757.87279
G1 X94.9 Y122.876 E1758.14472
G1 X94.947 Y123.119 E1758.15295
G1 X95.158 Y123.432 E1758.16551
G1 X95.418 Y123.596 E1758.17573
G1 X95.647 Y123.648 E1758.18354
G1 X110 Y123.647 E1758.66093
G0 F15000 X110.001 Y122.939
G0 X108.585 Y122.939
G0 X108.584 Y123.168
;TYPE:FILL
G1 F2495.8 X108.755 Y122.528 E1758.68296
G0 F15000 X108.755 Y122.76
G0 X111.156 Y122.76
G0 X111.156 Y122.528
G1 F2495.8 X111.795 Y123.167 E1758.71302
G0 F15000 X111.796 Y122.939
G0 X114.796 Y122.939
G0 X114.795 Y123.168
G1 F2495.8 X114.967 Y122.528 E1758.73506
G0 F15000 X114.967 Y122.76
G0 X119.642 Y122.76
G0 X119.642 Y122.528
G1 F2495.8 X120.28 Y123.167 E1758.76509
G0 F15000 X121.007 Y123.168
G1 F2495.8 X121.179 Y122.527 E1758.78717
G0 F15000 X121.179 Y122.76
G0 X122.517 Y122.939
G0 X122.516 Y123.167
G1 F2495.8 X124.615 Y122.605 E1758.85944
G0 F15000 X124.39 Y122.604
G0 X124.39 Y119.018
G0 X124.618 Y119.019
G1 F2495.8 X123.981 Y118.382 E1758.8894
G0 F15000 X124.21 Y118.382
G0 X124.21 Y116.563
G0 X123.981 Y116.563
G1 F2495.8 X124.618 Y116.393 E1758.91133
G0 F15000 X124.39 Y116.392
G0 X124.138 Y122.688
G0 X103.311 Y122.939
G0 X103.31 Y123.167
G1 F2495.8 X102.671 Y122.528 E1758.94138
G1 X102.544 Y122.527
G1 X102.372 Y123.169 E1758.96349
G0 F15000 X101.721 Y122.528
G1 F2495.8 X99.33 Y123.168 E1759.04582
G0 F15000 X99.331 Y122.939
G0 X96.371 Y122.76
G0 X96.371 Y122.383
G1 F2495.8 X96.16 Y123.169 E1759.07288
G0 F15000 X96.161 Y122.939
G0 X95.892 Y122.713
G0 X95.611 Y118.015
G0 X95.381 Y118.015
G1 F2495.8 X96.019 Y117.844 E1759.09485
G0 F15000 X95.79 Y117.844
G0 X95.79 Y115.877
G0 X96.02 Y115.877
G1 F2495.8 X95.38 Y115.236 E1759.12498
G1 F2400 E1758.32498
G0 F15000 X95.611 Y115.381
G0 X95.79 Y114.93
G0 X95.79 Y113.835
G0 X95.79 Y106.165
G0 X95.79 Y105.07
G0 X95.79 Y104.62
G0 X96.1 Y104.9
;TYPE:WALL-INNER
G1 F2400 E1759.12498
G1 F2495.8 X96.1 Y98.148 E1759.34955
G1 X96.275 Y97.723 E1759.36484
G1 X96.611 Y97.548 E1759.37744
G1 X123.3 Y97.548 E1760.26512
G1 X123.724 Y97.722 E1760.28036
G1 X123.9 Y98.148 E1760.29569
G1 X123.9 Y104.9 E1760.52027
G1 X124.7 Y104.9 E1760.54687
G1 X124.696 Y97.068 E1760.80737
G1 X124.585 Y96.884 E1760.81451
G1 X124.341 Y96.748 E1760.82381
G1 X95.714 Y96.748 E1761.77594
G1 X95.522 Y96.796 E1761.78253
G1 X95.372 Y96.932 E1761.78926
G1 X95.301 Y97.104 E1761.79545
G1 X95.3 Y104.9 E1762.05474
G1 X96.1 Y104.9 E1762.08135
G0 F15000 X96.5 Y105.3
;TYPE:WALL-OUTER
G1 F2495.8 X96.5 Y98.148 E1762.31923
G1 X96.558 Y98.006 E1762.32433
G1 X96.665 Y97.95 E1762.32835
G1 X123.3 Y97.948 E1763.21423
G1 X123.442 Y98.006 E1763.21933
G1 X123.5 Y98.148 E1763.22444
G1 X123.5 Y105.3 E1763.46231
G1 X125.1 Y105.3 E1763.51553
G1 X125.096 Y97.119 E1763.78763
G1 X125.05 Y96.881 E1763.79569
G1 X124.888 Y96.612 E1763.80614
G1 X124.655 Y96.435 E1763.81587
G1 X124.409 Y96.348 E1763.82455
G1 X95.673 Y96.348 E1764.78031
G1 X95.347 Y96.415 E1764.79138
G1 X95.055 Y96.679 E1764.80447
G1 X94.901 Y97.051 E1764.81786
G1 X94.9 Y105.3 E1765.09223
G1 X96.5 Y105.3 E1765.14544
G1 F2400 E1764.34544
G0 F15000 X96.22 Y105.02
G0 X95.61 Y102.898
G0 X95.38 Y102.897
;TYPE:FILL
G1 F2400 E1765.14544
G1 F2495.8 X96.02 Y100.51 E1765.22764
G0 F15000 X95.79 Y100.51
G0 X95.61 Y99.381
G0 X95.381 Y99.38
G1 F2495.8 X96.019 Y99.209 E1765.24961
G0 F15000 X96.019 Y98.906
G1 F2495.8 X95.38 Y98.267 E1765.27966
G0 F15000 X95.61 Y98.268
G0 X95.862 Y97.312
G0 X96.835 Y97.24
G0 X96.835 Y97.469
G1 F2495.8 X97.007 Y96.827 E1765.30177
G0 F15000 X97.007 Y97.061
G0 X102.427 Y97.061
G0 X102.427 Y96.828
G1 F2495.8 X103.067 Y97.468 E1765.33187
G1 X103.047 Y97.469
G1 X103.218 Y96.828 E1765.35394
G0 F15000 X102.515 Y97.468
G1 F2495.8 X104.906 Y96.828 E1765.43626
G0 F15000 X104.906 Y97.061
G0 X109.258 Y97.24
G0 X109.258 Y97.468
G1 F2495.8 X109.43 Y96.828 E1765.45831
G0 F15000 X109.43 Y97.061
G0 X110.913 Y97.061
G0 X110.913 Y96.828
G1 F2495.8 X111.552 Y97.468 E1765.48839
G0 F15000 X111.552 Y97.24
G0 X115.47 Y97.24
G0 X115.47 Y97.469
G1 F2495.8 X115.642 Y96.828 E1765.51046
G0 F15000 X115.642 Y97.061
G0 X119.398 Y97.061
G0 X119.398 Y96.828
G1 F2495.8 X120.038 Y97.468 E1765.54056
G0 F15000 X120.038 Y97.24
G0 X121.681 Y97.24
G0 X121.681 Y97.469
G1 F2495.8 X121.853 Y96.828 E1765.56264
G0 F15000 X121.853 Y97.061
G0 X124.138 Y97.312
G0 X124.21 Y97.953
G0 X123.888 Y97.953
G1 F2495.8 X124.616 Y97.758 E1765.5877
G0 F15000 X124.389 Y97.758
G0 X124.21 Y101.41
G0 X123.98 Y101.41
G1 F2495.8 X124.619 Y102.05 E1765.61778
G0 F15000 X124.389 Y102.05
G0 X124.389 Y103.969
G0 X124.618 Y103.969
G1 F2495.8 X123.981 Y104.14 E1765.63972
G1 F2400 E1764.83972
;MESH:NONMESH
G0 F300 Z5.8
G0 F15000 X124.21 Y104.14
G0 X123.724 Y105.076
G0 X123.724 Y106.165
G0 X122.647 Y113.847
G0 X122.647 Y121.197
G0 X123.724 Y122.274
G0 X110.001 Y122.939
G0 X110 Y123.248
;TIME_ELAPSED:1628.280940
;LAYER:28
;note -- min layer time used
;TYPE:WALL-INNER
;MESH:bno085_case_body.stl
G1 F2400 E1765.63972
G1 F2496.5 X124.287 Y123.248 E1766.11491
G1 X124.432 Y123.217 E1766.11984
G1 X124.576 Y123.129 E1766.12545
G1 X124.696 Y122.893 E1766.13426
G1 X124.699 Y115.101 E1766.39342
G1 X123.901 Y115.101 E1766.41996
G1 X123.9 Y121.939 E1766.6474
G1 X123.724 Y122.274 E1766.65998
G1 X123.389 Y122.448 E1766.67254
G1 X96.7 Y122.448 E1767.56022
G1 X96.275 Y122.273 E1767.5755
G1 X96.1 Y121.937 E1767.5881
G1 X96.1 Y115.1 E1767.8155
G1 X95.3 Y115.1 E1767.84211
G1 X95.3 Y122.892 E1768.10128
G1 X95.439 Y123.136 E1768.11062
G1 X95.687 Y123.248 E1768.11967
G1 X110 Y123.248 E1768.59572
G0 F15000 X110 Y123.648
;TYPE:WALL-OUTER
G1 F2496.5 X124.327 Y123.648 E1769.07224
G1 X124.57 Y123.597 E1769.08049
G1 X124.885 Y123.389 E1769.09305
G1 X125.046 Y123.131 E1769.10316
G1 X125.096 Y122.945 E1769.10957
G1 X125.099 Y114.701 E1769.38377
G1 X123.501 Y114.701 E1769.43692
G1 X123.498 Y121.883 E1769.67579
G1 X123.442 Y121.99 E1769.67981
G1 X123.335 Y122.046 E1769.68382
G1 X96.7 Y122.048 E1770.56971
G1 X96.558 Y121.99 E1770.57481
G1 X96.502 Y121.883 E1770.57883
G1 X96.5 Y114.7 E1770.81773
G1 X94.9 Y114.7 E1770.87095
G1 X94.9 Y122.956 E1771.14555
G1 X94.976 Y123.186 E1771.1536
G1 X95.165 Y123.437 E1771.16405
G1 X95.436 Y123.603 E1771.17462
G1 X95.645 Y123.648 E1771.18173
G1 X110 Y123.648 E1771.65918
G0 F15000 X110.001 Y122.939
G0 X108.438 Y122.939
G0 X108.437 Y123.168
;TYPE:FILL
G1 F2496.5 X108.608 Y122.528 E1771.68122
G0 F15000 X108.608 Y122.76
G0 X111.357 Y122.76
G0 X111.357 Y122.528
G1 F2496.5 X111.997 Y123.167 E1771.7113
G0 F15000 X111.998 Y122.939
G0 X114.649 Y122.939
G0 X114.648 Y123.169
G1 F2496.5 X114.82 Y122.528 E1771.73337
G0 F15000 X114.82 Y122.76
G0 X119.843 Y122.76
G0 X119.843 Y122.528
G1 F2496.5 X120.482 Y123.167 E1771.76343
G0 F15000 X120.86 Y123.169
G1 F2496.5 X121.032 Y122.527 E1771.78553
G0 F15000 X121.032 Y122.76
G0 X123.062 Y122.939
G0 X123.061 Y123.168
G1 F2496.5 X124.615 Y122.752 E1771.83904
G0 F15000 X124.39 Y122.751
G0 X124.39 Y118.818
G0 X124.618 Y118.819
G1 F2496.5 X123.981 Y118.181 E1771.86903
G0 F15000 X124.21 Y118.181
G0 X124.21 Y116.71
G0 X123.981 Y116.71
G1 F2496.5 X124.618 Y116.54 E1771.89095
G0 F15000 X124.39 Y116.539
G0 X124.138 Y122.688
G0 X103.512 Y122.939
G0 X103.511 Y123.167
G1 F2496.5 X102.872 Y122.528 E1771.92101
G0 F15000 X102.397 Y122.527
G1 F2496.5 X102.225 Y123.169 E1771.94312
G0 F15000 X102.269 Y122.528
G1 F2496.5 X99.879 Y123.168 E1772.02541
G0 F15000 X99.88 Y122.939
G0 X96.239 Y122.76
G0 X96.239 Y122.328
G1 F2496.5 X96.013 Y123.169 E1772.05437
G0 F15000 X96.014 Y122.939
G0 X95.611 Y118.162
G0 X95.381 Y118.162
G1 F2496.5 X96.019 Y117.991 E1772.07634
G0 F15000 X95.79 Y117.991
G0 X95.79 Y115.676
G0 X96.02 Y115.676
G1 F2496.5 X95.524 Y115.18 E1772.09967
G1 F2400 E1771.29967
G0 F15000 X95.611 Y115.411
G0 X95.79 Y114.93
G0 X95.79 Y113.835
G0 X95.79 Y106.165
G0 X95.79 Y105.07
G0 X95.79 Y104.62
G0 X96.1 Y104.9
;TYPE:WALL-INNER
G1 F2400 E1772.09967
G1 F2496.5 X96.1 Y98.148 E1772.32424
G1 X96.275 Y97.723 E1772.33953
G1 X96.611 Y97.548 E1772.35213
G1 X123.3 Y97.548 E1773.23981
G1 X123.724 Y97.722 E1773.25506
G1 X123.9 Y98.148 E1773.27039
G1 X123.9 Y104.9 E1773.49496
G1 X124.7 Y104.9 E1773.52157
G1 X124.696 Y97.068 E1773.78206
G1 X124.588 Y96.89 E1773.78898
G1 X124.333 Y96.748 E1773.79869
G1 X95.714 Y96.748 E1774.75056
G1 X95.522 Y96.796 E1774.75715
G1 X95.381 Y96.923 E1774.76346
G1 X95.3 Y97.156 E1774.77166
G1 X95.3 Y104.9 E1775.02923
G1 X96.1 Y104.9 E1775.05584
G0 F15000 X96.5 Y105.3
;TYPE:WALL-OUTER
G1 F2496.5 X96.5 Y98.148 E1775.29371
G1 X96.558 Y98.006 E1775.29882
G1 X96.665 Y97.95 E1775.30283
G1 X123.3 Y97.948 E1776.18872
G1 X123.442 Y98.006 E1776.19382
G1 X123.5 Y98.148 E1776.19892
G1 X123.5 Y105.3 E1776.4368
G1 X125.1 Y105.3 E1776.49001
G1 X125.096 Y97.119 E1776.76211
G1 X125.05 Y96.881 E1776.77018
G1 X124.889 Y96.614 E1776.78055
G1 X124.634 Y96.428 E1776.79104
G1 X124.399 Y96.348 E1776.7993
G1 X95.673 Y96.348 E1777.75473
G1 X95.347 Y96.415 E1777.7658
G1 X95.058 Y96.676 E1777.77875
G1 X94.936 Y96.916 E1777.78771
G1 X94.9 Y97.122 E1777.79466
G1 X94.9 Y105.3 E1778.06666
G1 X96.5 Y105.3 E1778.11988
G1 F2400 E1777.31988
G0 F15000 X96.22 Y105.02
G0 X95.61 Y102.352
G0 X95.38 Y102.351
;TYPE:FILL
G1 F2400 E1778.11988
G1 F2496.5 X96.02 Y99.961 E1778.20217
G0 F15000 X96.019 Y99.356
G1 F2496.5 X95.38 Y99.527 E1778.22417
G0 F15000 X95.61 Y99.528
G0 X95.79 Y98.705
G0 X96.019 Y98.705
G1 F2496.5 X95.38 Y98.066 E1778.25423
G0 F15000 X95.61 Y98.067
G0 X95.862 Y97.312
G0 X96.688 Y97.24
G0 X96.688 Y97.469
G1 F2496.5 X96.86 Y96.827 E1778.27634
G0 F15000 X96.86 Y97.061
G0 X102.628 Y97.061
G0 X102.628 Y96.828
G1 F2496.5 X103.268 Y97.468 E1778.30644
G0 F15000 X103.063 Y97.468
G1 F2496.5 X105.455 Y96.828 E1778.3888
G0 F15000 X105.455 Y97.061
G0 X103.071 Y97.061
G0 X103.071 Y96.827
G1 F2496.5 X102.9 Y97.469 E1778.41089
G0 F15000 X102.9 Y97.24
G0 X109.111 Y97.24
G0 X109.111 Y97.468
G1 F2496.5 X109.283 Y96.828 E1778.43294
G0 F15000 X109.283 Y97.061
G0 X111.113 Y97.061
G0 X111.113 Y96.828
G1 F2496.5 X111.753 Y97.468 E1778.46304
G0 F15000 X111.753 Y97.24
G0 X115.323 Y97.24
G0 X115.323 Y97.469
G1 F2496.5 X115.495 Y96.828 E1778.48511
G0 F15000 X115.495 Y97.061
G0 X119.599 Y97.061
G0 X119.599 Y96.828
G1 F2496.5 X120.239 Y97.468 E1778.51522
G0 F15000 X120.239 Y97.24
G0 X121.534 Y97.24
G0 X121.534 Y97.469
G1 F2496.5 X121.706 Y96.827 E1778.53732
G0 F15000 X121.706 Y97.061
G0 X124.138 Y97.312
G0 X124.21 Y98.085
G0 X123.944 Y98.085
G1 F2496.5 X124.616 Y97.905 E1778.56046
G0 F15000 X124.389 Y97.905
G0 X124.21 Y101.21
G0 X123.98 Y101.21
G1 F2496.5 X124.619 Y101.849 E1778.59052
G0 F15000 X124.389 Y101.849
G0 X124.389 Y104.116
G0 X124.618 Y104.116
G1 F2496.5 X123.981 Y104.287 E1778.61245
G1 F2400 E1777.81245
;MESH:NONMESH
G0 F300 Z6
G0 F15000 X124.21 Y104.287
G0 X123.724 Y105.076
G0 X123.724 Y106.165
G0 X122.647 Y113.847
G0 X122.647 Y121.197
G0 X123.724 Y122.274
G0 X110.001 Y122.939
G0 X110 Y123.248
;TIME_ELAPSED:1647.055428
;LAYER:29
;note -- min layer time used
;TYPE:WALL-INNER
;MESH:bno085_case_body.stl
G1 F2400 E1778.61245
G1 F2493 X124.292 Y123.247 E1779.08781
G1 X124.523 Y123.166 E1779.09595
G1 X124.644 Y123.033 E1779.10193
G1 X124.696 Y122.851 E1779.10823
G1 X124.699 Y115.101 E1779.36599
G1 X123.901 Y115.101 E1779.39253
G1 X123.9 Y121.939 E1779.61997
G1 X123.724 Y122.274 E1779.63255
G1 X123.389 Y122.448 E1779.64511
G1 X96.7 Y122.448 E1780.53279
G1 X96.275 Y122.273 E1780.54808
G1 X96.1 Y121.937 E1780.56068
G1 X96.1 Y115.1 E1780.78808
G1 X95.3 Y115.1 E1780.81468
G1 X95.301 Y122.835 E1781.07195
G1 X95.413 Y123.112 E1781.08189
G1 X95.523 Y123.196 E1781.08649
G1 X95.71 Y123.248 E1781.09295
G1 X110 Y123.248 E1781.56823
G0 F15000 X110 Y123.647
;TYPE:WALL-OUTER
G1 F2493 X124.326 Y123.647 E1782.04472
G1 X124.527 Y123.612 E1782.0515
G1 X124.769 Y123.49 E1782.06052
G1 X124.985 Y123.253 E1782.07118
G1 X125.096 Y122.881 E1782.0841
G1 X125.099 Y114.701 E1782.35616
G1 X123.501 Y114.701 E1782.40931
G1 X123.498 Y121.883 E1782.64819
G1 X123.442 Y121.99 E1782.6522
G1 X123.335 Y122.046 E1782.65622
G1 X96.7 Y122.048 E1783.54211
G1 X96.558 Y121.99 E1783.54721
G1 X96.502 Y121.883 E1783.55122
G1 X96.5 Y114.7 E1783.79013
G1 X94.9 Y114.7 E1783.84335
G1 X94.901 Y122.875 E1784.11525
G1 X94.95 Y123.115 E1784.1234
G1 X95.109 Y123.384 E1784.13379
G1 X95.343 Y123.561 E1784.14355
G1 X95.656 Y123.648 E1784.15435
G1 X110 Y123.647 E1784.63144
G0 F15000 X110.001 Y122.939
G0 X108.292 Y122.939
G0 X108.291 Y123.169
;TYPE:FILL
G1 F2493 X108.462 Y122.528 E1784.6535
G0 F15000 X108.462 Y122.76
G0 X111.557 Y122.76
G0 X111.557 Y122.528
G1 F2493 X112.195 Y123.167 E1784.68353
G0 F15000 X112.196 Y122.939
G0 X114.503 Y122.939
G0 X114.502 Y123.168
G1 F2493 X114.674 Y122.528 E1784.70558
G0 F15000 X114.674 Y122.76
G0 X120.042 Y122.76
G0 X120.042 Y122.528
G1 F2493 X120.681 Y123.167 E1784.73563
G1 X120.714 Y123.168
G1 X120.886 Y122.528 E1784.75767
G0 F15000 X120.886 Y122.76
G0 X123.612 Y122.939
G0 X123.611 Y123.167
G1 F2493 X124.615 Y122.898 E1784.79225
G0 F15000 X124.385 Y122.861
G0 X124.39 Y118.618
G0 X124.618 Y118.619
G1 F2493 X123.981 Y117.981 E1784.82223
G0 F15000 X124.21 Y117.981
G0 X124.21 Y116.856
G0 X123.981 Y116.856
G1 F2493 X124.619 Y116.685 E1784.8442
G0 F15000 X124.39 Y116.684
G0 X124.138 Y122.688
G0 X103.712 Y122.939
G0 X103.711 Y123.167
G1 F2493 X103.071 Y122.528 E1784.87428
G0 F15000 X102.814 Y122.528
G1 F2493 X100.426 Y123.168 E1784.95651
G0 F15000 X100.427 Y122.939
G0 X102.08 Y122.939
G0 X102.079 Y123.169
G1 F2493 X102.251 Y122.527 E1784.97862
G0 F15000 X102.251 Y122.76
G0 X95.862 Y122.688
G0 X95.79 Y122.162
G0 X96.137 Y122.162
G1 F2493 X95.867 Y123.169 E1785.01329
G0 F15000 X95.868 Y122.939
G0 X95.611 Y118.308
G0 X95.38 Y118.308
G1 F2493 X96.02 Y118.137 E1785.03532
G0 F15000 X95.79 Y118.137
G0 X95.79 Y115.477
G0 X96.02 Y115.477
G1 F2493 X95.723 Y115.18 E1785.04929
G1 F2400 E1784.24929
G0 F15000 X95.723 Y115.41
G0 X95.79 Y114.93
G0 X95.79 Y113.835
G0 X95.79 Y106.165
G0 X95.79 Y105.07
G0 X95.79 Y104.62
G0 X96.1 Y104.9
;TYPE:WALL-INNER
G1 F2400 E1785.04929
G1 F2493 X96.1 Y98.148 E1785.27387
G1 X96.275 Y97.723 E1785.28915
G1 X96.611 Y97.548 E1785.30175
G1 X123.3 Y97.548 E1786.18943
G1 X123.724 Y97.722 E1786.20468
G1 X123.9 Y98.148 E1786.22001
G1 X123.9 Y104.9 E1786.44458
G1 X124.7 Y104.9 E1786.47119
G1 X124.696 Y97.158 E1786.72869
G1 X124.668 Y97.01 E1786.7337
G1 X124.535 Y96.837 E1786.74096
G1 X124.336 Y96.748 E1786.74821
G1 X95.657 Y96.748 E1787.70207
G1 X95.484 Y96.815 E1787.70824
G1 X95.359 Y96.947 E1787.71429
G1 X95.3 Y97.158 E1787.72158
G1 X95.3 Y104.9 E1787.97908
G1 X96.1 Y104.9 E1788.00569
G0 F15000 X96.5 Y105.3
;TYPE:WALL-OUTER
G1 F2493 X96.5 Y98.148 E1788.24356
G1 X96.558 Y98.006 E1788.24866
G1 X96.665 Y97.95 E1788.25268
G1 X123.3 Y97.948 E1789.13856
G1 X123.442 Y98.006 E1789.14367
G1 X123.5 Y98.148 E1789.14877
G1 X123.5 Y105.3 E1789.38664
G1 X125.1 Y105.3 E1789.43986
G1 X125.096 Y97.12 E1789.71193
G1 X125.049 Y96.876 E1789.72019
G1 X124.942 Y96.674 E1789.7278
G1 X124.762 Y96.501 E1789.7361
G1 X124.421 Y96.348 E1789.74853
G1 X95.593 Y96.348 E1790.70735
G1 X95.278 Y96.452 E1790.71839
G1 X95.029 Y96.713 E1790.73039
G1 X94.948 Y96.874 E1790.73638
G1 X94.9 Y97.12 E1790.74472
G1 X94.9 Y105.3 E1791.01678
G1 X96.5 Y105.3 E1791.07
G1 F2400 E1790.27
G0 F15000 X96.22 Y105.02
G0 X95.61 Y101.806
G0 X95.38 Y101.805
;TYPE:FILL
G1 F2400 E1791.07
G1 F2493 X96.02 Y99.416 E1791.15226
G1 X96.02 Y99.502
G1 X95.38 Y99.673 E1791.17429
G0 F15000 X95.61 Y99.674
G0 X95.79 Y98.506
G0 X96.019 Y98.506
G1 F2493 X95.38 Y97.866 E1791.20437
G0 F15000 X95.61 Y97.867
G0 X95.862 Y97.312
G0 X96.531 Y97.24
G0 X96.531 Y97.511
G1 F2493 X96.714 Y96.827 E1791.22792
G0 F15000 X96.714 Y97.061
G0 X102.753 Y97.24
G0 X102.753 Y97.469
G1 F2493 X102.925 Y96.827 E1791.25003
G1 X102.827 Y96.828
G1 X103.467 Y97.468 E1791.28013
G1 X103.608 Y97.468
G1 X105.998 Y96.828 E1791.36243
G0 F15000 X105.998 Y97.061
G0 X108.965 Y97.24
G0 X108.965 Y97.468
G1 F2493 X109.137 Y96.827 E1791.3845
G0 F15000 X109.137 Y97.061
G0 X111.313 Y97.061
G0 X111.313 Y96.828
G1 F2493 X111.953 Y97.468 E1791.4146
G0 F15000 X111.953 Y97.24
G0 X115.177 Y97.24
G0 X115.177 Y97.469
G1 F2493 X115.349 Y96.828 E1791.43668
G0 F15000 X115.349 Y97.061
G0 X119.798 Y97.061
G0 X119.798 Y96.828
G1 F2493 X120.438 Y97.468 E1791.46678
G0 F15000 X121.388 Y97.469
G1 F2493 X121.56 Y96.827 E1791.48889
G0 F15000 X121.56 Y97.061
G0 X124.138 Y97.312
G0 X124.21 Y98.221
G0 X123.981 Y98.221
G1 F2493 X124.617 Y98.051 E1791.51078
G0 F15000 X124.389 Y98.051
G0 X124.21 Y101.01
G0 X123.98 Y101.01
G1 F2493 X124.619 Y101.649 E1791.54084
G0 F15000 X124.389 Y101.649
G0 X124.389 Y104.262
G0 X124.619 Y104.262
G1 F2493 X123.981 Y104.433 E1791.56281
G1 F2400 E1790.76281
;MESH:NONMESH
G0 F300 Z6.2
G0 F15000 X124.21 Y104.433
G0 X123.724 Y105.076
G0 X123.724 Y106.165
G0 X122.647 Y113.847
G0 X122.647 Y121.197
G0 X123.724 Y122.274
G0 X110.001 Y122.939
G0 X110 Y123.248
;TIME_ELAPSED:1665.589460
;LAYER:30
;note -- min layer time used
;TYPE:WALL-INNER
;MESH:bno085_case_body.stl
G1 F2400 E1791.56281
G1 F2492.2 X124.289 Y123.247 E1792.03806
G1 X124.432 Y123.218 E1792.04292
G1 X124.573 Y123.132 E1792.04841
G1 X124.696 Y122.927 E1792.05636
G1 X124.699 Y115.101 E1792.31665
G1 X123.901 Y115.101 E1792.3432
G1 X123.9 Y121.939 E1792.57063
G1 X123.724 Y122.274 E1792.58322
G1 X123.389 Y122.448 E1792.59577
G1 X96.7 Y122.448 E1793.48345
G1 X96.275 Y122.273 E1793.49874
G1 X96.1 Y121.937 E1793.51134
G1 X96.1 Y115.1 E1793.73874
G1 X95.3 Y115.1 E1793.76535
G1 X95.3 Y122.838 E1794.02271
G1 X95.377 Y123.069 E1794.03081
G1 X95.509 Y123.191 E1794.03679
G1 X95.651 Y123.248 E1794.04188
G1 X110 Y123.248 E1794.51913
G0 F15000 X110 Y123.647
;TYPE:WALL-OUTER
G1 F2492.2 X124.328 Y123.647 E1794.99568
G1 X124.57 Y123.598 E1795.00389
G1 X124.884 Y123.39 E1795.01642
G1 X125.05 Y123.115 E1795.0271
G1 X125.096 Y122.876 E1795.0352
G1 X125.099 Y114.701 E1795.3071
G1 X123.501 Y114.701 E1795.36025
G1 X123.498 Y121.883 E1795.59912
G1 X123.442 Y121.99 E1795.60314
G1 X123.335 Y122.046 E1795.60716
G1 X96.7 Y122.048 E1796.49304
G1 X96.558 Y121.99 E1796.49814
G1 X96.502 Y121.883 E1796.50216
G1 X96.5 Y114.7 E1796.74107
G1 X94.9 Y114.7 E1796.79428
G1 X94.9 Y122.876 E1797.06622
G1 X94.947 Y123.115 E1797.07432
G1 X95.057 Y123.319 E1797.08203
G1 X95.293 Y123.535 E1797.09267
G1 X95.575 Y123.648 E1797.10277
G1 X110 Y123.647 E1797.58255
G0 F15000 X110.001 Y122.939
G0 X108.145 Y122.939
G0 X108.144 Y123.168
;TYPE:FILL
G1 F2492.2 X108.315 Y122.528 E1797.60458
G0 F15000 X108.315 Y122.76
G0 X111.758 Y122.76
G0 X111.758 Y122.528
G1 F2492.2 X112.396 Y123.167 E1797.63462
G0 F15000 X112.397 Y122.939
G0 X114.357 Y122.939
G0 X114.356 Y123.167
G1 F2492.2 X114.527 Y122.528 E1797.65662
G0 F15000 X114.527 Y122.76
G0 X120.243 Y122.76
G0 X120.243 Y122.528
G1 F2492.2 X120.881 Y123.167 E1797.68665
G0 F15000 X120.567 Y123.168
G1 F2492.2 X120.739 Y122.527 E1797.70872
G0 F15000 X120.739 Y122.76
G0 X124.161 Y122.939
G0 X124.16 Y123.167
G1 F2492.2 X124.516 Y123.071 E1797.72099
G0 F15000 X124.345 Y122.92
G0 X124.39 Y118.417
G0 X124.618 Y118.418
G1 F2492.2 X123.981 Y117.781 E1797.75095
G0 F15000 X123.981 Y117.003
G1 F2492.2 X124.618 Y116.833 E1797.77288
G0 F15000 X124.39 Y116.832
G0 X124.138 Y122.688
G0 X103.912 Y122.939
G0 X103.911 Y123.167
G1 F2492.2 X103.272 Y122.528 E1797.80294
G1 X103.363 Y122.528
G1 X100.974 Y123.168 E1797.8852
G0 F15000 X101.932 Y123.168
G1 F2492.2 X102.104 Y122.527 E1797.90727
G0 F15000 X102.104 Y122.76
G0 X95.862 Y122.688
G0 X95.79 Y121.975
G0 X96.04 Y121.975
G1 F2492.2 X95.72 Y123.168 E1797.94835
G0 F15000 X95.721 Y122.939
G0 X95.611 Y118.455
G0 X95.38 Y118.455
G1 F2492.2 X96.02 Y118.284 E1797.97038
G0 F15000 X95.79 Y118.284
G0 X95.82 Y115.38
G0 X96.02 Y115.276
G1 F2492.2 X95.924 Y115.18 E1797.9749
G1 F2400 E1797.1749
G0 F15000 X95.79 Y115.38
G0 X95.79 Y114.93
G0 X95.79 Y113.835
G0 X95.79 Y106.165
G0 X95.79 Y105.07
G0 X95.79 Y104.62
G0 X96.1 Y104.9
;TYPE:WALL-INNER
G1 F2400 E1797.9749
G1 F2492.2 X96.1 Y98.148 E1798.19947
G1 X96.275 Y97.723 E1798.21476
G1 X96.611 Y97.548 E1798.22736
G1 X123.3 Y97.548 E1799.11504
G1 X123.724 Y97.722 E1799.13028
G1 X123.9 Y98.148 E1799.14561
G1 X123.9 Y104.9 E1799.37019
G1 X124.7 Y104.9 E1799.39679
G1 X124.696 Y97.159 E1799.65426
G1 X124.621 Y96.928 E1799.66234
G1 X124.488 Y96.809 E1799.66828
G1 X124.339 Y96.748 E1799.67363
G1 X95.657 Y96.748 E1800.6276
G1 X95.409 Y96.888 E1800.63707
G1 X95.3 Y97.162 E1800.64688
G1 X95.3 Y104.9 E1800.90424
G1 X96.1 Y104.9 E1800.93085
G0 F15000 X96.5 Y105.3
;TYPE:WALL-OUTER
G1 F2492.2 X96.5 Y98.148 E1801.16873
G1 X96.558 Y98.006 E1801.17383
G1 X96.665 Y97.95 E1801.17785
G1 X123.3 Y97.948 E1802.06373
G1 X123.442 Y98.006 E1802.06883
G1 X123.5 Y98.148 E1802.07393
G1 X123.5 Y105.3 E1802.31181
G1 X125.1 Y105.3 E1802.36503
G1 X125.096 Y97.12 E1802.63709
G1 X125.049 Y96.88 E1802.64523
G1 X124.94 Y96.678 E1802.65286
G1 X124.704 Y96.465 E1802.66344
G1 X124.417 Y96.348 E1802.67375
G1 X95.593 Y96.348 E1803.63244
G1 X95.362 Y96.424 E1803.64052
G1 X95.107 Y96.614 E1803.6511
G1 X94.953 Y96.867 E1803.66095
G1 X94.9 Y97.121 E1803.66958
G1 X94.9 Y105.3 E1803.94162
G1 X96.5 Y105.3 E1803.99483
G1 F2400 E1803.19483
G0 F15000 X96.22 Y105.02
G0 X95.61 Y101.257
G0 X95.38 Y101.256
;TYPE:FILL
G1 F2400 E1803.99483
G1 F2492.2 X96.02 Y98.868 E1804.07706
G0 F15000 X96.019 Y98.305
G1 F2492.2 X95.38 Y97.666 E1804.10712
G0 F15000 X96.36 Y97.599
G1 F2492.2 X96.567 Y96.828 E1804.13367
G0 F15000 X96.567 Y97.061
G0 X95.862 Y97.312
G0 X95.79 Y99.649
G0 X96.02 Y99.649
G1 F2492.2 X95.38 Y99.82 E1804.1557
G0 F15000 X95.61 Y99.821
G0 X95.862 Y97.312
G0 X102.606 Y97.24
G0 X102.606 Y97.469
G1 F2492.2 X102.778 Y96.827 E1804.17781
G0 F15000 X103.028 Y96.828
G1 F2492.2 X103.668 Y97.468 E1804.20791
G0 F15000 X104.157 Y97.468
G1 F2492.2 X106.548 Y96.828 E1804.29024
G0 F15000 X106.548 Y97.061
G0 X108.818 Y97.24
G0 X108.818 Y97.468
G1 F2492.2 X108.99 Y96.827 E1804.31231
G0 F15000 X108.99 Y97.061
G0 X111.514 Y97.061
G0 X111.514 Y96.828
G1 F2492.2 X112.153 Y97.468 E1804.34239
G0 F15000 X112.153 Y97.24
G0 X115.03 Y97.24
G0 X115.03 Y97.469
G1 F2492.2 X115.202 Y96.828 E1804.36446
G0 F15000 X115.202 Y97.061
G0 X119.999 Y97.061
G0 X119.999 Y96.828
G1 F2492.2 X120.639 Y97.468 E1804.39457
G0 F15000 X121.241 Y97.469
G1 F2492.2 X121.413 Y96.827 E1804.41667
G0 F15000 X121.413 Y97.061
G0 X124.138 Y97.312
G0 X124.21 Y98.368
G0 X123.981 Y98.368
G1 F2492.2 X124.616 Y98.198 E1804.43854
G0 F15000 X124.389 Y98.198
G0 X124.21 Y100.809
G0 X123.98 Y100.809
G1 F2492.2 X124.619 Y101.449 E1804.46862
G0 F15000 X124.389 Y101.449
G0 X124.389 Y104.409
G0 X124.619 Y104.409
G1 F2492.2 X123.981 Y104.58 E1804.49059
G1 F2400 E1803.69059
;MESH:NONMESH
G0 F300 Z6.4
G0 F15000 X124.21 Y104.58
G0 X123.724 Y105.076
G0 X123.724 Y106.165
G0 X122.647 Y113.847
G0 X122.647 Y121.197
G0 X123.724 Y122.274
G0 X110.001 Y122.939
G0 X110 Y123.248
;TIME_ELAPSED:1684.245302
;LAYER:31
;note -- min layer time used
;TYPE:WALL-INNER
;MESH:bno085_case_body.stl
G1 F2400 E1804.49059
G1 F2495.1 X124.339 Y123.248 E1804.9675
G1 X124.586 Y123.109 E1804.97693
G1 X124.696 Y122.838 E1804.98666
G1 X124.699 Y115.101 E1805.24399
G1 X123.901 Y115.101 E1805.27053
G1 X123.9 Y121.939 E1805.49797
G1 X123.724 Y122.274 E1805.51055
G1 X123.389 Y122.448 E1805.52311
G1 X96.7 Y122.448 E1806.41079
G1 X96.275 Y122.273 E1806.42608
G1 X96.1 Y121.937 E1806.43868
G1 X96.1 Y115.1 E1806.66608
G1 X95.3 Y115.1 E1806.69268
G1 X95.301 Y122.835 E1806.94995
G1 X95.412 Y123.11 E1806.95981
G1 X95.533 Y123.201 E1806.96485
G1 X95.71 Y123.248 E1806.97094
G1 X110 Y123.248 E1807.44623
G0 F15000 X110 Y123.648
;TYPE:WALL-OUTER
G1 F2495.1 X124.403 Y123.648 E1807.92527
G1 X124.634 Y123.572 E1807.93336
G1 X124.888 Y123.383 E1807.94389
G1 X125.05 Y123.115 E1807.95431
G1 X125.096 Y122.876 E1807.9624
G1 X125.099 Y114.701 E1808.2343
G1 X123.501 Y114.701 E1808.28745
G1 X123.498 Y121.883 E1808.52633
G1 X123.442 Y121.99 E1808.53035
G1 X123.335 Y122.046 E1808.53436
G1 X96.7 Y122.048 E1809.42025
G1 X96.558 Y121.99 E1809.42535
G1 X96.502 Y121.883 E1809.42936
G1 X96.5 Y114.7 E1809.66827
G1 X94.9 Y114.7 E1809.72149
G1 X94.901 Y122.875 E1809.99339
G1 X94.95 Y123.115 E1810.00154
G1 X95.108 Y123.383 E1810.01188
G1 X95.357 Y123.568 E1810.0222
G1 X95.658 Y123.648 E1810.03256
G1 X110 Y123.648 E1810.50958
G0 F15000 X110.001 Y122.939
G0 X107.999 Y122.939
G0 X107.998 Y123.169
;TYPE:FILL
G1 F2495.1 X108.169 Y122.527 E1810.53167
G0 F15000 X108.169 Y122.76
G0 X111.957 Y122.76
G0 X111.957 Y122.528
G1 F2495.1 X112.597 Y123.168 E1810.56178
G0 F15000 X112.598 Y122.939
G0 X114.21 Y122.939
G0 X114.209 Y123.168
G1 F2495.1 X114.381 Y122.528 E1810.58382
G0 F15000 X114.381 Y122.76
G0 X120.442 Y122.76
G0 X120.442 Y122.528
G1 F2495.1 X121.082 Y123.168 E1810.61392
G0 F15000 X120.421 Y123.169
G1 F2495.1 X120.593 Y122.528 E1810.636
G0 F15000 X120.593 Y122.76
G0 X124.138 Y122.688
G0 X124.39 Y118.218
G0 X124.618 Y118.219
G1 F2495.1 X123.981 Y117.581 E1810.66598
G0 F15000 X123.981 Y117.149
G1 F2495.1 X124.618 Y116.978 E1810.68792
G0 F15000 X124.39 Y116.977
G0 X124.138 Y122.688
G0 X104.113 Y122.939
G0 X104.112 Y123.168
G1 F2495.1 X103.472 Y122.528 E1810.71802
G0 F15000 X103.907 Y122.528
G1 F2495.1 X101.517 Y123.168 E1810.80032
G0 F15000 X101.786 Y123.168
G1 F2495.1 X101.958 Y122.528 E1810.82236
G0 F15000 X101.958 Y122.76
G0 X95.862 Y122.688
G0 X95.79 Y121.505
G0 X96.02 Y121.505
G1 F2495.1 X95.589 Y123.115 E1810.87779
G1 X95.563 Y123.104
G1 X95.435 Y122.976 E1810.88381
G0 F15000 X95.625 Y122.863
G0 X95.611 Y118.601
G0 X95.381 Y118.601
G1 F2495.1 X96.02 Y118.43 E1810.90581
G1 F2400 E1810.10581
G0 F15000 X95.79 Y118.43
G0 X95.79 Y114.93
G0 X95.79 Y113.835
G0 X95.79 Y106.165
G0 X95.79 Y105.07
G0 X95.79 Y104.62
G0 X96.1 Y104.9
;TYPE:WALL-INNER
G1 F2400 E1810.90581
G1 F2495.1 X96.1 Y98.148 E1811.13039
G1 X96.275 Y97.723 E1811.14567
G1 X96.611 Y97.548 E1811.15827
G1 X123.3 Y97.548 E1812.04595
G1 X123.724 Y97.722 E1812.0612
G1 X123.9 Y98.148 E1812.07653
G1 X123.9 Y104.9 E1812.3011
G1 X124.7 Y104.9 E1812.32771
G1 X124.696 Y97.069 E1812.58817
G1 X124.586 Y96.887 E1812.59524
G1 X124.348 Y96.748 E1812.60441
G1 X95.714 Y96.748 E1813.55678
G1 X95.522 Y96.796 E1813.56336
G1 X95.385 Y96.92 E1813.56951
G1 X95.3 Y97.094 E1813.57595
G1 X95.3 Y104.9 E1813.83558
G1 X96.1 Y104.9 E1813.86219
G0 F15000 X96.5 Y105.3
;TYPE:WALL-OUTER
G1 F2495.1 X96.5 Y98.148 E1814.10006
G1 X96.558 Y98.006 E1814.10516
G1 X96.665 Y97.95 E1814.10918
G1 X123.3 Y97.948 E1814.99506
G1 X123.442 Y98.006 E1815.00017
G1 X123.5 Y98.148 E1815.00527
G1 X123.5 Y105.3 E1815.24314
G1 X125.1 Y105.3 E1815.29636
G1 X125.096 Y97.119 E1815.56846
G1 X125.05 Y96.881 E1815.57652
G1 X124.888 Y96.613 E1815.58694
G1 X124.633 Y96.424 E1815.5975
G1 X124.414 Y96.348 E1815.60521
G1 X95.673 Y96.348 E1816.56114
G1 X95.347 Y96.415 E1816.57221
G1 X95.059 Y96.675 E1816.58511
G1 X94.929 Y96.941 E1816.59496
G1 X94.9 Y97.12 E1816.60099
G1 X94.9 Y105.3 E1816.87306
G1 X96.5 Y105.3 E1816.92627
G1 F2400 E1816.12627
G0 F15000 X96.22 Y105.02
G0 X95.61 Y100.713
G0 X95.38 Y100.712
;TYPE:FILL
G1 F2400 E1816.92627
G1 F2495.1 X96.02 Y98.323 E1817.00853
G1 X96.039 Y98.125
G1 X95.38 Y97.466 E1817.03953
G0 F15000 X96.135 Y97.895
G1 F2495.1 X96.421 Y96.827 E1817.0763
G0 F15000 X96.421 Y97.061
G0 X95.862 Y97.312
G0 X95.79 Y99.795
G0 X96.02 Y99.795
G1 F2495.1 X95.381 Y99.966 E1817.09831
G0 F15000 X95.61 Y99.967
G0 X95.862 Y97.312
G0 X102.46 Y97.24
G0 X102.46 Y97.469
G1 F2495.1 X102.632 Y96.828 E1817.12038
G0 F15000 X103.228 Y96.828
G1 F2495.1 X103.868 Y97.468 E1817.15048
G0 F15000 X104.701 Y97.468
G1 F2495.1 X107.091 Y96.828 E1817.23278
G0 F15000 X107.091 Y97.061
G0 X108.672 Y97.24
G0 X108.672 Y97.469
G1 F2495.1 X108.844 Y96.827 E1817.25488
G0 F15000 X108.844 Y97.061
G0 X111.713 Y97.061
G0 X111.713 Y96.828
G1 F2495.1 X112.353 Y97.468 E1817.28499
G0 F15000 X112.353 Y97.24
G0 X114.884 Y97.24
G0 X114.884 Y97.468
G1 F2495.1 X115.056 Y96.828 E1817.30703
G0 F15000 X115.056 Y97.061
G0 X120.198 Y97.061
G0 X120.198 Y96.828
G1 F2495.1 X120.838 Y97.468 E1817.33713
G0 F15000 X121.095 Y97.469
G1 F2495.1 X121.267 Y96.828 E1817.3592
G0 F15000 X121.267 Y97.061
G0 X124.138 Y97.312
G0 X124.21 Y98.514
G0 X123.981 Y98.514
G1 F2495.1 X124.616 Y98.344 E1817.38107
G0 F15000 X124.389 Y98.344
G0 X124.21 Y100.61
G0 X123.98 Y100.61
G1 F2495.1 X124.619 Y101.249 E1817.41113
G0 F15000 X124.389 Y101.249
G0 X124.389 Y104.555
G0 X124.619 Y104.555
G1 F2495.1 X123.981 Y104.726 E1817.43309
G1 F2400 E1816.63309
;MESH:NONMESH
G0 F300 Z6.6
G0 F15000 X124.21 Y104.62
G0 X123.724 Y105.076
G0 X123.724 Y106.165
G0 X122.647 Y113.847
G0 X122.647 Y121.197
G0 X123.724 Y122.274
G0 X110.001 Y122.939
G0 X110 Y123.248
;TIME_ELAPSED:1702.717351
;LAYER:32
;note -- min layer time used
;TYPE:WALL-INNER
;MESH:bno085_case_body.stl
G1 F2400 E1817.43309
G1 F2523.4 X124.286 Y123.247 E1817.90825
G1 X124.47 Y123.203 E1817.91454
G1 X124.62 Y123.068 E1817.92125
G1 X124.695 Y122.838 E1817.9293
G1 X124.699 Y115.101 E1818.18663
G1 X123.901 Y115.101 E1818.21317
G1 X123.9 Y121.939 E1818.44061
G1 X123.724 Y122.274 E1818.45319
G1 X123.389 Y122.448 E1818.46575
G1 X96.7 Y122.448 E1819.35343
G1 X96.275 Y122.273 E1819.36872
G1 X96.1 Y121.937 E1819.38132
G1 X96.1 Y115.1 E1819.60872
G1 X95.3 Y115.1 E1819.63532
G1 X95.3 Y122.891 E1819.89445
G1 X95.365 Y123.061 E1819.90051
G1 X95.487 Y123.176 E1819.90608
G1 X95.688 Y123.248 E1819.91318
G1 X110 Y123.248 E1820.3892
G0 F15000 X110 Y123.647
;TYPE:WALL-OUTER
G1 F2523.4 X124.324 Y123.647 E1820.86562
G1 X124.644 Y123.586 E1820.87646
G1 X124.94 Y123.318 E1820.88974
G1 X125.049 Y123.115 E1820.8974
G1 X125.095 Y122.876 E1820.9055
G1 X125.099 Y114.701 E1821.1774
G1 X123.501 Y114.701 E1821.23055
G1 X123.498 Y121.883 E1821.46942
G1 X123.442 Y121.99 E1821.47344
G1 X123.335 Y122.046 E1821.47746
G1 X96.7 Y122.048 E1822.36334
G1 X96.558 Y121.99 E1822.36844
G1 X96.502 Y121.883 E1822.37246
G1 X96.5 Y114.7 E1822.61137
G1 X94.9 Y114.7 E1822.66458
G1 X94.9 Y122.955 E1822.93914
G1 X95.004 Y123.27 E1822.95018
G1 X95.259 Y123.512 E1822.96187
G1 X95.489 Y123.619 E1822.97031
G1 X95.654 Y123.648 E1822.97588
G1 X110 Y123.647 E1823.45303
G0 F15000 X110.001 Y122.939
G0 X107.853 Y122.939
G0 X107.852 Y123.168
;TYPE:FILL
G1 F2523.4 X108.023 Y122.528 E1823.47506
G0 F15000 X108.023 Y122.76
G0 X104.453 Y122.76
G0 X104.453 Y122.528
G1 F2523.4 X102.062 Y123.168 E1823.55739
G0 F15000 X101.64 Y123.168
G1 F2523.4 X101.812 Y122.528 E1823.57943
G0 F15000 X101.812 Y122.76
G0 X103.671 Y122.76
G0 X103.671 Y122.528
G1 F2523.4 X104.31 Y123.167 E1823.60948
G0 F15000 X104.311 Y122.939
G0 X112.156 Y122.76
G0 X112.156 Y122.528
G1 F2523.4 X112.795 Y123.167 E1823.63954
G0 F15000 X112.796 Y122.939
G0 X114.064 Y122.939
G0 X114.063 Y123.168
G1 F2523.4 X114.235 Y122.527 E1823.66162
G0 F15000 X114.235 Y122.76
G0 X120.276 Y122.939
G0 X120.275 Y123.167
G1 F2523.4 X120.447 Y122.528 E1823.68363
G1 X120.642 Y122.528
G1 X121.28 Y123.167 E1823.71366
G0 F15000 X121.281 Y122.939
G0 X124.138 Y122.688
G0 X124.39 Y118.019
G0 X124.618 Y118.02
G1 F2523.4 X123.981 Y117.382 E1823.74364
G1 X123.981 Y117.295
G1 X124.617 Y117.125 E1823.76554
G1 F2400 E1822.96554
G0 F15000 X124.39 Y117.124
G0 X124.138 Y122.688
G0 X95.862 Y122.688
G0 X95.79 Y118.576
G0 X96.019 Y118.576
G1 F2400 E1823.76554
G1 F2523.4 X95.38 Y118.747 E1823.78754
G0 F15000 X95.611 Y118.747
G0 X95.79 Y120.959
G0 X96.02 Y120.959
G1 F2523.4 X95.463 Y123.039 E1823.85916
G0 F15000 X95.38 Y122.722
G1 F2523.4 X95.825 Y123.167 E1823.88009
G1 F2400 E1823.08009
G0 F15000 X95.826 Y122.939
G0 X95.79 Y114.93
G0 X95.79 Y113.835
G0 X95.79 Y106.165
G0 X95.79 Y105.07
G0 X95.79 Y104.62
G0 X96.1 Y104.9
;TYPE:WALL-INNER
G1 F2400 E1823.88009
G1 F2523.4 X96.1 Y98.148 E1824.10466
G1 X96.275 Y97.723 E1824.11995
G1 X96.611 Y97.548 E1824.13255
G1 X123.3 Y97.548 E1825.02023
G1 X123.724 Y97.722 E1825.03547
G1 X123.9 Y98.148 E1825.0508
G1 X123.9 Y104.9 E1825.27538
G1 X124.7 Y104.9 E1825.30199
G1 X124.696 Y97.108 E1825.56115
G1 X124.566 Y96.866 E1825.57029
G1 X124.458 Y96.794 E1825.5746
G1 X124.253 Y96.748 E1825.58159
G1 X95.714 Y96.748 E1826.5308
G1 X95.471 Y96.83 E1826.53933
G1 X95.372 Y96.933 E1826.54408
G1 X95.3 Y97.149 E1826.55166
G1 X95.3 Y104.9 E1826.80946
G1 X96.1 Y104.9 E1826.83606
G0 F15000 X96.5 Y105.3
;TYPE:WALL-OUTER
G1 F2523.4 X96.5 Y98.148 E1827.07394
G1 X96.558 Y98.006 E1827.07904
G1 X96.665 Y97.95 E1827.08306
G1 X123.3 Y97.948 E1827.96894
G1 X123.442 Y98.006 E1827.97404
G1 X123.5 Y98.148 E1827.97915
G1 X123.5 Y105.3 E1828.21702
G1 X125.1 Y105.3 E1828.27024
G1 X125.096 Y97.044 E1828.54483
G1 X125.019 Y96.808 E1828.55309
G1 X124.847 Y96.572 E1828.5628
G1 X124.616 Y96.42 E1828.572
G1 X124.297 Y96.348 E1828.58288
G1 X95.673 Y96.348 E1829.53492
G1 X95.433 Y96.399 E1829.54308
G1 X95.227 Y96.506 E1829.5508
G1 X95.036 Y96.706 E1829.55999
G1 X94.929 Y96.939 E1829.56852
G1 X94.9 Y97.117 E1829.57452
G1 X94.9 Y105.3 E1829.84669
G1 X96.5 Y105.3 E1829.8999
G1 F2400 E1829.0999
G0 F15000 X96.22 Y105.02
G0 X95.61 Y100.166
G0 X95.38 Y100.165
;TYPE:FILL
G1 F2400 E1829.8999
G1 F2523.4 X96.275 Y96.827 E1830.01485
G0 F15000 X95.38 Y97.266
G1 F2523.4 X96.098 Y97.984 E1830.04862
G0 F15000 X95.79 Y97.984
G0 X95.79 Y99.941
G0 X96.019 Y99.941
G1 F2523.4 X95.381 Y100.112 E1830.07059
G0 F15000 X95.61 Y100.113
G0 X95.862 Y97.312
G0 X102.315 Y97.24
G0 X102.315 Y97.468
G1 F2523.4 X102.487 Y96.827 E1830.09266
G0 F15000 X103.427 Y96.828
G1 F2523.4 X104.067 Y97.468 E1830.12277
G0 F15000 X104.067 Y97.24
G0 X105.246 Y97.24
G0 X105.246 Y97.469
G1 F2523.4 X107.637 Y96.828 E1830.2051
G0 F15000 X107.637 Y97.061
G0 X108.698 Y97.061
G0 X108.698 Y96.827
G1 F2523.4 X108.526 Y97.469 E1830.22721
G0 F15000 X108.526 Y97.24
G0 X111.912 Y97.061
G0 X111.912 Y96.828
G1 F2523.4 X112.552 Y97.468 E1830.25731
G0 F15000 X112.552 Y97.24
G0 X114.738 Y97.24
G0 X114.738 Y97.469
G1 F2523.4 X114.91 Y96.827 E1830.27942
G0 F15000 X114.91 Y97.061
G0 X120.398 Y97.061
G0 X120.398 Y96.828
G1 F2523.4 X121.038 Y97.468 E1830.30952
G1 X120.949 Y97.469
G1 X121.121 Y96.827 E1830.33163
G0 F15000 X121.121 Y97.061
G0 X124.138 Y97.312
G0 X124.21 Y98.66
G0 X123.981 Y98.66
G1 F2523.4 X124.616 Y98.49 E1830.35349
G0 F15000 X124.389 Y98.49
G0 X124.21 Y100.411
G0 X123.98 Y100.411
G1 F2523.4 X124.619 Y101.05 E1830.38355
G0 F15000 X124.389 Y101.05
G0 X124.42 Y104.62
G0 X124.619 Y104.701
G1 F2523.4 X124.174 Y104.82 E1830.39887
G1 F2400 E1829.59887
;MESH:NONMESH
G0 F300 Z6.8
G0 F15000 X124.21 Y104.59
G0 X123.724 Y105.076
G0 X123.724 Y106.165
G0 X122.647 Y113.847
G0 X122.647 Y121.197
G0 X123.724 Y122.274
G0 X110.001 Y122.939
G0 X110 Y123.248
;TIME_ELAPSED:1721.411508
;LAYER:33
;note -- min layer time used
;TYPE:WALL-INNER
;MESH:bno085_case_body.stl
G1 F2400 E1830.39887
G1 F2510.4 X124.339 Y123.248 E1830.87578
G1 X124.586 Y123.109 E1830.88521
G1 X124.696 Y122.838 E1830.89494
G1 X124.699 Y115.101 E1831.15227
G1 X123.901 Y115.101 E1831.17881
G1 X123.9 Y121.939 E1831.40625
G1 X123.724 Y122.274 E1831.41883
G1 X123.389 Y122.448 E1831.43139
G1 X96.7 Y122.448 E1832.31907
G1 X96.275 Y122.273 E1832.33436
G1 X96.1 Y121.937 E1832.34696
G1 X96.1 Y115.1 E1832.57436
G1 X95.3 Y115.1 E1832.60096
G1 X95.3 Y122.89 E1832.86006
G1 X95.442 Y123.138 E1832.86957
G1 X95.694 Y123.248 E1832.87871
G1 X110 Y123.248 E1833.35453
G0 F15000 X110 Y123.648
;TYPE:WALL-OUTER
G1 F2510.4 X124.403 Y123.648 E1833.83358
G1 X124.634 Y123.572 E1833.84166
G1 X124.888 Y123.383 E1833.85219
G1 X125.05 Y123.115 E1833.86261
G1 X125.096 Y122.876 E1833.8707
G1 X125.099 Y114.701 E1834.14261
G1 X123.501 Y114.701 E1834.19576
G1 X123.498 Y121.883 E1834.43463
G1 X123.442 Y121.99 E1834.43865
G1 X123.335 Y122.046 E1834.44266
G1 X96.7 Y122.048 E1835.32855
G1 X96.558 Y121.99 E1835.33365
G1 X96.502 Y121.883 E1835.33767
G1 X96.5 Y114.7 E1835.57657
G1 X94.9 Y114.7 E1835.62979
G1 X94.9 Y122.955 E1835.90435
G1 X94.976 Y123.182 E1835.91231
G1 X95.166 Y123.438 E1835.92292
G1 X95.421 Y123.596 E1835.9329
G1 X95.65 Y123.648 E1835.94071
G1 X110 Y123.648 E1836.41799
G0 F15000 X110.001 Y122.939
G0 X107.705 Y122.939
G0 X107.704 Y123.169
;TYPE:FILL
G1 F2510.4 X107.876 Y122.527 E1836.44009
G0 F15000 X107.876 Y122.76
G0 X105.001 Y122.76
G0 X105.001 Y122.528
G1 F2510.4 X102.611 Y123.168 E1836.52239
G0 F15000 X102.612 Y122.939
G0 X101.494 Y122.939
G0 X101.493 Y123.168
G1 F2510.4 X101.665 Y122.528 E1836.54443
G0 F15000 X101.665 Y122.76
G0 X103.872 Y122.76
G0 X103.872 Y122.528
G1 F2510.4 X104.512 Y123.168 E1836.57453
G0 F15000 X104.513 Y122.939
G0 X112.357 Y122.76
G0 X112.357 Y122.528
G1 F2510.4 X112.997 Y123.168 E1836.60464
G0 F15000 X113.916 Y123.169
G1 F2510.4 X114.088 Y122.527 E1836.62674
G0 F15000 X114.088 Y122.76
G0 X120.129 Y122.939
G0 X120.128 Y123.168
G1 F2510.4 X120.3 Y122.528 E1836.64878
G0 F15000 X120.842 Y122.528
G1 F2510.4 X121.482 Y123.168 E1836.67889
G0 F15000 X121.483 Y122.939
G0 X124.138 Y122.688
G0 X124.39 Y117.818
G0 X124.618 Y117.819
G1 F2510.4 X123.981 Y117.181 E1836.70887
G0 F15000 X123.981 Y117.442
G1 F2510.4 X124.618 Y117.271 E1836.73081
G1 F2400 E1835.93081
G0 F15000 X124.39 Y117.27
G0 X124.138 Y122.688
G0 X95.862 Y122.688
G0 X95.79 Y118.723
G0 X96.019 Y118.723
G1 F2400 E1836.73081
G1 F2510.4 X95.38 Y118.894 E1836.75281
G0 F15000 X95.611 Y118.894
G0 X95.79 Y120.412
G0 X96.02 Y120.412
G1 F2510.4 X95.38 Y122.8 E1836.83504
G0 F15000 X95.38 Y122.521
G1 F2510.4 X96.027 Y123.168 E1836.86547
G1 F2400 E1836.06547
G0 F15000 X96.028 Y122.939
G0 X95.79 Y114.93
G0 X95.79 Y113.835
G0 X95.79 Y106.165
G0 X95.79 Y105.07
G0 X95.79 Y104.62
G0 X96.1 Y104.9
;TYPE:WALL-INNER
G1 F2400 E1836.86547
G1 F2510.4 X96.1 Y98.148 E1837.09005
G1 X96.275 Y97.723 E1837.10533
G1 X96.611 Y97.548 E1837.11793
G1 X123.3 Y97.548 E1838.00561
G1 X123.724 Y97.722 E1838.02086
G1 X123.9 Y98.148 E1838.03619
G1 X123.9 Y104.9 E1838.26076
G1 X124.7 Y104.9 E1838.28737
G1 X124.696 Y97.105 E1838.54663
G1 X124.627 Y96.928 E1838.55295
G1 X124.514 Y96.819 E1838.55817
G1 X124.335 Y96.748 E1838.56458
G1 X95.714 Y96.748 E1839.51651
G1 X95.453 Y96.838 E1839.5257
G1 X95.3 Y97.062 E1839.53472
G1 X95.3 Y104.9 E1839.79541
G1 X96.1 Y104.9 E1839.82202
G0 F15000 X96.5 Y105.3
;TYPE:WALL-OUTER
G1 F2510.4 X96.5 Y98.148 E1840.0599
G1 X96.558 Y98.006 E1840.065
G1 X96.665 Y97.95 E1840.06901
G1 X123.3 Y97.948 E1840.9549
G1 X123.442 Y98.006 E1840.96
G1 X123.5 Y98.148 E1840.9651
G1 X123.5 Y105.3 E1841.20298
G1 X125.1 Y105.3 E1841.25619
G1 X125.096 Y97.041 E1841.53089
G1 X124.993 Y96.728 E1841.54185
G1 X124.752 Y96.492 E1841.55307
G1 X124.389 Y96.348 E1841.56606
G1 X95.673 Y96.348 E1842.52115
G1 X95.429 Y96.399 E1842.52945
G1 X95.116 Y96.606 E1842.54193
G1 X94.946 Y96.876 E1842.55254
G1 X94.9 Y97.054 E1842.55865
G1 X94.9 Y105.3 E1842.83292
G1 X96.5 Y105.3 E1842.88613
G1 F2400 E1842.08613
G0 F15000 X96.22 Y105.02
G0 X95.61 Y100.26
G0 X95.381 Y100.259
;TYPE:FILL
G1 F2400 E1842.88613
G1 F2510.4 X96.019 Y100.088 E1842.9081
G0 F15000 X95.38 Y99.617
G1 F2510.4 X96.128 Y96.828 E1843.00414
G0 F15000 X95.392 Y97.077
G1 F2510.4 X96.157 Y97.842 E1843.04013
G0 F15000 X95.79 Y97.842
G0 X95.862 Y97.312
G0 X102.168 Y97.24
G0 X102.168 Y97.468
G1 F2510.4 X102.339 Y96.828 E1843.06216
G0 F15000 X102.339 Y97.061
G0 X103.628 Y97.061
G0 X103.628 Y96.828
G1 F2510.4 X104.268 Y97.468 E1843.09226
G0 F15000 X104.268 Y97.24
G0 X105.795 Y97.24
G0 X105.795 Y97.469
G1 F2510.4 X108.184 Y96.828 E1843.17453
G0 F15000 X108.551 Y96.828
G1 F2510.4 X108.379 Y97.469 E1843.19661
G0 F15000 X108.379 Y97.24
G0 X112.113 Y97.061
G0 X112.113 Y96.828
G1 F2510.4 X112.753 Y97.468 E1843.22671
G0 F15000 X112.753 Y97.24
G0 X114.591 Y97.24
G0 X114.591 Y97.468
G1 F2510.4 X114.762 Y96.828 E1843.24874
G0 F15000 X114.762 Y97.061
G0 X120.598 Y97.061
G0 X120.598 Y96.828
G1 F2510.4 X121.238 Y97.468 E1843.27885
G0 F15000 X120.802 Y97.469
G1 F2510.4 X120.974 Y96.828 E1843.30092
G0 F15000 X120.974 Y97.061
G0 X124.138 Y97.312
G0 X124.21 Y98.807
G0 X123.981 Y98.807
G1 F2510.4 X124.616 Y98.637 E1843.32278
G0 F15000 X124.389 Y98.637
G0 X124.21 Y100.21
G0 X123.98 Y100.21
G1 F2510.4 X124.618 Y100.848 E1843.35279
G1 F2400 E1842.55279
;MESH:NONMESH
G0 F300 Z7
G0 F15000 X124.389 Y100.848
G0 X123.724 Y105.076
G0 X123.724 Y106.165
G0 X122.647 Y113.847
G0 X122.647 Y121.197
G0 X123.724 Y122.274
G0 X110.001 Y122.939
G0 X110 Y123.248
;TIME_ELAPSED:1739.875983
;LAYER:34
;note -- min layer time used
;TYPE:WALL-INNER
;MESH:bno085_case_body.stl
G1 F2400 E1843.35279
G1 F2499 X124.351 Y123.248 E1843.83011
G1 X124.575 Y123.12 E1843.83869
G1 X124.665 Y122.996 E1843.84379
G1 X124.696 Y122.838 E1843.84914
G1 X124.699 Y115.101 E1844.10648
G1 X123.901 Y115.101 E1844.13302
G1 X123.9 Y121.939 E1844.36045
G1 X123.724 Y122.274 E1844.37304
G1 X123.389 Y122.448 E1844.38559
G1 X96.7 Y122.448 E1845.27327
G1 X96.275 Y122.273 E1845.28856
G1 X96.1 Y121.937 E1845.30116
G1 X96.1 Y115.1 E1845.52856
G1 X95.3 Y115.1 E1845.55517
G1 X95.3 Y122.834 E1845.8124
G1 X95.329 Y122.969 E1845.81699
G1 X95.495 Y123.186 E1845.82608
G1 X95.701 Y123.248 E1845.83324
G1 X110 Y123.248 E1846.30882
G0 F15000 X110 Y123.648
;TYPE:WALL-OUTER
G1 F2499 X124.322 Y123.648 E1846.78517
G1 X124.519 Y123.613 E1846.79183
G1 X124.837 Y123.432 E1846.804
G1 X125.048 Y123.124 E1846.81642
G1 X125.096 Y122.876 E1846.82482
G1 X125.099 Y114.701 E1847.09672
G1 X123.501 Y114.701 E1847.14987
G1 X123.498 Y121.883 E1847.38874
G1 X123.442 Y121.99 E1847.39276
G1 X123.335 Y122.046 E1847.39678
G1 X96.7 Y122.048 E1848.28266
G1 X96.558 Y121.99 E1848.28776
G1 X96.502 Y121.883 E1848.29178
G1 X96.5 Y114.7 E1848.53069
G1 X94.9 Y114.7 E1848.5839
G1 X94.9 Y122.875 E1848.8558
G1 X94.95 Y123.115 E1848.86396
G1 X95.111 Y123.388 E1848.8745
G1 X95.277 Y123.526 E1848.88168
G1 X95.658 Y123.648 E1848.89499
G1 X110 Y123.648 E1849.372
G0 F15000 X110.001 Y122.939
G0 X107.56 Y122.939
G0 X107.559 Y123.168
;TYPE:FILL
G1 F2499 X107.73 Y122.528 E1849.39404
G0 F15000 X107.73 Y122.76
G0 X105.546 Y122.76
G0 X105.546 Y122.528
G1 F2499 X103.157 Y123.168 E1849.4763
G0 F15000 X103.158 Y122.939
G0 X104.071 Y122.76
G0 X104.071 Y122.528
G1 F2499 X104.711 Y123.168 E1849.5064
G0 F15000 X104.712 Y122.939
G0 X101.519 Y122.76
G0 X101.519 Y122.528
G1 F2499 X101.347 Y123.168 E1849.52844
G0 F15000 X101.348 Y122.939
G0 X96.227 Y122.939
G0 X96.226 Y123.168
G1 F2499 X95.38 Y122.322 E1849.56823
G1 X95.38 Y122.254
G1 X96.02 Y119.867 E1849.65043
G0 F15000 X96.019 Y118.869
G1 F2499 X95.38 Y119.04 E1849.67243
G0 F15000 X95.611 Y119.04
G0 X95.862 Y122.688
G0 X112.557 Y122.76
G0 X112.557 Y122.528
G1 F2499 X113.196 Y123.168 E1849.70251
G0 F15000 X113.77 Y123.169
G1 F2499 X113.942 Y122.527 E1849.72462
G0 F15000 X113.942 Y122.76
G0 X119.983 Y122.939
G0 X119.982 Y123.168
G1 F2499 X120.154 Y122.528 E1849.74666
G0 F15000 X121.042 Y122.528
G1 F2499 X121.682 Y123.168 E1849.77676
G0 F15000 X121.683 Y122.939
G0 X124.138 Y122.688
G0 X124.21 Y117.588
G0 X123.981 Y117.588
G1 F2499 X124.618 Y117.417 E1849.7987
G0 F15000 X124.618 Y117.619
G1 F2499 X123.981 Y116.982 E1849.82866
G1 F2400 E1849.02866
G0 F15000 X124.21 Y116.982
G0 X123.724 Y114.924
G0 X122.635 Y114.924
G0 X97.365 Y105.076
G0 X96.276 Y105.076
G0 X95.79 Y104.62
G0 X96.1 Y104.9
;TYPE:WALL-INNER
G1 F2400 E1849.82866
G1 F2499 X96.1 Y98.148 E1850.05323
G1 X96.275 Y97.723 E1850.06852
G1 X96.611 Y97.548 E1850.08112
G1 X123.3 Y97.548 E1850.9688
G1 X123.725 Y97.725 E1850.98411
G1 X123.9 Y98.148 E1850.99934
G1 X123.9 Y104.9 E1851.22391
G1 X124.7 Y104.9 E1851.25052
G1 X124.696 Y97.057 E1851.51138
G1 X124.513 Y96.822 E1851.52129
G1 X124.317 Y96.756 E1851.52816
G1 X95.66 Y96.749 E1852.4813
G1 X95.411 Y96.888 E1852.49079
G1 X95.301 Y97.162 E1852.50061
G1 X95.3 Y104.9 E1852.75797
G1 X96.1 Y104.9 E1852.78458
G0 F15000 X96.5 Y105.3
;TYPE:WALL-OUTER
G1 F2499 X96.5 Y98.148 E1853.02246
G1 X96.558 Y98.006 E1853.02756
G1 X96.665 Y97.95 E1853.03158
G1 X123.3 Y97.948 E1853.91746
G1 X123.442 Y98.007 E1853.92257
G1 X123.5 Y98.148 E1853.92764
G1 X123.5 Y105.3 E1854.16552
G1 X125.1 Y105.3 E1854.21874
G1 X125.096 Y97.12 E1854.49081
G1 X125.05 Y96.881 E1854.4989
G1 X124.89 Y96.613 E1854.50928
G1 X124.709 Y96.466 E1854.51704
G1 X124.383 Y96.356 E1854.52848
G1 X95.594 Y96.349 E1855.48601
G1 X95.362 Y96.428 E1855.49416
G1 X95.108 Y96.614 E1855.50463
G1 X94.95 Y96.881 E1855.51495
G1 X94.901 Y97.121 E1855.5231
G1 X94.9 Y105.3 E1855.79513
G1 X96.5 Y105.3 E1855.84835
G1 F2400 E1855.04835
G0 F15000 X96.22 Y105.02
G0 X95.61 Y100.406
G0 X95.381 Y100.405
;TYPE:FILL
G1 F2400 E1855.84835
G1 F2499 X96.019 Y100.234 E1855.87031
G0 F15000 X95.79 Y100.234
G0 X95.61 Y99.07
G0 X95.381 Y99.069
G1 F2499 X95.981 Y96.829 E1855.94744
G0 F15000 X95.463 Y96.949
G1 F2499 X96.215 Y97.702 E1855.98284
G0 F15000 X95.79 Y97.702
G0 X95.862 Y97.312
G0 X102.022 Y97.24
G0 X102.022 Y97.468
G1 F2499 X102.193 Y96.83 E1856.00481
G0 F15000 X102.192 Y97.062
G0 X103.829 Y97.062
G0 X103.83 Y96.831
G1 F2499 X104.467 Y97.468 E1856.03477
G0 F15000 X104.467 Y97.24
G0 X106.34 Y97.24
G0 X106.34 Y97.468
G1 F2499 X108.714 Y96.832 E1856.11651
G0 F15000 X108.404 Y96.831
G1 F2499 X108.233 Y97.469 E1856.13848
G0 F15000 X108.233 Y97.24
G0 X112.317 Y97.063
G0 X112.318 Y96.833
G1 F2499 X112.953 Y97.468 E1856.16835
G0 F15000 X112.953 Y97.24
G0 X114.445 Y97.24
G0 X114.445 Y97.469
G1 F2499 X114.615 Y96.833 E1856.19025
G0 F15000 X114.614 Y97.064
G0 X120.657 Y97.24
G0 X120.657 Y97.468
G1 F2499 X120.826 Y96.835 E1856.21204
G1 X120.805 Y96.835
G1 X121.438 Y97.468 E1856.24181
G0 F15000 X121.438 Y97.24
G0 X124.138 Y97.312
G0 X124.21 Y98.953
G0 X123.981 Y98.953
G1 F2499 X124.616 Y98.783 E1856.26368
G0 F15000 X124.389 Y98.783
G0 X124.21 Y100.01
G0 X123.98 Y100.01
G1 F2499 X124.618 Y100.649 E1856.29371
G1 F2400 E1855.49371
;MESH:NONMESH
G0 F300 Z7.2
G0 F15000 X124.389 Y100.649
G0 X123.724 Y105.076
G0 X123.724 Y106.165
G0 X122.647 Y113.847
G0 X122.647 Y121.197
G0 X123.724 Y122.274
G0 X110.001 Y122.939
G0 X110 Y123.248
;TIME_ELAPSED:1758.048852
;LAYER:35
;note -- min layer time used
;TYPE:WALL-INNER
;MESH:bno085_case_body.stl
G1 F2400 E1856.29371
G1 F2496.9 X124.28 Y123.248 E1856.76867
G1 X124.432 Y123.213 E1856.77385
G1 X124.591 Y123.101 E1856.78032
G1 X124.696 Y122.838 E1856.78974
G1 X124.699 Y115.101 E1857.04707
G1 X123.901 Y115.101 E1857.07362
G1 X123.9 Y121.939 E1857.30105
G1 X123.724 Y122.274 E1857.31364
G1 X123.389 Y122.448 E1857.32619
G1 X96.7 Y122.448 E1858.21387
G1 X96.275 Y122.273 E1858.22916
G1 X96.1 Y121.937 E1858.24176
G1 X96.1 Y115.1 E1858.46916
G1 X95.3 Y115.1 E1858.49577
G1 X95.3 Y122.896 E1858.75506
G1 X95.395 Y123.095 E1858.7624
G1 X95.532 Y123.206 E1858.76826
G1 X95.702 Y123.248 E1858.77408
G1 X110 Y123.248 E1859.24964
G0 F15000 X110 Y123.648
;TYPE:WALL-OUTER
G1 F2496.9 X124.325 Y123.648 E1859.72609
G1 X124.597 Y123.585 E1859.73538
G1 X124.89 Y123.38 E1859.74727
G1 X125.05 Y123.115 E1859.75756
G1 X125.096 Y122.876 E1859.76566
G1 X125.099 Y114.701 E1860.03756
G1 X123.501 Y114.701 E1860.09071
G1 X123.498 Y121.883 E1860.32959
G1 X123.442 Y121.99 E1860.3336
G1 X123.335 Y122.046 E1860.33762
G1 X96.7 Y122.048 E1861.2235
G1 X96.558 Y121.99 E1861.2286
G1 X96.502 Y121.883 E1861.23262
G1 X96.5 Y114.7 E1861.47153
G1 X94.9 Y114.7 E1861.52475
G1 X94.9 Y122.987 E1861.80037
G1 X95.063 Y123.327 E1861.81291
G1 X95.217 Y123.484 E1861.82023
G1 X95.38 Y123.58 E1861.82652
G1 X95.653 Y123.648 E1861.83588
G1 X110 Y123.648 E1862.31306
G0 F15000 X110.001 Y122.939
G0 X107.413 Y122.939
G0 X107.412 Y123.168
;TYPE:FILL
G1 F2496.9 X107.583 Y122.528 E1862.33509
G0 F15000 X107.583 Y122.76
G0 X106.095 Y122.76
G0 X106.095 Y122.528
G1 F2496.9 X103.705 Y123.168 E1862.41739
G0 F15000 X104.272 Y122.528
G1 F2496.9 X104.912 Y123.168 E1862.44749
G0 F15000 X104.913 Y122.939
G0 X101.372 Y122.76
G0 X101.372 Y122.528
G1 F2496.9 X101.2 Y123.168 E1862.46953
G0 F15000 X101.201 Y122.939
G0 X96.428 Y122.939
G0 X96.427 Y123.168
G1 F2496.9 X95.382 Y122.124 E1862.51866
G0 F15000 X95.383 Y121.696
G1 F2496.9 X96.02 Y119.318 E1862.60054
G0 F15000 X96.019 Y119.016
G1 F2496.9 X95.382 Y119.187 E1862.62248
G0 F15000 X95.611 Y119.187
G0 X95.862 Y122.688
G0 X112.757 Y122.76
G0 X112.757 Y122.528
G1 F2496.9 X113.397 Y123.168 E1862.65258
G0 F15000 X113.623 Y123.169
G1 F2496.9 X113.795 Y122.527 E1862.67469
G0 F15000 X113.795 Y122.76
G0 X119.836 Y122.939
G0 X119.835 Y123.168
G1 F2496.9 X120.007 Y122.528 E1862.69673
G0 F15000 X120.007 Y122.76
G0 X121.243 Y122.76
G0 X121.243 Y122.528
G1 F2496.9 X121.883 Y123.168 E1862.72683
G0 F15000 X121.884 Y122.939
G0 X124.138 Y122.688
G0 X124.21 Y117.735
G0 X123.981 Y117.735
G1 F2496.9 X124.618 Y117.564 E1862.74877
G1 X124.618 Y117.419
G1 X123.981 Y116.781 E1862.77876
G1 F2400 E1861.97876
G0 F15000 X124.21 Y116.781
G0 X123.724 Y114.924
G0 X122.635 Y114.924
G0 X97.365 Y105.076
G0 X96.276 Y105.076
G0 X95.79 Y104.62
G0 X96.1 Y104.9
;TYPE:WALL-INNER
G1 F2400 E1862.77876
G1 F2496.9 X96.1 Y98.148 E1863.00333
G1 X96.275 Y97.723 E1863.01862
G1 X96.611 Y97.548 E1863.03122
G1 X123.3 Y97.548 E1863.9189
G1 X123.725 Y97.725 E1863.93421
G1 X123.9 Y98.148 E1863.94943
G1 X123.9 Y104.9 E1864.17401
G1 X124.7 Y104.9 E1864.20061
G1 X124.696 Y97.164 E1864.45792
G1 X124.596 Y96.896 E1864.46743
G1 X124.34 Y96.756 E1864.47713
G1 X95.716 Y96.749 E1865.42917
G1 X95.567 Y96.782 E1865.43425
G1 X95.407 Y96.896 E1865.44078
G1 X95.3 Y97.161 E1865.45029
G1 X95.3 Y104.9 E1865.70769
G1 X96.1 Y104.9 E1865.7343
G0 F15000 X96.5 Y105.3
;TYPE:WALL-OUTER
G1 F2496.9 X96.5 Y98.148 E1865.97217
G1 X96.558 Y98.006 E1865.97727
G1 X96.665 Y97.95 E1865.98129
G1 X123.3 Y97.948 E1866.86717
G1 X123.442 Y98.007 E1866.87229
G1 X123.5 Y98.148 E1866.87736
G1 X123.5 Y105.3 E1867.11524
G1 X125.1 Y105.3 E1867.16845
G1 X125.096 Y97.122 E1867.44045
G1 X125.035 Y96.842 E1867.44999
G1 X124.892 Y96.616 E1867.45888
G1 X124.609 Y96.413 E1867.47046
G1 X124.39 Y96.356 E1867.47799
G1 X95.671 Y96.349 E1868.43319
G1 X95.4 Y96.41 E1868.44243
G1 X95.107 Y96.619 E1868.4544
G1 X94.95 Y96.882 E1868.46459
G1 X94.9 Y97.121 E1868.47271
G1 X94.9 Y105.3 E1868.74474
G1 X96.5 Y105.3 E1868.79796
G1 F2400 E1867.99796
G0 F15000 X96.22 Y105.02
G0 X95.61 Y100.553
G0 X95.381 Y100.552
;TYPE:FILL
G1 F2400 E1868.79796
G1 F2496.9 X96.019 Y100.381 E1868.81993
G0 F15000 X95.79 Y100.381
G0 X95.61 Y98.526
G0 X95.38 Y98.525
G1 F2496.9 X95.835 Y96.828 E1868.87836
G0 F15000 X95.583 Y96.869
G1 F2496.9 X96.33 Y97.615 E1868.91348
G0 F15000 X96.33 Y97.24
G0 X101.875 Y97.24
G0 X101.875 Y97.468
G1 F2496.9 X102.046 Y96.83 E1868.93544
G0 F15000 X102.045 Y97.062
G0 X104.03 Y97.062
G0 X104.031 Y96.831
G1 F2496.9 X104.668 Y97.468 E1868.96541
G0 F15000 X104.668 Y97.24
G0 X106.889 Y97.24
G0 X106.889 Y97.468
G1 F2496.9 X109.263 Y96.832 E1869.04715
G0 F15000 X109.262 Y97.063
G0 X108.256 Y97.063
G0 X108.257 Y96.831
G1 F2496.9 X108.086 Y97.469 E1869.06912
G0 F15000 X108.086 Y97.24
G0 X112.517 Y97.063
G0 X112.518 Y96.833
G1 F2496.9 X113.153 Y97.468 E1869.09899
G0 F15000 X113.153 Y97.24
G0 X114.298 Y97.24
G0 X114.298 Y97.469
G1 F2496.9 X114.468 Y96.833 E1869.12088
G0 F15000 X114.467 Y97.064
G0 X120.51 Y97.24
G0 X120.51 Y97.468
G1 F2496.9 X120.679 Y96.835 E1869.14268
G0 F15000 X121.006 Y96.835
G1 F2496.9 X121.639 Y97.468 E1869.17245
G0 F15000 X121.639 Y97.24
G0 X124.138 Y97.312
G0 X124.21 Y99.1
G0 X123.981 Y99.1
G1 F2496.9 X124.616 Y98.93 E1869.19431
G0 F15000 X124.389 Y98.93
G0 X124.21 Y99.81
G0 X123.98 Y99.81
G1 F2496.9 X124.618 Y100.448 E1869.22432
G1 F2400 E1868.42432
;MESH:NONMESH
G0 F300 Z7.4
G0 F15000 X124.389 Y100.448
G0 X123.724 Y105.076
G0 X123.724 Y106.165
G0 X122.647 Y113.847
G0 X122.647 Y121.197
G0 X123.724 Y122.274
G0 X110.001 Y122.939
G0 X110 Y123.246
;TIME_ELAPSED:1776.239173
;LAYER:36
;note -- min layer time used
;TYPE:WALL-INNER
;MESH:bno085_case_body.stl
G1 F2400 E1869.22432
G1 F2495.2 X124.289 Y123.247 E1869.69958
G1 X124.432 Y123.218 E1869.70443
G1 X124.573 Y123.132 E1869.70992
G1 X124.696 Y122.927 E1869.71788
G1 X124.699 Y115.101 E1869.97817
G1 X123.901 Y115.101 E1870.00471
G1 X123.9 Y121.939 E1870.23214
G1 X123.724 Y122.274 E1870.24473
G1 X123.389 Y122.448 E1870.25729
G1 X96.7 Y122.448 E1871.14497
G1 X96.274 Y122.272 E1871.1603
G1 X96.1 Y121.937 E1871.17285
G1 X96.1 Y115.1 E1871.40025
G1 X95.3 Y115.1 E1871.42686
G1 X95.3 Y122.817 E1871.68353
G1 X95.36 Y123.029 E1871.69086
G1 X95.48 Y123.173 E1871.69709
G1 X95.67 Y123.244 E1871.70384
G1 X110 Y123.246 E1872.18045
G0 F15000 X110 Y123.646
;TYPE:WALL-OUTER
G1 F2495.2 X124.328 Y123.647 E1872.657
G1 X124.57 Y123.598 E1872.66522
G1 X124.884 Y123.39 E1872.67774
G1 X125.05 Y123.115 E1872.68843
G1 X125.096 Y122.876 E1872.69652
G1 X125.099 Y114.701 E1872.96842
G1 X123.501 Y114.701 E1873.02157
G1 X123.498 Y121.883 E1873.26045
G1 X123.442 Y121.99 E1873.26447
G1 X123.335 Y122.046 E1873.26848
G1 X96.7 Y122.048 E1874.15437
G1 X96.558 Y121.99 E1874.15947
G1 X96.502 Y121.883 E1874.16348
G1 X96.5 Y114.7 E1874.40239
G1 X94.9 Y114.7 E1874.45561
G1 X94.9 Y122.872 E1874.72741
G1 X94.998 Y123.22 E1874.73943
G1 X95.222 Y123.487 E1874.75103
G1 X95.417 Y123.595 E1874.75844
G1 X95.624 Y123.644 E1874.76552
G1 X110 Y123.646 E1875.24366
G0 F15000 X110.001 Y122.938
G0 X107.267 Y122.937
G0 X107.266 Y123.165
;TYPE:FILL
G1 F2495.2 X107.437 Y122.528 E1875.2656
G0 F15000 X106.639 Y122.528
G1 F2495.2 X104.262 Y123.165 E1875.34745
G0 F15000 X104.471 Y122.528
G1 F2495.2 X105.108 Y123.165 E1875.37741
G0 F15000 X105.109 Y122.937
G0 X101.226 Y122.76
G0 X101.226 Y122.527
G1 F2495.2 X101.055 Y123.165 E1875.39938
G0 F15000 X101.056 Y122.936
G0 X96.623 Y122.936
G0 X96.622 Y123.164
G1 F2495.2 X95.38 Y121.921 E1875.45782
G0 F15000 X95.38 Y121.161
G1 F2495.2 X96.02 Y118.773 E1875.54005
G0 F15000 X96.019 Y119.162
G1 F2495.2 X95.38 Y119.333 E1875.56205
G0 F15000 X95.611 Y119.333
G0 X95.862 Y122.688
G0 X112.957 Y122.76
G0 X112.957 Y122.528
G1 F2495.2 X113.594 Y123.165 E1875.59202
G1 X113.478 Y123.166
G1 X113.649 Y122.528 E1875.61398
G0 F15000 X113.649 Y122.76
G0 X119.69 Y122.939
G0 X119.689 Y123.167
G1 F2495.2 X119.861 Y122.527 E1875.63603
G0 F15000 X119.861 Y122.76
G0 X121.442 Y122.76
G0 X121.442 Y122.528
G1 F2495.2 X122.08 Y123.166 E1875.66604
G0 F15000 X122.081 Y122.939
G0 X124.138 Y122.688
G0 X124.21 Y117.881
G0 X123.98 Y117.881
G1 F2495.2 X124.618 Y117.71 E1875.68801
G0 F15000 X124.618 Y117.219
G1 F2495.2 X123.981 Y116.581 E1875.71799
G1 F2400 E1874.91799
G0 F15000 X124.21 Y116.581
G0 X123.724 Y114.924
G0 X122.635 Y114.924
G0 X97.365 Y105.076
G0 X96.276 Y105.076
G0 X95.79 Y104.62
G0 X96.1 Y104.9
;TYPE:WALL-INNER
G1 F2400 E1875.71799
G1 F2495.2 X96.1 Y98.148 E1875.94256
G1 X96.275 Y97.723 E1875.95785
G1 X96.611 Y97.548 E1875.97045
G1 X123.3 Y97.548 E1876.85813
G1 X123.725 Y97.725 E1876.87344
G1 X123.9 Y98.148 E1876.88867
G1 X123.9 Y104.9 E1877.11324
G1 X124.7 Y104.9 E1877.13985
G1 X124.696 Y97.158 E1877.39735
G1 X124.649 Y96.969 E1877.40383
G1 X124.525 Y96.827 E1877.4101
G1 X124.349 Y96.756 E1877.41641
G1 X95.714 Y96.749 E1878.36881
G1 X95.58 Y96.776 E1878.37336
G1 X95.426 Y96.868 E1878.37933
G1 X95.3 Y97.093 E1878.3879
G1 X95.3 Y104.9 E1878.64757
G1 X96.1 Y104.9 E1878.67417
G0 F15000 X96.5 Y105.3
;TYPE:WALL-OUTER
G1 F2495.2 X96.5 Y98.148 E1878.91205
G1 X96.558 Y98.006 E1878.91715
G1 X96.665 Y97.95 E1878.92117
G1 X123.3 Y97.948 E1879.80705
G1 X123.442 Y98.007 E1879.81217
G1 X123.5 Y98.148 E1879.81724
G1 X123.5 Y105.3 E1880.05511
G1 X125.1 Y105.3 E1880.10833
G1 X125.096 Y97.12 E1880.3804
G1 X124.987 Y96.747 E1880.39332
G1 X124.78 Y96.511 E1880.40376
G1 X124.576 Y96.397 E1880.41154
G1 X124.393 Y96.356 E1880.41777
G1 X95.673 Y96.349 E1881.373
G1 X95.434 Y96.398 E1881.38112
G1 X95.158 Y96.562 E1881.3918
G1 X95 Y96.761 E1881.40025
G1 X94.9 Y97.018 E1881.40942
G1 X94.9 Y105.3 E1881.68488
G1 X96.5 Y105.3 E1881.7381
G1 F2400 E1880.9381
G0 F15000 X96.22 Y105.02
G0 X95.61 Y100.699
G0 X95.381 Y100.698
;TYPE:FILL
G1 F2400 E1881.7381
G1 F2495.2 X96.019 Y100.527 E1881.76007
G0 F15000 X95.79 Y100.527
G0 X95.61 Y97.981
G0 X95.38 Y97.98
G1 F2495.2 X95.688 Y96.828 E1881.79973
G1 X95.744 Y96.83
G1 X96.461 Y97.547 E1881.83345
G0 F15000 X96.461 Y97.24
G0 X101.729 Y97.24
G0 X101.729 Y97.468
G1 F2495.2 X101.9 Y96.83 E1881.85542
G0 F15000 X101.899 Y97.062
G0 X104.229 Y97.062
G0 X104.23 Y96.831
G1 F2495.2 X104.867 Y97.468 E1881.88539
G0 F15000 X104.867 Y97.24
G0 X107.433 Y97.24
G0 X107.433 Y97.468
G1 F2495.2 X109.807 Y96.832 E1881.96713
G0 F15000 X109.806 Y97.063
G0 X108.11 Y97.063
G0 X108.111 Y96.832
G1 F2495.2 X107.94 Y97.468 E1881.98903
G0 F15000 X107.94 Y97.24
G0 X112.717 Y97.063
G0 X112.718 Y96.833
G1 F2495.2 X113.353 Y97.468 E1882.0189
G0 F15000 X114.152 Y97.469
G1 F2495.2 X114.322 Y96.833 E1882.0408
G0 F15000 X114.321 Y97.064
G0 X120.364 Y97.24
G0 X120.364 Y97.469
G1 F2495.2 X120.533 Y96.835 E1882.06262
G0 F15000 X121.205 Y96.835
G1 F2495.2 X121.838 Y97.468 E1882.0924
G0 F15000 X121.838 Y97.24
G0 X124.138 Y97.312
G0 X124.21 Y99.246
G0 X123.98 Y99.246
G1 F2495.2 X124.616 Y99.076 E1882.11429
G0 F15000 X123.98 Y99.61
G1 F2495.2 X124.618 Y100.249 E1882.14433
G1 F2400 E1881.34433
;MESH:NONMESH
G0 F300 Z7.6
G0 F15000 X124.389 Y100.249
G0 X123.724 Y105.076
G0 X123.724 Y106.165
G0 X122.647 Y113.847
G0 X122.647 Y121.197
G0 X123.724 Y122.274
G0 X110 Y122.76
G0 X110 Y122.448
;TIME_ELAPSED:1794.319459
;LAYER:37
;note -- min layer time used
;TYPE:WALL-INNER
;MESH:bno085_case_body.stl
G1 F2400 E1882.14433
G1 F3213.6 X96.7 Y122.448 E1882.58668
G1 X96.274 Y122.272 E1882.60202
G1 X96.1 Y121.937 E1882.61457
G1 X96.1 Y98.148 E1883.4058
G1 X96.275 Y97.723 E1883.42108
G1 X96.611 Y97.548 E1883.43368
G1 X123.3 Y97.548 E1884.32136
G1 X123.725 Y97.723 E1884.33665
G1 X123.9 Y98.148 E1884.35194
G1 X123.9 Y121.937 E1885.14316
G1 X123.724 Y122.272 E1885.15575
G1 X123.389 Y122.448 E1885.16834
G1 X110 Y122.448 E1885.61366
G0 F15000 X110 Y123.246
G1 F3213.6 X124.287 Y123.247 E1886.08884
G1 X124.432 Y123.217 E1886.09377
G1 X124.571 Y123.133 E1886.09917
G1 X124.671 Y122.966 E1886.10564
G1 X124.7 Y122.821 E1886.11056
G1 X124.696 Y97.158 E1886.96412
G1 X124.654 Y96.974 E1886.97039
G1 X124.509 Y96.823 E1886.97736
G1 X124.36 Y96.753 E1886.98283
G1 X95.658 Y96.749 E1887.93746
G1 X95.406 Y96.89 E1887.94707
G1 X95.301 Y97.162 E1887.95677
G1 X95.3 Y122.838 E1888.81075
G1 X95.328 Y122.983 E1888.81567
G1 X95.412 Y123.121 E1888.82104
G1 X95.674 Y123.244 E1888.83067
G1 X110 Y123.246 E1889.30715
G0 F15000 X110 Y123.646
;TYPE:WALL-OUTER
G1 F3213.6 X124.327 Y123.647 E1889.78367
G1 X124.57 Y123.597 E1889.79192
G1 X124.883 Y123.391 E1889.80438
G1 X125.05 Y123.111 E1889.81523
G1 X125.1 Y122.86 E1889.82374
G1 X125.096 Y97.12 E1890.67985
G1 X124.988 Y96.746 E1890.6928
G1 X124.748 Y96.493 E1890.7044
G1 X124.452 Y96.353 E1890.71529
G1 X95.593 Y96.349 E1891.67514
G1 X95.366 Y96.424 E1891.6831
G1 X95.106 Y96.614 E1891.69381
G1 X94.95 Y96.87 E1891.70378
G1 X94.901 Y97.124 E1891.71238
G1 X94.9 Y122.876 E1892.5689
G1 X94.947 Y123.119 E1892.57713
G1 X95.154 Y123.432 E1892.58961
G1 X95.425 Y123.596 E1892.60015
G1 X95.628 Y123.644 E1892.60708
G1 X110 Y123.646 E1893.0851
G0 F15000 X110.001 Y122.938
G0 X110 Y122.047
G1 F3213.6 X96.7 Y122.048 E1893.52746
G1 X96.558 Y121.99 E1893.53256
G1 X96.502 Y121.883 E1893.53658
G1 X96.5 Y98.148 E1894.32601
G1 X96.558 Y98.006 E1894.33111
G1 X96.665 Y97.95 E1894.33512
G1 X123.3 Y97.948 E1895.22101
G1 X123.442 Y98.006 E1895.22611
G1 X123.5 Y98.148 E1895.23121
G1 X123.498 Y121.883 E1896.02064
G1 X123.442 Y121.99 E1896.02466
G1 X123.335 Y122.046 E1896.02867
G1 X110 Y122.047 E1896.4722
G0 F15000 X110 Y122.76
G0 X107.29 Y122.76
G0 X107.29 Y122.528
;TYPE:FILL
G1 F3213.6 X107.119 Y123.165 E1896.49413
G0 F15000 X107.188 Y122.528
G1 F3213.6 X104.808 Y123.166 E1896.57609
G0 F15000 X105.309 Y123.165
G1 F3213.6 X104.672 Y122.528 E1896.60605
G0 F15000 X104.672 Y122.76
G0 X101.079 Y122.76
G0 X101.079 Y122.528
G1 F3213.6 X100.908 Y123.165 E1896.62799
G0 F15000 X100.909 Y122.936
G0 X96.824 Y122.936
G0 X96.823 Y123.164
G1 F3213.6 X95.38 Y121.721 E1896.69586
G0 F15000 X95.611 Y121.721
G0 X95.611 Y120.612
G0 X95.38 Y120.612
G1 F3213.6 X96.02 Y118.224 E1896.77809
G0 F15000 X95.79 Y118.224
G0 X95.79 Y119.309
G0 X96.019 Y119.309
G1 F3213.6 X95.381 Y119.48 E1896.80006
G1 F2400 E1896.00006
G0 F15000 X95.611 Y119.48
G0 X95.401 Y113.475
G0 X95.621 Y113.476
G1 F2400 E1896.80006
G1 F3213.6 X95.38 Y113.235 E1896.8114
G1 X95.381 Y113.268
G1 X95.62 Y113.204 E1896.81962
G1 F2400 E1896.01962
G0 F15000 X95.401 Y113.203
G0 X95.381 Y107.056
G1 F2400 E1896.81962
G1 F3213.6 X95.62 Y106.992 E1896.82785
G1 F2400 E1896.02785
G0 F15000 X95.401 Y106.991
G0 X95.473 Y104.672
G0 X95.621 Y104.991
G1 F2400 E1896.82785
G1 F3213.6 X95.38 Y104.751 E1896.83917
G0 F15000 X95.581 Y104.63
G0 X95.611 Y100.845
G0 X95.382 Y100.845
G1 F3213.6 X96.019 Y100.674 E1896.8611
G0 F15000 X95.79 Y100.674
G0 X95.862 Y97.312
G0 X96.592 Y97.24
G0 X96.592 Y97.477
G1 F3213.6 X95.944 Y96.83 E1896.89156
G0 F15000 X95.519 Y96.91
G1 F3213.6 X95.381 Y97.427 E1896.90936
G0 F15000 X95.611 Y97.427
G0 X101.582 Y97.24
G0 X101.582 Y97.468
G1 F3213.6 X101.753 Y96.83 E1896.93133
G0 F15000 X101.752 Y97.061
G0 X104.43 Y97.061
G0 X104.431 Y96.831
G1 F3213.6 X105.068 Y97.468 E1896.96129
G0 F15000 X105.068 Y97.24
G0 X107.793 Y97.24
G0 X107.793 Y97.469
G1 F3213.6 X107.964 Y96.831 E1896.98326
G0 F15000 X107.982 Y97.468
G1 F3213.6 X110.36 Y96.831 E1897.06514
G0 F15000 X110.359 Y97.062
G0 X112.917 Y97.062
G0 X112.918 Y96.833
G1 F3213.6 X113.554 Y97.468 E1897.09503
G0 F15000 X114.005 Y97.469
G1 F3213.6 X114.175 Y96.832 E1897.11696
G0 F15000 X114.174 Y97.062
G0 X120.217 Y97.24
G0 X120.217 Y97.468
G1 F3213.6 X120.387 Y96.833 E1897.13882
G0 F15000 X120.386 Y97.062
G0 X121.404 Y97.062
G0 X121.405 Y96.834
G1 F3213.6 X122.039 Y97.468 E1897.16864
G0 F15000 X122.039 Y97.24
G0 X124.138 Y97.312
G0 X124.21 Y99.393
G0 X123.98 Y99.393
G1 F3213.6 X124.616 Y99.223 E1897.19054
G0 F15000 X123.98 Y99.409
G1 F3213.6 X124.616 Y100.046 E1897.22048
G0 F15000 X124.389 Y100.046
G0 X124.389 Y104.228
G0 X124.617 Y104.228
G1 F3213.6 X124.377 Y105.124 E1897.25133
G0 F15000 X124.378 Y105.498
G1 F3213.6 X124.617 Y105.434 E1897.25956
G1 F2400 E1896.45956
G0 F15000 X124.419 Y104.6
G0 X124.598 Y108.293
G0 X124.378 Y108.293
G1 F2400 E1897.25956
G1 F3213.6 X124.618 Y108.532 E1897.27083
G1 F2400 E1896.47083
G0 F15000 X124.617 Y111.646
G1 F2400 E1897.27083
G1 F3213.6 X124.379 Y111.71 E1897.27902
G1 F2400 E1896.47902
G0 F15000 X124.599 Y111.71
G0 X124.527 Y115.328
G0 X124.21 Y116.381
G0 X123.981 Y116.381
G1 F2400 E1897.27902
G1 F3213.6 X124.619 Y117.019 E1897.30903
G0 F15000 X124.619 Y117.857
G1 F3213.6 X123.98 Y118.028 E1897.33103
G0 F15000 X124.21 Y118.028
G0 X124.138 Y122.688
G0 X121.643 Y122.76
G0 X121.643 Y122.528
G1 F3213.6 X122.281 Y123.166 E1897.36104
G0 F15000 X122.282 Y122.939
G0 X119.714 Y122.76
G0 X119.714 Y122.528
G1 F3213.6 X119.542 Y123.167 E1897.38305
G0 F15000 X119.543 Y122.939
G0 X113.796 Y122.938
G0 X113.795 Y123.165
G1 F3213.6 X113.158 Y122.528 E1897.41302
G0 F15000 X113.502 Y122.528
G1 F3213.6 X113.331 Y123.166 E1897.43498
G1 F2400 E1896.63498
G0 F15000 X113.332 Y122.938
G0 X123.738 Y122.288
G0 X124.072 Y104.672
G0 X124.298 Y104.898
;TYPE:SKIN
G1 F2400 E1897.43498
G1 F2700.5 X124.298 Y115.102 E1897.83885
G1 F2400 E1897.03885
G0 F15000 X124.298 Y115.4
G0 X123.738 Y122.288
G0 X96.262 Y122.288
G0 X96.252 Y104.808
G0 X95.7 Y104.6
G0 X95.7 Y104.9
G1 F2400 E1897.83885
G1 F2678 X95.7 Y115.1 E1898.24596
;MESH:NONMESH
G0 F300 Z7.8
G0 F15000 X95.7 Y115.4
G0 X95.862 Y122.688
G0 X110 Y122.76
G0 X110 Y122.448
;TIME_ELAPSED:1815.059797
;LAYER:38
;note -- min layer time used
;TYPE:WALL-INNER
;MESH:bno085_case_body.stl
G1 F3185.8 X96.7 Y122.448 E1898.68832
G1 X96.275 Y122.273 E1898.7036
G1 X96.1 Y121.937 E1898.71621
G1 X96.1 Y98.148 E1899.50743
G1 X96.275 Y97.723 E1899.52272
G1 X96.611 Y97.548 E1899.53532
G1 X123.3 Y97.548 E1900.423
G1 X123.725 Y97.725 E1900.43831
G1 X123.9 Y98.148 E1900.45354
G1 X123.9 Y121.937 E1901.24476
G1 X123.724 Y122.272 E1901.25735
G1 X123.389 Y122.448 E1901.26993
G1 X110 Y122.448 E1901.71525
G0 F15000 X110 Y123.248
G1 F3185.8 X124.289 Y123.248 E1902.19051
G1 X124.57 Y123.127 E1902.20068
G1 X124.666 Y122.993 E1902.20617
G1 X124.7 Y122.824 E1902.2119
G1 X124.696 Y97.075 E1903.06831
G1 X124.58 Y96.878 E1903.07592
G1 X124.319 Y96.756 E1903.0855
G1 X95.71 Y96.749 E1904.03704
G1 X95.515 Y96.801 E1904.04375
G1 X95.345 Y96.975 E1904.05184
G1 X95.301 Y97.172 E1904.05856
G1 X95.3 Y122.892 E1904.91401
G1 X95.337 Y123.002 E1904.91787
G1 X95.477 Y123.177 E1904.92532
G1 X95.646 Y123.248 E1904.93142
G1 X110 Y123.248 E1905.40883
G0 F15000 X110 Y123.648
;TYPE:WALL-OUTER
G1 F3185.8 X124.328 Y123.648 E1905.88539
G1 X124.551 Y123.602 E1905.89296
G1 X124.835 Y123.437 E1905.90388
G1 X125.048 Y123.12 E1905.91659
G1 X125.1 Y122.864 E1905.92527
G1 X125.096 Y97.119 E1906.78156
G1 X125.054 Y96.896 E1906.7891
G1 X124.886 Y96.61 E1906.80014
G1 X124.685 Y96.452 E1906.80864
G1 X124.381 Y96.356 E1906.81924
G1 X95.669 Y96.349 E1907.77421
G1 X95.295 Y96.462 E1907.7872
G1 X95.061 Y96.669 E1907.79759
G1 X94.969 Y96.827 E1907.80367
G1 X94.901 Y97.127 E1907.81391
G1 X94.9 Y122.956 E1908.67298
G1 X94.977 Y123.187 E1908.68108
G1 X95.203 Y123.495 E1908.69379
G1 X95.564 Y123.648 E1908.70683
G1 X110 Y123.648 E1909.18697
G0 F15000 X110 Y122.939
G0 X110 Y122.047
G1 F3185.8 X96.7 Y122.048 E1909.62933
G1 X96.558 Y121.99 E1909.63443
G1 X96.502 Y121.883 E1909.63845
G1 X96.5 Y98.148 E1910.42788
G1 X96.558 Y98.006 E1910.43298
G1 X96.665 Y97.95 E1910.437
G1 X123.3 Y97.948 E1911.32288
G1 X123.442 Y98.007 E1911.32799
G1 X123.5 Y98.148 E1911.33307
G1 X123.498 Y121.883 E1912.12249
G1 X123.442 Y121.99 E1912.12651
G1 X123.335 Y122.046 E1912.13053
G1 X110 Y122.047 E1912.57405
G0 F15000 X110 Y122.76
G0 X107.733 Y122.76
G0 X107.733 Y122.528
;TYPE:FILL
G1 F3185.8 X105.344 Y123.168 E1912.65631
G1 X105.512 Y123.168
G1 X104.872 Y122.528 E1912.68642
G0 F15000 X104.872 Y122.76
G0 X106.973 Y122.939
G0 X106.973 Y123.168
G1 F3185.8 X107.144 Y122.528 E1912.70845
G0 F15000 X107.144 Y122.76
G0 X113.184 Y122.939
G0 X113.184 Y123.168
G1 F3185.8 X113.356 Y122.528 E1912.73049
G1 X113.357 Y122.528
G1 X113.997 Y123.168 E1912.76059
G0 F15000 X113.997 Y122.939
G0 X119.396 Y122.939
G0 X119.396 Y123.169
G1 F3185.8 X119.568 Y122.527 E1912.7827
G0 F15000 X119.568 Y122.76
G0 X121.842 Y122.76
G0 X121.842 Y122.528
G1 F3185.8 X122.482 Y123.168 E1912.8128
G0 F15000 X122.482 Y122.939
G0 X124.138 Y122.688
G0 X124.21 Y118.174
G0 X123.98 Y118.174
G1 F3185.8 X124.619 Y118.003 E1912.83481
G0 F15000 X124.39 Y118.003
G0 X124.39 Y116.82
G0 X124.619 Y116.82
G1 F3185.8 X123.981 Y116.181 E1912.86484
G1 F2400 E1912.06484
G0 F15000 X124.21 Y116.181
G0 X124.527 Y115.328
G0 X124.599 Y111.856
G0 X124.379 Y111.856
G1 F2400 E1912.86484
G1 F3185.8 X124.618 Y111.792 E1912.87307
G1 F2400 E1912.07307
G0 F15000 X124.618 Y108.334
G1 F2400 E1912.87307
G1 F3185.8 X124.377 Y108.093 E1912.8844
G1 F2400 E1912.0844
G0 F15000 X124.598 Y108.093
G0 X124.598 Y105.644
G0 X124.378 Y105.644
G1 F2400 E1912.8844
G1 F3185.8 X124.617 Y105.58 E1912.89263
G0 F15000 X124.312 Y104.82
G1 F3185.8 X124.617 Y103.684 E1912.93175
G0 F15000 X124.389 Y103.684
G0 X124.389 Y99.847
G0 X124.617 Y99.847
G1 F3185.8 X123.98 Y99.21 E1912.96172
G0 F15000 X123.98 Y99.539
G1 F3185.8 X124.617 Y99.369 E1912.98365
G0 F15000 X124.389 Y99.369
G0 X124.138 Y97.312
G0 X122.238 Y97.24
G0 X122.238 Y97.468
G1 F3185.8 X121.606 Y96.836 E1913.01337
G0 F15000 X121.605 Y97.065
G0 X120.24 Y97.065
G0 X120.241 Y96.834
G1 F3185.8 X120.071 Y97.469 E1913.03524
G0 F15000 X120.071 Y97.24
G0 X114.028 Y97.064
G0 X114.029 Y96.832
G1 F3185.8 X113.859 Y97.469 E1913.05717
G1 X113.753 Y97.468
G1 X113.119 Y96.834 E1913.08699
G0 F15000 X113.118 Y97.064
G0 X110.899 Y97.063
G0 X110.9 Y96.832
G1 F3185.8 X108.527 Y97.468 E1913.1687
G0 F15000 X107.647 Y97.468
G1 F3185.8 X107.818 Y96.831 E1913.19064
G0 F15000 X107.817 Y97.063
G0 X105.268 Y97.24
G0 X105.268 Y97.468
G1 F3185.8 X104.631 Y96.832 E1913.22057
G0 F15000 X104.63 Y97.062
G0 X101.606 Y97.062
G0 X101.607 Y96.829
G1 F3185.8 X101.436 Y97.469 E1913.24261
G0 F15000 X101.436 Y97.24
G0 X96.782 Y97.24
G0 X96.782 Y97.468
G1 F3185.8 X96.144 Y96.83 E1913.27262
G0 F15000 X96.143 Y97.061
G0 X95.89 Y97.287
G0 X95.79 Y100.82
G0 X96.02 Y100.82
G1 F3185.8 X95.382 Y100.99 E1913.29458
G0 F15000 X95.611 Y100.99
G0 X95.611 Y104.552
G0 X95.381 Y104.552
G1 F3185.8 X95.649 Y104.82 E1913.30718
G1 F2400 E1912.50718
G0 F15000 X95.649 Y104.6
G0 X95.401 Y107.137
G0 X95.62 Y107.138
G1 F2400 E1913.30718
G1 F3185.8 X95.381 Y107.202 E1913.31541
G1 F2400 E1912.51541
G0 F15000 X95.38 Y113.036
G1 F2400 E1913.31541
G1 F3185.8 X95.621 Y113.277 E1913.32675
G1 X95.619 Y113.35
G1 X95.381 Y113.414 E1913.33495
G1 F2400 E1912.53495
G0 F15000 X95.455 Y114.965
G0 X95.79 Y117.681
G0 X96.02 Y117.681
G1 F2400 E1913.33495
G1 F3185.8 X95.38 Y120.067 E1913.41711
G0 F15000 X95.38 Y119.626
G1 F3185.8 X96.02 Y119.455 E1913.43914
G0 F15000 X95.79 Y119.455
G0 X95.611 Y121.521
G0 X95.38 Y121.521
G1 F3185.8 X97.026 Y123.168 E1913.51659
G0 F15000 X97.026 Y122.939
G0 X100.761 Y122.939
G0 X100.761 Y123.168
G1 F3185.8 X100.933 Y122.527 E1913.53866
G1 F2400 E1912.73866
G0 F15000 X100.933 Y122.76
G0 X96.262 Y122.288
G0 X95.928 Y104.672
G0 X95.7 Y104.9
;TYPE:SKIN
G1 F2400 E1913.53866
G1 F2654.8 X95.7 Y115.1 E1913.94577
G1 F2400 E1913.14577
G0 F15000 X95.7 Y115.4
G0 X96.253 Y115.191
G0 X96.262 Y97.712
G0 X123.738 Y97.712
G0 X124.298 Y104.6
G0 X124.298 Y104.898
G1 F2400 E1913.94577
G1 F2677.1 X124.298 Y115.102 E1914.34964
;MESH:NONMESH
G0 F300 Z8
G0 F15000 X124.298 Y115.4
G0 X124.138 Y122.688
G0 X110 Y122.76
G0 X110 Y122.448
;TIME_ELAPSED:1835.416373
;LAYER:39
;note -- min layer time used
;TYPE:WALL-INNER
;MESH:bno085_case_body.stl
G1 F3169.7 X96.7 Y122.448 E1914.792
G1 X96.275 Y122.273 E1914.80728
G1 X96.1 Y121.937 E1914.81988
G1 X96.1 Y98.148 E1915.61111
G1 X96.275 Y97.723 E1915.6264
G1 X96.611 Y97.548 E1915.639
G1 X123.3 Y97.548 E1916.52668
G1 X123.724 Y97.722 E1916.54192
G1 X123.9 Y98.148 E1916.55725
G1 X123.9 Y121.937 E1917.34848
G1 X123.724 Y122.272 E1917.36106
G1 X123.389 Y122.448 E1917.37365
G1 X110 Y122.448 E1917.81897
G0 F15000 X110 Y123.248
G1 F3169.7 X124.339 Y123.248 E1918.29589
G1 X124.514 Y123.179 E1918.30214
G1 X124.636 Y123.052 E1918.308
G1 X124.7 Y122.825 E1918.31584
G1 X124.696 Y97.107 E1919.17123
G1 X124.63 Y96.933 E1919.17742
G1 X124.524 Y96.831 E1919.18231
G1 X124.335 Y96.748 E1919.18918
G1 X95.657 Y96.748 E1920.14301
G1 X95.484 Y96.815 E1920.14918
G1 X95.333 Y97.001 E1920.15715
G1 X95.3 Y97.163 E1920.16265
G1 X95.3 Y122.89 E1921.01833
G1 X95.442 Y123.137 E1921.02781
G1 X95.696 Y123.248 E1921.03703
G1 X110 Y123.248 E1921.51278
G0 F15000 X110 Y123.648
;TYPE:WALL-OUTER
G1 F3169.7 X124.403 Y123.648 E1921.99183
G1 X124.717 Y123.544 E1922.00283
G1 X124.966 Y123.286 E1922.01475
G1 X125.048 Y123.122 E1922.02085
G1 X125.1 Y122.864 E1922.0296
G1 X125.096 Y97.044 E1922.88838
G1 X124.992 Y96.726 E1922.89951
G1 X124.75 Y96.493 E1922.91068
G1 X124.418 Y96.348 E1922.92273
G1 X95.593 Y96.348 E1923.88146
G1 X95.278 Y96.452 E1923.89249
G1 X95.033 Y96.71 E1923.90432
G1 X94.951 Y96.867 E1923.91021
G1 X94.9 Y97.124 E1923.91893
G1 X94.9 Y122.955 E1924.77807
G1 X94.976 Y123.182 E1924.78603
G1 X95.166 Y123.437 E1924.79661
G1 X95.428 Y123.599 E1924.80686
G1 X95.654 Y123.648 E1924.81455
G1 X110 Y123.648 E1925.2917
G0 F15000 X110 Y122.939
G0 X110 Y122.047
G1 F3169.7 X96.7 Y122.048 E1925.73406
G1 X96.558 Y121.99 E1925.73916
G1 X96.502 Y121.883 E1925.74317
G1 X96.5 Y98.148 E1926.5326
G1 X96.558 Y98.006 E1926.53771
G1 X96.665 Y97.95 E1926.54172
G1 X123.3 Y97.948 E1927.42761
G1 X123.442 Y98.006 E1927.43271
G1 X123.5 Y98.148 E1927.43781
G1 X123.498 Y121.883 E1928.22724
G1 X123.442 Y121.99 E1928.23126
G1 X123.335 Y122.046 E1928.23527
G1 X110 Y122.047 E1928.6788
G0 F15000 X110 Y122.76
G0 X108.278 Y122.76
G0 X108.278 Y122.528
;TYPE:FILL
G1 F3169.7 X105.887 Y123.168 E1928.76112
G1 X105.711 Y123.168
G1 X105.071 Y122.528 E1928.79122
G0 F15000 X105.071 Y122.76
G0 X106.827 Y122.939
G0 X106.827 Y123.169
G1 F3169.7 X106.998 Y122.527 E1928.81332
G0 F15000 X106.998 Y122.76
G0 X113.038 Y122.939
G0 X113.038 Y123.168
G1 F3169.7 X113.21 Y122.528 E1928.83536
G0 F15000 X113.556 Y122.528
G1 F3169.7 X114.196 Y123.168 E1928.86547
G0 F15000 X114.196 Y122.939
G0 X119.25 Y122.939
G0 X119.25 Y123.168
G1 F3169.7 X119.422 Y122.528 E1928.88751
G0 F15000 X119.422 Y122.76
G0 X122.042 Y122.76
G0 X122.042 Y122.528
G1 F3169.7 X122.682 Y123.168 E1928.91761
G0 F15000 X122.682 Y122.939
G0 X124.138 Y122.688
G0 X124.21 Y118.32
G0 X123.981 Y118.32
G1 F3169.7 X124.619 Y118.149 E1928.93958
G0 F15000 X124.39 Y118.149
G0 X124.39 Y116.62
G0 X124.619 Y116.62
G1 F3169.7 X123.981 Y115.982 E1928.96959
G1 F2400 E1928.16959
G0 F15000 X124.21 Y115.982
G0 X124.527 Y115.328
G0 X124.599 Y112.002
G0 X124.379 Y112.002
G1 F2400 E1928.96959
G1 F3169.7 X124.618 Y111.938 E1928.97782
G1 F2400 E1928.17782
G0 F15000 X124.618 Y108.134
G1 F2400 E1928.97782
G1 F3169.7 X124.377 Y107.893 E1928.98916
G1 F2400 E1928.18916
G0 F15000 X124.598 Y107.893
G0 X124.598 Y105.79
G0 X124.378 Y105.79
G1 F2400 E1928.98916
G1 F3169.7 X124.616 Y105.726 E1928.99735
G0 F15000 X124.525 Y104.672
G0 X124.21 Y104.6
G0 X124.166 Y104.82
G1 F3169.7 X124.616 Y103.141 E1929.05517
G0 F15000 X124.389 Y103.141
G0 X124.389 Y99.648
G0 X124.617 Y99.648
G1 F3169.7 X123.98 Y99.011 E1929.08513
G0 F15000 X123.981 Y99.685
G1 F3169.7 X124.616 Y99.515 E1929.10699
G0 F15000 X124.389 Y99.515
G0 X124.138 Y97.312
G0 X122.438 Y97.24
G0 X122.438 Y97.468
G1 F3169.7 X121.797 Y96.828 E1929.13712
G0 F15000 X121.797 Y97.061
G0 X120.096 Y97.061
G0 X120.096 Y96.828
G1 F3169.7 X119.925 Y97.469 E1929.15919
G0 F15000 X119.925 Y97.24
G0 X113.952 Y97.24
G0 X113.952 Y97.468
G1 F3169.7 X113.312 Y96.828 E1929.18929
G0 F15000 X113.885 Y96.828
G1 F3169.7 X113.713 Y97.468 E1929.21133
G0 F15000 X113.713 Y97.24
G0 X111.461 Y97.061
G0 X111.461 Y96.828
G1 F3169.7 X109.071 Y97.468 E1929.29363
G0 F15000 X109.071 Y97.24
G0 X107.673 Y97.061
G0 X107.673 Y96.827
G1 F3169.7 X107.501 Y97.469 E1929.31573
G0 F15000 X107.501 Y97.24
G0 X105.467 Y97.24
G0 X105.467 Y97.468
G1 F3169.7 X104.826 Y96.828 E1929.34586
G0 F15000 X104.826 Y97.061
G0 X101.461 Y97.061
G0 X101.461 Y96.827
G1 F3169.7 X101.29 Y97.469 E1929.36796
G0 F15000 X101.29 Y97.24
G0 X96.982 Y97.24
G0 X96.982 Y97.468
G1 F3169.7 X96.341 Y96.828 E1929.39808
G0 F15000 X96.341 Y97.061
G0 X95.862 Y97.312
G0 X95.79 Y100.966
G0 X96.02 Y100.966
G1 F3169.7 X95.381 Y101.137 E1929.42008
G0 F15000 X95.611 Y101.137
G0 X95.611 Y104.352
G0 X95.38 Y104.352
G1 F3169.7 X95.848 Y104.82 E1929.4421
G1 F2400 E1928.6421
G0 F15000 X95.79 Y104.6
G0 X95.928 Y115.328
G0 X95.79 Y117.136
G0 X96.02 Y117.136
G1 F2400 E1929.4421
G1 F3169.7 X95.38 Y119.522 E1929.52426
G0 F15000 X95.38 Y119.772
G1 F3169.7 X96.02 Y119.601 E1929.54629
G0 F15000 X95.79 Y119.601
G0 X95.611 Y121.322
G0 X95.38 Y121.322
G1 F3169.7 X96.048 Y121.991 E1929.57774
G0 F15000 X96.488 Y122.431
G1 F3169.7 X97.226 Y123.168 E1929.61243
G0 F15000 X97.226 Y122.939
G0 X100.615 Y122.939
G0 X100.615 Y123.168
G1 F3169.7 X100.787 Y122.528 E1929.63447
G1 F2400 E1928.83447
G0 F15000 X100.787 Y122.76
G0 X96.262 Y122.288
G0 X95.928 Y104.672
G0 X95.7 Y104.9
;TYPE:SKIN
G1 F2400 E1929.63447
G1 F2641.4 X95.7 Y115.1 E1930.04157
G1 F2400 E1929.24157
G0 F15000 X95.7 Y115.4
G0 X96.253 Y115.191
G0 X96.262 Y97.712
G0 X123.738 Y97.712
G0 X124.298 Y104.6
G0 X124.298 Y104.898
G1 F2400 E1930.04157
G1 F2663.6 X124.298 Y115.102 E1930.44544
;MESH:NONMESH
G0 F300 Z8.2
G0 F15000 X124.298 Y115.4
G0 X124.138 Y122.688
G0 X110 Y122.76
G0 X110 Y122.448
;TIME_ELAPSED:1855.527153
;LAYER:40
;note -- min layer time used
;TYPE:WALL-INNER
;MESH:bno085_case_body.stl
G1 F3211.5 X96.7 Y122.448 E1930.8878
G1 X96.275 Y122.273 E1930.90309
G1 X96.1 Y121.937 E1930.91569
G1 X96.1 Y98.148 E1931.70692
G1 X96.275 Y97.723 E1931.7222
G1 X96.611 Y97.548 E1931.7348
G1 X123.3 Y97.548 E1932.62248
G1 X123.725 Y97.723 E1932.63777
G1 X123.901 Y98.148 E1932.65307
G1 X123.9 Y121.939 E1933.44436
G1 X123.724 Y122.274 E1933.45695
G1 X123.389 Y122.448 E1933.4695
G1 X110 Y122.448 E1933.91482
G0 F15000 X110 Y123.248
G1 F3211.5 X124.286 Y123.247 E1934.38998
G1 X124.416 Y123.22 E1934.39439
G1 X124.624 Y123.063 E1934.40306
G1 X124.696 Y122.857 E1934.41032
G1 X124.699 Y97.118 E1935.2664
G1 X124.636 Y96.955 E1935.27222
G1 X124.524 Y96.828 E1935.27785
G1 X124.281 Y96.749 E1935.28635
G1 X95.658 Y96.748 E1936.23835
G1 X95.408 Y96.89 E1936.24791
G1 X95.301 Y97.111 E1936.25608
G1 X95.3 Y122.885 E1937.11333
G1 X95.395 Y123.103 E1937.12124
G1 X95.507 Y123.197 E1937.1261
G1 X95.695 Y123.248 E1937.13258
G1 X110 Y123.248 E1937.60836
G0 F15000 X110 Y123.648
;TYPE:WALL-OUTER
G1 F3211.5 X124.327 Y123.647 E1938.08488
G1 X124.562 Y123.598 E1938.09287
G1 X124.835 Y123.438 E1938.10339
G1 X124.978 Y123.261 E1938.11096
G1 X125.096 Y122.925 E1938.1228
G1 X125.099 Y97.042 E1938.98368
G1 X124.982 Y96.743 E1938.99436
G1 X124.777 Y96.511 E1939.00465
G1 X124.577 Y96.402 E1939.01223
G1 X124.323 Y96.349 E1939.02086
G1 X95.593 Y96.348 E1939.97642
G1 X95.365 Y96.424 E1939.98442
G1 X95.107 Y96.614 E1939.99507
G1 X94.947 Y96.879 E1940.00537
G1 X94.901 Y97.061 E1940.01161
G1 X94.9 Y122.959 E1940.87298
G1 X95.014 Y123.257 E1940.88359
G1 X95.287 Y123.535 E1940.89655
G1 X95.653 Y123.648 E1940.90929
G1 X110 Y123.648 E1941.38648
G0 F15000 X110 Y122.939
G0 X110 Y122.047
G1 F3211.5 X96.7 Y122.048 E1941.82884
G1 X96.558 Y121.99 E1941.83394
G1 X96.502 Y121.883 E1941.83796
G1 X96.5 Y98.148 E1942.62738
G1 X96.558 Y98.006 E1942.63249
G1 X96.665 Y97.95 E1942.6365
G1 X123.3 Y97.948 E1943.52239
G1 X123.442 Y98.006 E1943.52749
G1 X123.501 Y98.148 E1943.5326
G1 X123.498 Y121.883 E1944.32203
G1 X123.442 Y121.99 E1944.32605
G1 X123.335 Y122.046 E1944.33007
G1 X110 Y122.047 E1944.77359
G0 F15000 X110 Y122.76
G0 X108.826 Y122.76
G0 X108.826 Y122.528
;TYPE:FILL
G1 F3211.5 X106.438 Y123.168 E1944.85582
G0 F15000 X106.68 Y123.169
G1 F3211.5 X106.851 Y122.527 E1944.87792
G0 F15000 X106.851 Y122.76
G0 X105.911 Y122.939
G0 X105.911 Y123.167
G1 F3211.5 X105.272 Y122.528 E1944.90797
G0 F15000 X105.272 Y122.76
G0 X100.64 Y122.76
G0 X100.64 Y122.528
G1 F3211.5 X100.468 Y123.168 E1944.93001
G0 F15000 X100.468 Y122.939
G0 X97.426 Y122.939
G0 X97.426 Y123.167
G1 F3211.5 X96.787 Y122.528 E1944.96007
G0 F15000 X96.787 Y122.76
G0 X95.862 Y122.688
G0 X95.79 Y121.762
G0 X96.02 Y121.762
G1 F3211.5 X95.38 Y121.121 E1944.9902
G0 F15000 X95.61 Y121.121
G0 X95.61 Y119.919
G0 X95.38 Y119.919
G1 F3211.5 X96.02 Y119.748 E1945.01223
G0 F15000 X95.79 Y119.748
G0 X95.61 Y118.974
G0 X95.38 Y118.974
G1 F3211.5 X96.02 Y116.587 E1945.09443
G1 F2400 E1944.29443
G0 F15000 X95.79 Y116.587
G0 X95.504 Y115.454
G0 X95.381 Y113.707
G1 F2400 E1945.09443
G1 F3211.5 X95.619 Y113.643 E1945.10262
G0 F15000 X95.621 Y112.877
G1 F3211.5 X95.38 Y112.636 E1945.11396
G1 F2400 E1944.31396
G0 F15000 X95.382 Y107.495
G1 F2400 E1945.11396
G1 F3211.5 X95.62 Y107.431 E1945.12216
G1 F2400 E1944.32216
G0 F15000 X95.401 Y107.43
G0 X95.473 Y104.672
G0 X95.79 Y104.6
G0 X96.019 Y104.79
G1 F2400 E1945.12216
G1 F3211.5 X95.381 Y104.152 E1945.15217
G0 F15000 X95.611 Y104.152
G0 X95.611 Y101.283
G0 X95.382 Y101.283
G1 F3211.5 X96.02 Y101.113 E1945.17413
G0 F15000 X95.79 Y101.113
G0 X95.862 Y97.312
G0 X97.183 Y97.24
G0 X97.183 Y97.468
G1 F3211.5 X96.543 Y96.828 E1945.20423
G0 F15000 X96.543 Y97.061
G0 X101.143 Y97.24
G0 X101.143 Y97.469
G1 F3211.5 X101.314 Y96.827 E1945.22633
G0 F15000 X101.314 Y97.061
G0 X105.028 Y97.061
G0 X105.028 Y96.828
G1 F3211.5 X105.668 Y97.468 E1945.25643
G0 F15000 X105.668 Y97.24
G0 X107.354 Y97.24
G0 X107.354 Y97.468
G1 F3211.5 X107.526 Y96.828 E1945.27847
G0 F15000 X107.526 Y97.061
G0 X109.62 Y97.24
G0 X109.62 Y97.468
G1 F3211.5 X112.007 Y96.829 E1945.36066
G0 F15000 X112.007 Y97.061
G0 X113.514 Y97.061
G0 X113.514 Y96.829
G1 F3211.5 X114.153 Y97.468 E1945.39072
G0 F15000 X113.566 Y97.468
G1 F3211.5 X113.737 Y96.829 E1945.41272
G0 F15000 X113.737 Y97.061
G0 X119.778 Y97.24
G0 X119.778 Y97.469
G1 F3211.5 X119.949 Y96.828 E1945.43478
G0 F15000 X119.949 Y97.061
G0 X121.999 Y97.061
G0 X121.999 Y96.829
G1 F3211.5 X122.638 Y97.468 E1945.46484
G0 F15000 X122.638 Y97.24
G0 X124.138 Y97.312
G0 X124.21 Y98.81
G0 X123.981 Y98.81
G1 F3211.5 X124.619 Y99.449 E1945.49487
G0 F15000 X124.618 Y99.661
G1 F3211.5 X123.982 Y99.832 E1945.51678
G0 F15000 X124.21 Y99.832
G0 X124.39 Y102.585
G0 X124.618 Y102.585
G1 F3211.5 X123.981 Y104.964 E1945.59869
G0 F15000 X124.21 Y104.6
G0 X124.001 Y105.979
G0 X124.22 Y105.98
G1 F3211.5 X123.982 Y106.044 E1945.60689
G0 F15000 X124.379 Y105.937
G1 F3211.5 X124.617 Y105.873 E1945.61509
G1 F2400 E1944.81509
G0 F15000 X124.526 Y104.672
G0 X124.073 Y104.672
G0 X123.981 Y107.296
G1 F2400 E1945.61509
G1 F3211.5 X124.221 Y107.536 E1945.62637
G0 F15000 X124.377 Y107.692
G1 F3211.5 X124.618 Y107.933 E1945.63771
G1 F2400 E1944.83771
G0 F15000 X124.617 Y112.085
G1 F2400 E1945.63771
G1 F3211.5 X124.377 Y112.149 E1945.64597
G1 X124.22 Y112.191
G1 X123.981 Y112.255 E1945.6542
G1 F2400 E1944.8542
G0 F15000 X124.072 Y115.328
G0 X124.21 Y115.78
G0 X123.98 Y115.78
G1 F2400 E1945.6542
G1 F3211.5 X124.617 Y116.417 E1945.68416
G0 F15000 X124.389 Y116.417
G0 X124.389 Y118.297
G0 X124.616 Y118.297
G1 F3211.5 X123.98 Y118.467 E1945.70606
G0 F15000 X124.21 Y118.467
G0 X124.138 Y122.688
G0 X122.242 Y122.76
G0 X122.242 Y122.528
G1 F3211.5 X122.882 Y123.167 E1945.73614
G0 F15000 X122.882 Y122.939
G0 X119.275 Y122.76
G0 X119.275 Y122.528
G1 F3211.5 X119.103 Y123.168 E1945.75818
G0 F15000 X119.103 Y122.939
G0 X114.396 Y122.939
G0 X114.396 Y123.167
G1 F3211.5 X113.757 Y122.528 E1945.78824
G0 F15000 X113.063 Y122.528
G1 F3211.5 X112.891 Y123.168 E1945.81028
G1 F2400 E1945.01028
G0 F15000 X112.891 Y122.939
G0 X123.738 Y122.288
G0 X124.073 Y104.672
G0 X124.298 Y104.898
;TYPE:SKIN
G1 F2400 E1945.81028
G1 F2698.8 X124.298 Y115.102 E1946.21415
G1 F2400 E1945.41415
G0 F15000 X124.298 Y115.4
G0 X123.738 Y122.288
G0 X96.262 Y122.288
G0 X96.252 Y104.808
G0 X95.7 Y104.6
G0 X95.7 Y104.9
G1 F2400 E1946.21415
G1 F2676.3 X95.7 Y115.1 E1946.62125
;MESH:NONMESH
G0 F300 Z8.4
G0 F15000 X95.7 Y115.4
G0 X95.862 Y122.688
G0 X110 Y122.76
G0 X110 Y122.448
;TIME_ELAPSED:1876.674964
;LAYER:41
;note -- min layer time used
;TYPE:WALL-INNER
;MESH:bno085_case_body.stl
G1 F2921.4 X96.7 Y122.448 E1947.06361
G1 X96.275 Y122.273 E1947.0789
G1 X96.1 Y121.937 E1947.0915
G1 X96.1 Y98.148 E1947.88273
G1 X96.275 Y97.723 E1947.89801
G1 X96.611 Y97.548 E1947.91061
G1 X123.3 Y97.548 E1948.79829
G1 X123.723 Y97.721 E1948.81349
G1 X123.9 Y98.148 E1948.82887
G1 X123.9 Y121.937 E1949.62009
G1 X123.724 Y122.274 E1949.63274
G1 X123.389 Y122.448 E1949.64529
G1 X110 Y122.448 E1950.09061
G0 F15000 X110 Y123.248
G1 F2921.4 X124.351 Y123.248 E1950.56793
G1 X124.512 Y123.182 E1950.57372
G1 X124.623 Y123.065 E1950.57908
G1 X124.696 Y122.858 E1950.58638
G1 X124.692 Y97.08 E1951.44376
G1 X124.646 Y96.966 E1951.44785
G1 X124.507 Y96.821 E1951.45453
G1 X124.35 Y96.748 E1951.46029
G1 X95.716 Y96.748 E1952.41266
G1 X95.448 Y96.852 E1952.42222
G1 X95.338 Y97.004 E1952.42846
G1 X95.3 Y97.172 E1952.43419
G1 X95.3 Y122.887 E1953.28948
G1 X95.393 Y123.092 E1953.29696
G1 X95.559 Y123.212 E1953.30378
G1 X95.711 Y123.248 E1953.30897
G1 X110 Y123.248 E1953.78423
G0 F15000 X110 Y123.648
;TYPE:WALL-OUTER
G1 F2921.4 X124.43 Y123.648 E1954.26417
G1 X124.712 Y123.532 E1954.27431
G1 X124.978 Y123.264 E1954.28687
G1 X125.096 Y122.926 E1954.29878
G1 X125.092 Y97.003 E1955.16098
G1 X124.988 Y96.746 E1955.1702
G1 X124.745 Y96.49 E1955.18194
G1 X124.437 Y96.348 E1955.19322
G1 X95.671 Y96.348 E1956.14998
G1 X95.395 Y96.412 E1956.15941
G1 X95.168 Y96.556 E1956.16835
G1 X94.966 Y96.836 E1956.17983
G1 X94.9 Y97.127 E1956.18975
G1 X94.9 Y122.957 E1957.04886
G1 X94.996 Y123.222 E1957.05824
G1 X95.105 Y123.377 E1957.06454
G1 X95.389 Y123.582 E1957.07619
G1 X95.664 Y123.648 E1957.0856
G1 X110 Y123.648 E1957.56241
G0 F15000 X110 Y122.939
G0 X110 Y122.047
G1 F2921.4 X96.7 Y122.048 E1958.00477
G1 X96.558 Y121.99 E1958.00988
G1 X96.502 Y121.883 E1958.01389
G1 X96.5 Y98.148 E1958.80332
G1 X96.558 Y98.006 E1958.80842
G1 X96.665 Y97.95 E1958.81244
G1 X123.3 Y97.948 E1959.69832
G1 X123.441 Y98.005 E1959.70338
G1 X123.5 Y98.148 E1959.70853
G1 X123.498 Y121.883 E1960.49796
G1 X123.442 Y121.99 E1960.50197
G1 X123.335 Y122.046 E1960.50599
G1 X110 Y122.047 E1960.94951
G0 F15000 X109.371 Y122.528
;TYPE:FILL
G1 F2921.4 X106.988 Y123.166 E1961.03156
G0 F15000 X106.534 Y123.167
G1 F2921.4 X106.705 Y122.527 E1961.0536
G0 F15000 X106.108 Y123.165
G1 F2921.4 X105.471 Y122.528 E1961.08356
G0 F15000 X105.471 Y122.76
G0 X100.494 Y122.76
G0 X100.494 Y122.528
G1 F2921.4 X100.322 Y123.168 E1961.1056
G0 F15000 X100.322 Y122.939
G0 X97.625 Y122.939
G0 X97.625 Y123.167
G1 F2921.4 X96.986 Y122.528 E1961.13566
G0 F15000 X96.986 Y122.76
G0 X95.862 Y122.688
G0 X95.79 Y121.562
G0 X96.02 Y121.562
G1 F2921.4 X95.38 Y120.922 E1961.16576
G0 F15000 X95.38 Y120.065
G1 F2921.4 X96.02 Y119.894 E1961.18779
G0 F15000 X95.79 Y119.894
G0 X95.61 Y118.432
G0 X95.38 Y118.431
G1 F2921.4 X96.02 Y116.042 E1961.27006
G0 F15000 X95.79 Y116.042
G0 X95.61 Y113.854
G0 X95.38 Y113.853
G1 F2921.4 X96.02 Y113.682 E1961.29209
G0 F15000 X96.02 Y113.077
G1 F2921.4 X95.38 Y112.437 E1961.32219
G0 F15000 X95.61 Y112.438
G0 X95.61 Y107.642
G0 X95.381 Y107.641
G1 F2921.4 X96.019 Y107.47 E1961.34416
G0 F15000 X95.79 Y107.47
G0 X95.79 Y104.592
G0 X96.02 Y104.592
G1 F2921.4 X95.38 Y103.952 E1961.37426
G0 F15000 X95.61 Y103.953
G0 X95.61 Y101.431
G0 X95.38 Y101.43
G1 F2921.4 X96.019 Y101.259 E1961.39627
G0 F15000 X95.79 Y101.259
G0 X95.862 Y97.312
G0 X97.382 Y97.24
G0 X97.382 Y97.468
G1 F2921.4 X96.741 Y96.828 E1961.42639
G0 F15000 X96.741 Y97.061
G0 X100.997 Y97.24
G0 X100.997 Y97.469
G1 F2921.4 X101.168 Y96.828 E1961.44846
G0 F15000 X101.168 Y97.061
G0 X105.227 Y97.061
G0 X105.227 Y96.828
G1 F2921.4 X105.867 Y97.468 E1961.47856
G0 F15000 X105.867 Y97.24
G0 X107.208 Y97.24
G0 X107.208 Y97.469
G1 F2921.4 X107.38 Y96.827 E1961.50067
G0 F15000 X107.38 Y97.061
G0 X110.165 Y97.24
G0 X110.165 Y97.468
G1 F2921.4 X112.554 Y96.828 E1961.58293
G0 F15000 X112.554 Y97.061
G0 X113.592 Y97.061
G0 X113.592 Y96.828
G1 F2921.4 X113.42 Y97.468 E1961.60497
G0 F15000 X113.712 Y96.828
G1 F2921.4 X114.353 Y97.468 E1961.6351
G0 F15000 X114.353 Y97.24
G0 X119.631 Y97.24
G0 X119.631 Y97.469
G1 F2921.4 X119.803 Y96.828 E1961.65717
G0 F15000 X119.803 Y97.061
G0 X122.197 Y97.061
G0 X122.197 Y96.828
G1 F2921.4 X122.838 Y97.468 E1961.6873
G0 F15000 X122.838 Y97.24
G0 X124.138 Y97.312
G0 X124.21 Y98.61
G0 X123.98 Y98.61
G1 F2921.4 X124.613 Y99.243 E1961.71707
G0 F15000 X124.612 Y99.809
G1 F2921.4 X123.981 Y99.978 E1961.7388
G0 F15000 X124.21 Y99.978
G0 X124.385 Y102.06
G0 X124.613 Y102.06
G1 F2921.4 X123.98 Y104.422 E1961.82013
G0 F15000 X124.21 Y104.422
G0 X124.386 Y106.02
G0 X124.613 Y106.02
G1 F2921.4 X123.98 Y106.19 E1961.84193
G0 F15000 X123.98 Y107.096
G1 F2921.4 X124.614 Y107.73 E1961.87175
G0 F15000 X124.386 Y107.73
G0 X124.387 Y112.232
G0 X124.614 Y112.232
G1 F2921.4 X123.98 Y112.402 E1961.89359
G0 F15000 X124.21 Y112.402
G0 X124.21 Y115.581
G0 X123.98 Y115.581
G1 F2921.4 X124.616 Y116.217 E1961.9235
G0 F15000 X124.387 Y116.217
G0 X124.388 Y118.443
G0 X124.615 Y118.443
G1 F2921.4 X123.981 Y118.613 E1961.94533
G0 F15000 X124.21 Y118.613
G0 X124.138 Y122.688
G0 X122.442 Y122.76
G0 X122.442 Y122.528
G1 F2921.4 X123.075 Y123.162 E1961.97513
G0 F15000 X123.075 Y122.939
G0 X119.129 Y122.76
G0 X119.129 Y122.528
G1 F2921.4 X118.958 Y123.163 E1961.997
G0 F15000 X118.958 Y122.939
G0 X114.592 Y122.939
G0 X114.592 Y123.164
G1 F2921.4 X113.957 Y122.528 E1962.02689
G0 F15000 X113.957 Y122.76
G0 X112.917 Y122.76
G0 X112.917 Y122.528
G1 F2921.4 X112.746 Y123.165 E1962.04883
;MESH:NONMESH
G0 F300 Z8.6
G0 F15000 X112.746 Y122.939
G0 X110 Y122.76
G0 X110 Y122.448
;TIME_ELAPSED:1894.557845
;LAYER:42
;note -- min layer time used
;TYPE:WALL-INNER
;MESH:bno085_case_body.stl
G1 F2905.5 X96.7 Y122.448 E1962.49119
G1 X96.275 Y122.273 E1962.50648
G1 X96.1 Y121.937 E1962.51908
G1 X96.1 Y98.148 E1963.3103
G1 X96.275 Y97.723 E1963.32559
G1 X96.611 Y97.548 E1963.33819
G1 X123.3 Y97.548 E1964.22587
G1 X123.725 Y97.723 E1964.24116
G1 X123.901 Y98.148 E1964.25646
G1 X123.9 Y121.939 E1965.04775
G1 X123.724 Y122.274 E1965.06034
G1 X123.389 Y122.448 E1965.07289
G1 X110 Y122.448 E1965.51821
G0 F15000 X110 Y123.248
G1 F2905.5 X124.375 Y123.247 E1965.99633
G1 X124.623 Y123.062 E1966.00662
G1 X124.696 Y122.857 E1966.01385
G1 X124.699 Y97.118 E1966.86994
G1 X124.636 Y96.955 E1966.87575
G1 X124.522 Y96.826 E1966.88148
G1 X124.332 Y96.748 E1966.88831
G1 X95.724 Y96.748 E1967.83981
G1 X95.534 Y96.797 E1967.84634
G1 X95.408 Y96.889 E1967.85153
G1 X95.301 Y97.111 E1967.85972
G1 X95.301 Y122.891 E1968.71717
G1 X95.369 Y123.063 E1968.72332
G1 X95.544 Y123.213 E1968.73099
G1 X95.708 Y123.248 E1968.73657
G1 X110 Y123.248 E1969.21192
G0 F15000 X110 Y123.647
;TYPE:WALL-OUTER
G1 F2905.5 X124.327 Y123.647 E1969.68844
G1 X124.551 Y123.602 E1969.69604
G1 X124.835 Y123.437 E1969.70696
G1 X124.978 Y123.26 E1969.71453
G1 X125.096 Y122.925 E1969.72634
G1 X125.099 Y97.042 E1970.58721
G1 X124.982 Y96.743 E1970.59789
G1 X124.774 Y96.508 E1970.60833
G1 X124.385 Y96.348 E1970.62232
G1 X95.674 Y96.348 E1971.57725
G1 X95.36 Y96.429 E1971.58804
G1 X95.107 Y96.614 E1971.59846
G1 X94.947 Y96.879 E1971.60876
G1 X94.901 Y97.061 E1971.615
G1 X94.901 Y122.95 E1972.47607
G1 X95.051 Y123.314 E1972.48917
G1 X95.34 Y123.578 E1972.50219
G1 X95.666 Y123.648 E1972.51328
G1 X110 Y123.647 E1972.99003
G0 F15000 X110 Y122.939
G0 X110 Y122.047
G1 F2905.5 X96.7 Y122.048 E1973.43239
G1 X96.558 Y121.99 E1973.43749
G1 X96.502 Y121.883 E1973.44151
G1 X96.5 Y98.148 E1974.23094
G1 X96.558 Y98.006 E1974.23604
G1 X96.665 Y97.95 E1974.24005
G1 X123.3 Y97.948 E1975.12594
G1 X123.442 Y98.006 E1975.13104
G1 X123.501 Y98.148 E1975.13615
G1 X123.498 Y121.883 E1975.92558
G1 X123.442 Y121.99 E1975.9296
G1 X123.335 Y122.046 E1975.93362
G1 X110 Y122.047 E1976.37714
G0 F15000 X109.92 Y122.528
;TYPE:FILL
G1 F2905.5 X107.531 Y123.168 E1976.4594
G0 F15000 X107.531 Y122.939
G0 X106.387 Y122.939
G0 X106.387 Y123.168
G1 F2905.5 X106.558 Y122.527 E1976.48147
G0 F15000 X106.311 Y123.167
G1 F2905.5 X105.672 Y122.528 E1976.51152
G0 F15000 X105.672 Y122.76
G0 X100.347 Y122.76
G0 X100.347 Y122.528
G1 F2905.5 X100.175 Y123.168 E1976.53357
G0 F15000 X100.175 Y122.939
G0 X97.826 Y122.939
G0 X97.826 Y123.167
G1 F2905.5 X97.187 Y122.528 E1976.56362
G0 F15000 X97.187 Y122.76
G0 X95.862 Y122.688
G0 X95.79 Y121.361
G0 X96.02 Y121.361
G1 F2905.5 X95.381 Y120.722 E1976.59368
G0 F15000 X95.381 Y120.212
G1 F2905.5 X96.02 Y120.041 E1976.61568
G0 F15000 X95.79 Y120.041
G0 X95.61 Y117.878
G0 X95.381 Y117.877
G1 F2905.5 X96.02 Y115.493 E1976.69777
G0 F15000 X95.79 Y115.493
G0 X95.61 Y114.001
G0 X95.381 Y114
G1 F2905.5 X96.02 Y113.829 E1976.71977
G0 F15000 X96.02 Y112.876
G1 F2905.5 X95.381 Y112.237 E1976.74983
G0 F15000 X95.61 Y112.238
G0 X95.61 Y107.789
G0 X95.382 Y107.788
G1 F2905.5 X96.019 Y107.617 E1976.77177
G0 F15000 X95.79 Y107.617
G0 X95.79 Y104.391
G0 X96.02 Y104.391
G1 F2905.5 X95.381 Y103.752 E1976.80182
G0 F15000 X95.61 Y103.753
G0 X95.61 Y101.577
G0 X95.382 Y101.576
G1 F2905.5 X96.019 Y101.406 E1976.82375
G0 F15000 X95.79 Y101.406
G0 X95.862 Y97.312
G0 X97.583 Y97.24
G0 X97.583 Y97.468
G1 F2905.5 X96.943 Y96.828 E1976.85385
G0 F15000 X96.943 Y97.061
G0 X100.85 Y97.24
G0 X100.85 Y97.469
G1 F2905.5 X101.021 Y96.828 E1976.87592
G0 F15000 X101.021 Y97.061
G0 X105.428 Y97.061
G0 X105.428 Y96.828
G1 F2905.5 X106.068 Y97.468 E1976.90602
G0 F15000 X107.061 Y97.469
G1 F2905.5 X107.233 Y96.827 E1976.92813
G0 F15000 X107.233 Y97.061
G0 X110.714 Y97.24
G0 X110.714 Y97.468
G1 F2905.5 X113.105 Y96.828 E1977.01045
G0 F15000 X113.445 Y96.827
G1 F2905.5 X113.273 Y97.468 E1977.03253
G0 F15000 X113.913 Y96.828
G1 F2905.5 X114.553 Y97.468 E1977.06263
G0 F15000 X114.553 Y97.24
G0 X119.484 Y97.24
G0 X119.484 Y97.469
G1 F2905.5 X119.656 Y96.828 E1977.0847
G0 F15000 X119.656 Y97.061
G0 X122.399 Y97.061
G0 X122.399 Y96.828
G1 F2905.5 X123.039 Y97.468 E1977.11481
G0 F15000 X123.039 Y97.24
G0 X124.138 Y97.312
G0 X124.21 Y98.41
G0 X123.981 Y98.41
G1 F2905.5 X124.619 Y99.049 E1977.14484
G0 F15000 X124.617 Y99.955
G1 F2905.5 X123.982 Y100.125 E1977.16671
G0 F15000 X124.21 Y100.125
G0 X124.39 Y101.491
G0 X124.618 Y101.492
G1 F2905.5 X123.981 Y103.871 E1977.24862
G0 F15000 X124.21 Y103.871
G0 X124.39 Y106.165
G0 X124.617 Y106.166
G1 F2905.5 X123.981 Y106.337 E1977.27052
G0 F15000 X123.981 Y106.895
G1 F2905.5 X124.618 Y107.533 E1977.30051
G0 F15000 X124.39 Y107.532
G0 X124.39 Y112.377
G0 X124.617 Y112.378
G1 F2905.5 X123.981 Y112.548 E1977.32241
G0 F15000 X124.21 Y112.548
G0 X124.21 Y115.38
G0 X123.98 Y115.38
G1 F2905.5 X124.617 Y116.017 E1977.35237
G0 F15000 X124.39 Y116.016
G0 X124.39 Y118.589
G0 X124.616 Y118.59
G1 F2905.5 X123.981 Y118.76 E1977.37423
G0 F15000 X124.21 Y118.76
G0 X124.138 Y122.688
G0 X122.643 Y122.76
G0 X122.643 Y122.528
G1 F2905.5 X123.281 Y123.167 E1977.40426
G0 F15000 X123.281 Y122.939
G0 X118.982 Y122.76
G0 X118.982 Y122.528
G1 F2905.5 X118.81 Y123.168 E1977.42631
G0 F15000 X118.81 Y122.939
G0 X114.796 Y122.939
G0 X114.796 Y123.167
G1 F2905.5 X114.157 Y122.528 E1977.45636
G0 F15000 X114.157 Y122.76
G0 X112.77 Y122.76
G0 X112.77 Y122.528
G1 F2905.5 X112.599 Y123.167 E1977.47836
;MESH:NONMESH
G0 F300 Z8.8
G0 F15000 X112.599 Y122.939
G0 X110 Y122.76
G0 X110 Y122.448
;TIME_ELAPSED:1912.448595
;LAYER:43
;note -- min layer time used
;TYPE:WALL-INNER
;MESH:bno085_case_body.stl
G1 F2909.2 X96.7 Y122.448 E1977.92072
G1 X96.275 Y122.273 E1977.93601
G1 X96.1 Y121.937 E1977.94861
G1 X96.1 Y98.148 E1978.73984
G1 X96.275 Y97.723 E1978.75512
G1 X96.611 Y97.548 E1978.76772
G1 X123.3 Y97.548 E1979.6554
G1 X123.724 Y97.722 E1979.67065
G1 X123.9 Y98.148 E1979.68598
G1 X123.9 Y121.937 E1980.4772
G1 X123.724 Y122.274 E1980.48985
G1 X123.389 Y122.448 E1980.5024
G1 X110 Y122.448 E1980.94772
G0 F15000 X110 Y123.248
G1 F2909.2 X124.339 Y123.248 E1981.42464
G1 X124.586 Y123.109 E1981.43407
G1 X124.696 Y122.838 E1981.4438
G1 X124.696 Y97.108 E1982.29958
G1 X124.556 Y96.856 E1982.30917
G1 X124.279 Y96.748 E1982.31906
G1 X95.713 Y96.748 E1983.26916
G1 X95.566 Y96.778 E1983.27415
G1 X95.419 Y96.868 E1983.27989
G1 X95.342 Y96.99 E1983.28469
G1 X95.3 Y97.169 E1983.2908
G1 X95.3 Y122.888 E1984.14622
G1 X95.452 Y123.156 E1984.15647
G1 X95.643 Y123.248 E1984.16352
G1 X110 Y123.248 E1984.64103
G0 F15000 X110 Y123.648
;TYPE:WALL-OUTER
G1 F2909.2 X124.403 Y123.648 E1985.12008
G1 X124.634 Y123.572 E1985.12817
G1 X124.888 Y123.383 E1985.1387
G1 X125.05 Y123.115 E1985.14911
G1 X125.096 Y122.876 E1985.15721
G1 X125.096 Y97.044 E1986.01638
G1 X125.019 Y96.813 E1986.02448
G1 X124.836 Y96.56 E1986.03487
G1 X124.612 Y96.415 E1986.04374
G1 X124.325 Y96.348 E1986.05355
G1 X95.673 Y96.348 E1987.00651
G1 X95.429 Y96.398 E1987.0148
G1 X95.111 Y96.607 E1987.02746
G1 X94.968 Y96.834 E1987.03638
G1 X94.9 Y97.123 E1987.04625
G1 X94.9 Y122.952 E1987.90533
G1 X94.977 Y123.183 E1987.91343
G1 X95.201 Y123.492 E1987.92612
G1 X95.563 Y123.648 E1987.93923
G1 X110 Y123.648 E1988.41941
G0 F15000 X110 Y122.939
G0 X110 Y122.047
G1 F2909.2 X96.7 Y122.048 E1988.86177
G1 X96.558 Y121.99 E1988.86687
G1 X96.502 Y121.883 E1988.87089
G1 X96.5 Y98.148 E1989.66032
G1 X96.558 Y98.006 E1989.66542
G1 X96.665 Y97.95 E1989.66943
G1 X123.3 Y97.948 E1990.55532
G1 X123.442 Y98.006 E1990.56042
G1 X123.5 Y98.148 E1990.56552
G1 X123.498 Y121.883 E1991.35495
G1 X123.442 Y121.99 E1991.35897
G1 X123.335 Y122.046 E1991.36298
G1 X110 Y122.047 E1991.80651
G0 F15000 X110.464 Y122.528
;TYPE:FILL
G1 F2909.2 X108.083 Y123.166 E1991.88849
G0 F15000 X108.083 Y122.939
G0 X106.509 Y122.939
G0 X106.509 Y123.165
G1 F2909.2 X105.872 Y122.528 E1991.91846
G0 F15000 X106.412 Y122.528
G1 F2909.2 X106.241 Y123.166 E1991.94043
G0 F15000 X106.241 Y122.939
G0 X100.201 Y122.76
G0 X100.201 Y122.528
G1 F2909.2 X100.03 Y123.165 E1991.96236
G0 F15000 X100.03 Y122.939
G0 X98.022 Y122.939
G0 X98.022 Y123.164
G1 F2909.2 X97.386 Y122.528 E1991.99228
G0 F15000 X97.386 Y122.76
G0 X95.862 Y122.688
G0 X95.79 Y121.162
G0 X96.02 Y121.162
G1 F2909.2 X95.38 Y120.521 E1992.02241
G1 X95.381 Y120.358
G1 X96.02 Y120.186 E1992.04442
G0 F15000 X95.79 Y120.186
G0 X95.61 Y117.337
G0 X95.38 Y117.336
G1 F2909.2 X96.02 Y114.948 E1992.12664
G0 F15000 X96.02 Y113.975
G1 F2909.2 X95.38 Y114.146 E1992.14868
G0 F15000 X95.61 Y114.147
G0 X95.79 Y112.677
G0 X96.02 Y112.677
G1 F2909.2 X95.38 Y112.036 E1992.1788
G0 F15000 X95.61 Y112.037
G0 X95.61 Y107.935
G0 X95.381 Y107.934
G1 F2909.2 X96.02 Y107.763 E1992.2008
G0 F15000 X95.79 Y107.763
G0 X95.79 Y104.191
G0 X96.02 Y104.191
G1 F2909.2 X95.38 Y103.551 E1992.23091
G0 F15000 X95.61 Y103.552
G0 X95.61 Y101.724
G0 X95.381 Y101.723
G1 F2909.2 X96.019 Y101.552 E1992.25288
G0 F15000 X95.79 Y101.552
G0 X95.862 Y97.312
G0 X97.782 Y97.24
G0 X97.782 Y97.468
G1 F2909.2 X97.142 Y96.828 E1992.28298
G0 F15000 X97.142 Y97.061
G0 X100.704 Y97.24
G0 X100.704 Y97.468
G1 F2909.2 X100.875 Y96.828 E1992.30501
G0 F15000 X100.875 Y97.061
G0 X105.628 Y97.061
G0 X105.628 Y96.828
G1 F2909.2 X106.268 Y97.468 E1992.33512
G0 F15000 X106.915 Y97.469
G1 F2909.2 X107.087 Y96.827 E1992.35722
G0 F15000 X107.087 Y97.061
G0 X111.259 Y97.24
G0 X111.259 Y97.468
G1 F2909.2 X113.648 Y96.828 E1992.43948
G0 F15000 X113.299 Y96.827
G1 F2909.2 X113.127 Y97.469 E1992.46159
G0 F15000 X113.127 Y97.24
G0 X114.113 Y97.061
G0 X114.113 Y96.828
G1 F2909.2 X114.753 Y97.468 E1992.49169
G0 F15000 X114.753 Y97.24
G0 X119.339 Y97.24
G0 X119.339 Y97.468
G1 F2909.2 X119.51 Y96.828 E1992.51373
G0 F15000 X119.51 Y97.061
G0 X122.598 Y97.061
G0 X122.598 Y96.828
G1 F2909.2 X123.238 Y97.468 E1992.54383
G0 F15000 X123.238 Y97.24
G0 X124.138 Y97.312
G0 X124.21 Y98.21
G0 X123.98 Y98.21
G1 F2909.2 X124.616 Y98.846 E1992.57375
G0 F15000 X124.389 Y98.846
G0 X124.389 Y100.101
G0 X124.616 Y100.101
G1 F2909.2 X123.981 Y100.271 E1992.59561
G0 F15000 X124.616 Y100.955
G1 F2909.2 X123.98 Y103.329 E1992.67735
G0 F15000 X124.21 Y103.329
G0 X124.389 Y106.313
G0 X124.616 Y106.313
G1 F2909.2 X123.98 Y106.483 E1992.69925
G0 F15000 X123.98 Y106.695
G1 F2909.2 X124.616 Y107.332 E1992.72919
G0 F15000 X124.389 Y107.332
G0 X124.389 Y112.524
G0 X124.616 Y112.524
G1 F2909.2 X123.981 Y112.694 E1992.75105
G0 F15000 X124.21 Y112.694
G0 X124.21 Y115.181
G0 X123.98 Y115.181
G1 F2909.2 X124.616 Y115.817 E1992.78097
G0 F15000 X124.389 Y115.817
G0 X124.389 Y118.736
G0 X124.615 Y118.736
G1 F2909.2 X123.981 Y118.906 E1992.8028
G0 F15000 X124.21 Y118.906
G0 X124.138 Y122.688
G0 X122.842 Y122.76
G0 X122.842 Y122.528
G1 F2909.2 X123.481 Y123.167 E1992.83286
G0 F15000 X123.481 Y122.939
G0 X118.836 Y122.76
G0 X118.836 Y122.528
G1 F2909.2 X118.664 Y123.168 E1992.8549
G0 F15000 X118.664 Y122.939
G0 X114.995 Y122.939
G0 X114.995 Y123.167
G1 F2909.2 X114.357 Y122.528 E1992.88493
G0 F15000 X114.357 Y122.76
G0 X112.624 Y122.76
G0 X112.624 Y122.527
G1 F2909.2 X112.453 Y123.167 E1992.90697
;MESH:NONMESH
G0 F300 Z9
G0 F15000 X112.453 Y122.939
G0 X110 Y122.76
G0 X110 Y122.448
;TIME_ELAPSED:1930.388938
;LAYER:44
;note -- min layer time used
;TYPE:WALL-INNER
;MESH:bno085_case_body.stl
G1 F2918.1 X96.7 Y122.448 E1993.34933
G1 X96.276 Y122.274 E1993.36457
G1 X96.1 Y121.937 E1993.37721
G1 X96.1 Y98.148 E1994.16844
G1 X96.275 Y97.723 E1994.18373
G1 X96.611 Y97.548 E1994.19633
G1 X123.3 Y97.548 E1995.08401
G1 X123.723 Y97.723 E1995.09923
G1 X123.9 Y98.148 E1995.11454
G1 X123.9 Y121.937 E1995.90577
G1 X123.724 Y122.274 E1995.91842
G1 X123.389 Y122.448 E1995.93097
G1 X110 Y122.448 E1996.37629
G0 F15000 X110 Y123.248
G1 F2918.1 X124.28 Y123.248 E1996.85125
G1 X124.564 Y123.136 E1996.8614
G1 X124.665 Y122.996 E1996.86714
G1 X124.696 Y122.839 E1996.87246
G1 X124.692 Y97.086 E1997.72901
G1 X124.636 Y96.948 E1997.73397
G1 X124.482 Y96.8 E1997.74107
G1 X124.318 Y96.752 E1997.74675
G1 X95.716 Y96.749 E1998.69806
G1 X95.565 Y96.783 E1998.70321
G1 X95.4 Y96.899 E1998.70992
G1 X95.301 Y97.169 E1998.71948
G1 X95.304 Y122.853 E1999.57373
G1 X95.371 Y123.056 E1999.58084
G1 X95.462 Y123.162 E1999.58549
G1 X95.649 Y123.247 E1999.59232
G1 X110 Y123.248 E2000.06964
G0 F15000 X110 Y123.648
;TYPE:WALL-OUTER
G1 F2918.1 X124.325 Y123.648 E2000.54609
G1 X124.602 Y123.584 E2000.55555
G1 X124.833 Y123.44 E2000.5646
G1 X125.048 Y123.124 E2000.57731
G1 X125.096 Y122.877 E2000.58568
G1 X125.092 Y97.008 E2001.44609
G1 X124.982 Y96.738 E2001.45578
G1 X124.81 Y96.536 E2001.46461
G1 X124.651 Y96.432 E2001.47093
G1 X124.375 Y96.352 E2001.48048
G1 X95.671 Y96.349 E2002.43518
G1 X95.399 Y96.411 E2002.44446
G1 X95.104 Y96.617 E2002.45643
G1 X94.968 Y96.835 E2002.46498
G1 X94.901 Y97.123 E2002.47481
G1 X94.904 Y122.916 E2003.33269
G1 X95.015 Y123.256 E2003.34458
G1 X95.194 Y123.464 E2003.35371
G1 X95.353 Y123.57 E2003.36007
G1 X95.585 Y123.647 E2003.3682
G1 X110 Y123.648 E2003.84764
G0 F15000 X110 Y122.939
G0 X110 Y122.047
G1 F2918.1 X96.7 Y122.048 E2004.29
G1 X96.558 Y121.99 E2004.2951
G1 X96.502 Y121.883 E2004.29912
G1 X96.5 Y98.148 E2005.08855
G1 X96.558 Y98.006 E2005.09365
G1 X96.665 Y97.95 E2005.09767
G1 X123.3 Y97.948 E2005.98355
G1 X123.441 Y98.006 E2005.98862
G1 X123.5 Y98.148 E2005.99374
G1 X123.498 Y121.883 E2006.78317
G1 X123.442 Y121.99 E2006.78718
G1 X123.335 Y122.046 E2006.7912
G1 X110 Y122.047 E2007.23472
G0 F15000 X110 Y122.76
G0 X111.009 Y122.76
G0 X111.009 Y122.528
;TYPE:FILL
G1 F2918.1 X108.621 Y123.168 E2007.31695
G0 F15000 X108.621 Y122.939
G0 X106.71 Y122.939
G0 X106.71 Y123.167
G1 F2918.1 X106.071 Y122.528 E2007.34701
G1 X106.266 Y122.528
G1 X106.095 Y123.168 E2007.36904
G0 F15000 X106.095 Y122.939
G0 X100.055 Y122.76
G0 X100.055 Y122.528
G1 F2918.1 X99.883 Y123.168 E2007.39108
G0 F15000 X99.883 Y122.939
G0 X98.225 Y122.939
G0 X98.225 Y123.167
G1 F2918.1 X97.586 Y122.528 E2007.42114
G0 F15000 X97.586 Y122.76
G0 X95.862 Y122.688
G0 X95.79 Y120.963
G0 X96.02 Y120.963
G1 F2918.1 X95.384 Y120.326 E2007.45108
G1 X95.385 Y120.503
G1 X96.02 Y120.332 E2007.47295
G0 F15000 X95.79 Y120.332
G0 X95.615 Y116.78
G0 X95.383 Y116.78
G1 F2918.1 X96.02 Y114.403 E2007.5548
G0 F15000 X96.019 Y114.121
G1 F2918.1 X95.384 Y114.291 E2007.57667
G0 F15000 X95.614 Y114.291
G0 X95.79 Y112.477
G0 X96.02 Y112.477
G1 F2918.1 X95.382 Y111.84 E2007.60665
G0 F15000 X95.614 Y111.84
G0 X95.613 Y108.08
G0 X95.382 Y108.08
G1 F2918.1 X96.02 Y107.909 E2007.62862
G0 F15000 X95.79 Y107.909
G0 X95.79 Y103.992
G0 X96.02 Y103.992
G1 F2918.1 X95.382 Y103.354 E2007.65863
G0 F15000 X95.612 Y103.354
G0 X95.612 Y101.869
G0 X95.382 Y101.869
G1 F2918.1 X96.019 Y101.698 E2007.68057
G0 F15000 X95.79 Y101.698
G0 X95.862 Y97.312
G0 X97.982 Y97.24
G0 X97.982 Y97.468
G1 F2918.1 X97.343 Y96.83 E2007.7106
G0 F15000 X97.342 Y97.061
G0 X100.558 Y97.24
G0 X100.558 Y97.468
G1 F2918.1 X100.729 Y96.829 E2007.7326
G0 F15000 X100.728 Y97.061
G0 X105.828 Y97.062
G0 X105.829 Y96.83
G1 F2918.1 X106.467 Y97.468 E2007.76261
G0 F15000 X106.769 Y97.468
G1 F2918.1 X106.941 Y96.83 E2007.78459
G0 F15000 X106.94 Y97.062
G0 X111.803 Y97.24
G0 X111.803 Y97.468
G1 F2918.1 X114.181 Y96.831 E2007.86647
G1 X114.315 Y96.831
G1 X114.952 Y97.468 E2007.89643
G0 F15000 X114.952 Y97.24
G0 X113.151 Y97.063
G0 X113.152 Y96.83
G1 F2918.1 X112.981 Y97.469 E2007.91843
G0 F15000 X112.981 Y97.24
G0 X119.193 Y97.24
G0 X119.193 Y97.468
G1 F2918.1 X119.364 Y96.831 E2007.94037
G0 F15000 X119.363 Y97.064
G0 X122.8 Y97.064
G0 X122.801 Y96.832
G1 F2918.1 X123.55 Y97.581 E2007.9756
G0 F15000 X123.865 Y97.895
G1 F2918.1 X124.613 Y98.644 E2008.01081
G0 F15000 X124.385 Y98.644
G0 X124.385 Y100.248
G0 X124.612 Y100.248
G1 F2918.1 X123.98 Y100.417 E2008.03257
G0 F15000 X124.612 Y100.426
G1 F2918.1 X123.98 Y102.785 E2008.11379
G0 F15000 X124.21 Y102.785
G0 X124.21 Y106.496
G0 X123.98 Y106.496
G1 F2918.1 X124.613 Y107.13 E2008.14359
G0 F15000 X124.613 Y106.459
G1 F2918.1 X123.981 Y106.629 E2008.16536
G0 F15000 X124.21 Y106.629
G0 X124.387 Y112.671
G0 X124.613 Y112.671
G1 F2918.1 X123.981 Y112.84 E2008.18712
G0 F15000 X124.21 Y112.84
G0 X124.21 Y114.981
G0 X123.98 Y114.981
G1 F2918.1 X124.615 Y115.616 E2008.21699
G0 F15000 X124.387 Y115.616
G0 X124.388 Y118.882
G0 X124.615 Y118.882
G1 F2918.1 X123.98 Y119.052 E2008.23885
G0 F15000 X124.21 Y119.052
G0 X124.138 Y122.688
G0 X123.042 Y122.76
G0 X123.042 Y122.528
G1 F2918.1 X123.681 Y123.167 E2008.26891
G0 F15000 X123.681 Y122.939
G0 X118.69 Y122.76
G0 X118.69 Y122.527
G1 F2918.1 X118.518 Y123.169 E2008.29101
G0 F15000 X118.518 Y122.939
G0 X115.195 Y122.939
G0 X115.195 Y123.167
G1 F2918.1 X114.556 Y122.528 E2008.32107
G0 F15000 X114.556 Y122.76
G0 X112.478 Y122.76
G0 X112.478 Y122.528
G1 F2918.1 X112.307 Y123.168 E2008.3431
;MESH:NONMESH
G0 F300 Z9.2
G0 F15000 X112.307 Y122.939
G0 X110 Y122.76
G0 X110 Y122.448
;TIME_ELAPSED:1948.288673
;LAYER:45
;note -- min layer time used
;TYPE:WALL-INNER
;MESH:bno085_case_body.stl
G1 F2915.4 X96.7 Y122.448 E2008.78546
G1 X96.275 Y122.273 E2008.80075
G1 X96.1 Y121.937 E2008.81335
G1 X96.1 Y98.148 E2009.60458
G1 X96.275 Y97.723 E2009.61986
G1 X96.611 Y97.548 E2009.63246
G1 X123.3 Y97.548 E2010.52014
G1 X123.725 Y97.723 E2010.53543
G1 X123.9 Y98.148 E2010.55072
G1 X123.9 Y121.937 E2011.34194
G1 X123.724 Y122.274 E2011.35459
G1 X123.389 Y122.448 E2011.36714
G1 X110 Y122.448 E2011.81246
G0 F15000 X110 Y123.248
G1 F2915.4 X124.273 Y123.248 E2012.28719
G1 X124.479 Y123.195 E2012.29426
G1 X124.647 Y123.021 E2012.3023
G1 X124.695 Y122.823 E2012.30908
G1 X124.696 Y97.176 E2013.1621
G1 X124.646 Y96.969 E2013.16919
G1 X124.547 Y96.84 E2013.17459
G1 X124.334 Y96.752 E2013.18226
G1 X95.63 Y96.749 E2014.13696
G1 X95.431 Y96.866 E2014.14464
G1 X95.3 Y97.093 E2014.15335
G1 X95.3 Y122.819 E2015.009
G1 X95.348 Y123.012 E2015.01562
G1 X95.437 Y123.135 E2015.02067
G1 X95.706 Y123.248 E2015.03037
G1 X110 Y123.248 E2015.50579
G0 F15000 X110 Y123.648
;TYPE:WALL-OUTER
G1 F2915.4 X124.323 Y123.648 E2015.98218
G1 X124.645 Y123.566 E2015.99323
G1 X124.832 Y123.44 E2016.00073
G1 X125.015 Y123.196 E2016.01087
G1 X125.095 Y122.871 E2016.02201
G1 X125.096 Y97.128 E2016.87822
G1 X125.018 Y96.806 E2016.88924
G1 X124.785 Y96.515 E2016.90164
G1 X124.571 Y96.397 E2016.90977
G1 X124.38 Y96.352 E2016.91629
G1 X95.672 Y96.349 E2017.87113
G1 X95.442 Y96.394 E2017.87892
G1 X95.163 Y96.561 E2017.88974
G1 X94.996 Y96.773 E2017.89871
G1 X94.9 Y97.018 E2017.90746
G1 X94.9 Y122.867 E2018.76721
G1 X94.978 Y123.182 E2018.778
G1 X95.159 Y123.434 E2018.78832
G1 X95.427 Y123.599 E2018.79879
G1 X95.665 Y123.648 E2018.80687
G1 X110 Y123.648 E2019.28365
G0 F15000 X110 Y122.939
G0 X110 Y122.047
G1 F2915.4 X96.7 Y122.048 E2019.72601
G1 X96.558 Y121.99 E2019.73111
G1 X96.502 Y121.883 E2019.73513
G1 X96.5 Y98.148 E2020.52456
G1 X96.558 Y98.006 E2020.52966
G1 X96.665 Y97.95 E2020.53368
G1 X123.3 Y97.948 E2021.41956
G1 X123.442 Y98.006 E2021.42466
G1 X123.5 Y98.148 E2021.42977
G1 X123.498 Y121.883 E2022.21919
G1 X123.442 Y121.99 E2022.22321
G1 X123.335 Y122.046 E2022.22723
G1 X110 Y122.047 E2022.67075
G0 F15000 X110 Y122.76
G0 X109.168 Y122.939
G0 X109.168 Y123.168
;TYPE:FILL
G1 F2915.4 X111.558 Y122.528 E2022.75304
G0 F15000 X112.331 Y122.527
G1 F2915.4 X112.159 Y123.169 E2022.77515
G0 F15000 X112.159 Y122.939
G0 X114.757 Y122.76
G0 X114.757 Y122.528
G1 F2915.4 X115.396 Y123.167 E2022.80521
G0 F15000 X115.396 Y122.939
G0 X118.371 Y122.939
G0 X118.371 Y123.169
G1 F2915.4 X118.543 Y122.527 E2022.82731
G0 F15000 X118.543 Y122.76
G0 X123.242 Y122.76
G0 X123.242 Y122.528
G1 F2915.4 X123.882 Y123.167 E2022.85739
G0 F15000 X123.882 Y122.939
G0 X124.112 Y122.713
G0 X124.21 Y119.199
G0 X123.981 Y119.199
G1 F2915.4 X124.615 Y119.029 E2022.87923
G0 F15000 X124.389 Y119.029
G0 X124.389 Y115.416
G0 X124.616 Y115.416
G1 F2915.4 X123.98 Y114.78 E2022.90914
G0 F15000 X124.21 Y114.78
G0 X124.21 Y112.987
G0 X123.981 Y112.987
G1 F2915.4 X124.615 Y112.817 E2022.93097
G0 F15000 X124.389 Y112.817
G0 X124.389 Y106.932
G0 X124.616 Y106.932
G1 F2915.4 X123.98 Y106.295 E2022.96091
G0 F15000 X123.98 Y106.776
G1 F2915.4 X124.615 Y106.606 E2022.98278
G0 F15000 X124.389 Y106.606
G0 X124.21 Y102.236
G0 X123.98 Y102.236
G1 F2915.4 X124.616 Y99.862 E2023.06452
G0 F15000 X124.615 Y100.394
G1 F2915.4 X123.98 Y100.564 E2023.08638
G0 F15000 X124.21 Y100.564
G0 X124.389 Y98.446
G0 X124.616 Y98.446
G1 F2915.4 X123.002 Y96.832 E2023.1623
G0 F15000 X123.001 Y97.064
G0 X119.216 Y97.064
G0 X119.217 Y96.831
G1 F2915.4 X119.046 Y97.468 E2023.18424
G0 F15000 X119.046 Y97.24
G0 X115.153 Y97.24
G0 X115.153 Y97.468
G1 F2915.4 X114.516 Y96.831 E2023.2142
G0 F15000 X114.731 Y96.831
G1 F2915.4 X112.352 Y97.468 E2023.29611
G0 F15000 X112.834 Y97.469
G1 F2915.4 X113.005 Y96.83 E2023.31811
G0 F15000 X113.004 Y97.063
G0 X106.793 Y97.062
G0 X106.794 Y96.83
G1 F2915.4 X106.622 Y97.469 E2023.34012
G1 X106.668 Y97.468
G1 X106.03 Y96.83 E2023.37013
G0 F15000 X106.029 Y97.062
G0 X100.581 Y97.061
G0 X100.582 Y96.83
G1 F2915.4 X100.411 Y97.468 E2023.3921
G0 F15000 X100.411 Y97.24
G0 X98.182 Y97.24
G0 X98.182 Y97.468
G1 F2915.4 X97.544 Y96.83 E2023.42211
G0 F15000 X97.543 Y97.061
G0 X95.862 Y97.312
G0 X95.79 Y101.845
G0 X96.019 Y101.845
G1 F2915.4 X95.381 Y102.016 E2023.44408
G0 F15000 X95.611 Y102.016
G0 X95.611 Y103.151
G0 X95.38 Y103.151
G1 F2915.4 X96.02 Y103.791 E2023.47419
G0 F15000 X95.79 Y103.791
G0 X95.79 Y108.056
G0 X96.02 Y108.056
G1 F2915.4 X95.38 Y108.228 E2023.49623
G0 F15000 X95.611 Y108.228
G0 X95.611 Y111.636
G0 X95.38 Y111.636
G1 F2915.4 X96.02 Y112.277 E2023.52635
G0 F15000 X95.79 Y112.277
G0 X95.79 Y113.854
G0 X96.02 Y113.854
G1 F2915.4 X95.38 Y116.242 E2023.60858
G0 F15000 X95.611 Y116.242
G0 X95.611 Y114.439
G0 X95.38 Y114.439
G1 F2915.4 X96.019 Y114.268 E2023.63058
G0 F15000 X95.79 Y114.268
G0 X95.611 Y120.121
G0 X95.38 Y120.121
G1 F2915.4 X96.02 Y120.762 E2023.66071
G0 F15000 X96.02 Y120.479
G1 F2915.4 X95.38 Y120.651 E2023.68275
G0 F15000 X95.611 Y120.651
G0 X95.862 Y122.688
G0 X97.787 Y122.76
G0 X97.787 Y122.528
G1 F2915.4 X98.426 Y123.167 E2023.71281
G0 F15000 X98.426 Y122.939
G0 X99.736 Y122.939
G0 X99.736 Y123.168
G1 F2915.4 X99.908 Y122.528 E2023.73485
G0 F15000 X99.908 Y122.76
G0 X105.948 Y122.939
G0 X105.948 Y123.169
G1 F2915.4 X106.119 Y122.528 E2023.75692
G1 X106.272 Y122.528
G1 X106.911 Y123.167 E2023.78697
;MESH:NONMESH
G0 F300 Z9.4
G0 F15000 X106.911 Y122.939
G0 X110 Y122.76
G0 X110 Y122.448
;TIME_ELAPSED:1966.035660
;LAYER:46
;note -- min layer time used
;TYPE:WALL-INNER
;MESH:bno085_case_body.stl
G1 F2923.9 X96.7 Y122.448 E2024.22933
G1 X96.275 Y122.273 E2024.24462
G1 X96.1 Y121.937 E2024.25722
G1 X96.1 Y98.148 E2025.04845
G1 X96.275 Y97.723 E2025.06373
G1 X96.611 Y97.548 E2025.07633
G1 X123.3 Y97.548 E2025.96401
G1 X123.724 Y97.722 E2025.97926
G1 X123.9 Y98.148 E2025.99459
G1 X123.9 Y121.937 E2026.78581
G1 X123.724 Y122.274 E2026.79846
G1 X123.389 Y122.448 E2026.81101
G1 X110 Y122.448 E2027.25633
G0 F15000 X110 Y123.248
G1 F2923.9 X124.273 Y123.248 E2027.73105
G1 X124.477 Y123.196 E2027.73806
G1 X124.625 Y123.063 E2027.74467
G1 X124.696 Y122.858 E2027.75189
G1 X124.696 Y97.108 E2028.60834
G1 X124.543 Y96.838 E2028.61866
G1 X124.356 Y96.748 E2028.62556
G1 X95.658 Y96.748 E2029.58006
G1 X95.387 Y96.905 E2029.59048
G1 X95.3 Y97.094 E2029.5974
G1 X95.3 Y122.933 E2030.45681
G1 X95.416 Y123.125 E2030.46427
G1 X95.546 Y123.21 E2030.46943
G1 X95.712 Y123.248 E2030.4751
G1 X110 Y123.248 E2030.95032
G0 F15000 X110 Y123.648
;TYPE:WALL-OUTER
G1 F2923.9 X124.323 Y123.648 E2031.4267
G1 X124.644 Y123.566 E2031.43772
G1 X124.832 Y123.438 E2031.44529
G1 X124.979 Y123.263 E2031.45289
G1 X125.096 Y122.926 E2031.46476
G1 X125.096 Y97.044 E2032.32559
G1 X125.019 Y96.813 E2032.33369
G1 X124.831 Y96.554 E2032.34434
G1 X124.712 Y96.464 E2032.3493
G1 X124.332 Y96.348 E2032.36251
G1 X95.593 Y96.348 E2033.31838
G1 X95.365 Y96.424 E2033.32637
G1 X95.1 Y96.619 E2033.33731
G1 X94.9 Y97.007 E2033.35183
G1 X94.9 Y122.873 E2034.21214
G1 X94.944 Y123.109 E2034.22012
G1 X95.152 Y123.431 E2034.23287
G1 X95.388 Y123.584 E2034.24223
G1 X95.667 Y123.648 E2034.25175
G1 X110 Y123.648 E2034.72847
G0 F15000 X110 Y122.939
G0 X110 Y122.047
G1 F2923.9 X96.7 Y122.048 E2035.17083
G1 X96.558 Y121.99 E2035.17593
G1 X96.502 Y121.883 E2035.17994
G1 X96.5 Y98.148 E2035.96937
G1 X96.558 Y98.006 E2035.97448
G1 X96.665 Y97.95 E2035.97849
G1 X123.3 Y97.948 E2036.86438
G1 X123.442 Y98.006 E2036.86948
G1 X123.5 Y98.148 E2036.87458
G1 X123.498 Y121.883 E2037.66401
G1 X123.442 Y121.99 E2037.66803
G1 X123.335 Y122.046 E2037.67204
G1 X110 Y122.047 E2038.11557
G0 F15000 X110 Y122.76
G0 X109.714 Y122.939
G0 X109.714 Y123.168
;TYPE:FILL
G1 F2923.9 X112.102 Y122.528 E2038.19779
G1 X112.185 Y122.528
G1 X112.014 Y123.168 E2038.21983
G0 F15000 X112.014 Y122.939
G0 X114.956 Y122.76
G0 X114.956 Y122.528
G1 F2923.9 X115.596 Y123.168 E2038.24993
G0 F15000 X115.596 Y122.939
G0 X118.225 Y122.939
G0 X118.225 Y123.169
G1 F2923.9 X118.397 Y122.527 E2038.27204
G0 F15000 X118.397 Y122.76
G0 X123.423 Y122.76
G0 X123.423 Y122.51
G1 F2923.9 X124.082 Y123.168 E2038.30301
G0 F15000 X124.458 Y123.088
G1 F2923.9 X124.616 Y122.501 E2038.32323
G0 F15000 X124.389 Y122.501
G0 X124.21 Y119.345
G0 X123.98 Y119.345
G1 F2923.9 X124.615 Y119.175 E2038.34509
G0 F15000 X124.389 Y119.175
G0 X124.389 Y115.217
G0 X124.616 Y115.217
G1 F2923.9 X123.98 Y114.581 E2038.37501
G0 F15000 X124.21 Y114.581
G0 X124.21 Y113.133
G0 X123.981 Y113.133
G1 F2923.9 X124.615 Y112.963 E2038.39684
G0 F15000 X124.389 Y112.963
G0 X124.21 Y106.922
G0 X123.981 Y106.922
G1 F2923.9 X124.616 Y106.752 E2038.4187
G1 X124.616 Y106.732
G1 X123.98 Y106.096 E2038.44862
G0 F15000 X124.21 Y106.096
G0 X124.21 Y101.69
G0 X123.98 Y101.69
G1 F2923.9 X124.616 Y99.317 E2038.53033
G0 F15000 X124.389 Y99.317
G0 X124.389 Y98.247
G0 X124.616 Y98.247
G1 F2923.9 X123.198 Y96.828 E2038.59705
G0 F15000 X123.198 Y97.061
G0 X124.138 Y97.312
G0 X124.21 Y100.71
G0 X123.98 Y100.71
G1 F2923.9 X124.616 Y100.54 E2038.61895
G0 F15000 X124.389 Y100.54
G0 X124.138 Y97.312
G0 X118.9 Y97.24
G0 X118.9 Y97.469
G1 F2923.9 X119.072 Y96.827 E2038.64106
G0 F15000 X119.072 Y97.061
G0 X115.352 Y97.24
G0 X115.352 Y97.468
G1 F2923.9 X114.713 Y96.828 E2038.67114
G0 F15000 X115.287 Y96.828
G1 F2923.9 X112.897 Y97.468 E2038.75343
G0 F15000 X112.688 Y97.469
G1 F2923.9 X112.86 Y96.828 E2038.7755
G0 F15000 X112.86 Y97.061
G0 X106.867 Y97.24
G0 X106.867 Y97.468
G1 F2923.9 X106.227 Y96.828 E2038.80561
G0 F15000 X106.648 Y96.828
G1 F2923.9 X106.476 Y97.468 E2038.82765
G0 F15000 X106.476 Y97.24
G0 X100.437 Y97.061
G0 X100.437 Y96.827
G1 F2923.9 X100.265 Y97.469 E2038.84975
G0 F15000 X100.265 Y97.24
G0 X98.382 Y97.24
G0 X98.382 Y97.468
G1 F2923.9 X97.742 Y96.828 E2038.87986
G0 F15000 X97.742 Y97.061
G0 X95.862 Y97.312
G0 X95.79 Y101.991
G0 X96.019 Y101.991
G1 F2923.9 X95.385 Y102.161 E2038.90169
G0 F15000 X95.384 Y102.955
G1 F2923.9 X96.02 Y103.592 E2038.93163
G0 F15000 X95.79 Y103.592
G0 X95.79 Y108.202
G0 X96.02 Y108.202
G1 F2923.9 X95.384 Y108.373 E2038.95353
G0 F15000 X95.611 Y108.373
G0 X95.611 Y111.439
G0 X95.382 Y111.439
G1 F2923.9 X96.02 Y112.077 E2038.98354
G0 F15000 X95.79 Y112.077
G0 X95.79 Y113.31
G0 X96.02 Y113.31
G1 F2923.9 X95.382 Y115.691 E2039.06553
G0 F15000 X95.611 Y115.691
G0 X95.611 Y114.585
G0 X95.383 Y114.585
G1 F2923.9 X96.019 Y114.414 E2039.08743
G0 F15000 X95.79 Y114.414
G0 X95.611 Y119.922
G0 X95.38 Y119.922
G1 F2923.9 X96.02 Y120.562 E2039.11754
G1 X96.02 Y120.625
G1 X95.381 Y120.797 E2039.13955
G0 F15000 X95.611 Y120.797
G0 X95.862 Y122.688
G0 X97.986 Y122.76
G0 X97.986 Y122.528
G1 F2923.9 X98.626 Y123.168 E2039.16965
G0 F15000 X99.59 Y123.169
G1 F2923.9 X99.762 Y122.527 E2039.19176
G0 F15000 X99.762 Y122.76
G0 X105.802 Y122.939
G0 X105.802 Y123.168
G1 F2923.9 X105.973 Y122.528 E2039.21379
G0 F15000 X106.471 Y122.528
G1 F2923.9 X107.111 Y123.168 E2039.24389
;MESH:NONMESH
G0 F300 Z9.6
G0 F15000 X107.111 Y122.939
G0 X110 Y122.76
G0 X110 Y122.448
;TIME_ELAPSED:1983.886478
;LAYER:47
;note -- min layer time used
;TYPE:WALL-INNER
;MESH:bno085_case_body.stl
G1 F2928.7 X96.7 Y122.448 E2039.68625
G1 X96.275 Y122.273 E2039.70154
G1 X96.1 Y121.937 E2039.71414
G1 X96.1 Y98.148 E2040.50537
G1 X96.275 Y97.723 E2040.52065
G1 X96.611 Y97.548 E2040.53325
G1 X123.3 Y97.548 E2041.42093
G1 X123.724 Y97.722 E2041.43618
G1 X123.9 Y98.148 E2041.45151
G1 X123.9 Y121.937 E2042.24273
G1 X123.724 Y122.274 E2042.25538
G1 X123.389 Y122.448 E2042.26793
G1 X110 Y122.448 E2042.71325
G0 F15000 X110 Y123.248
G1 F2928.7 X124.287 Y123.248 E2043.18844
G1 X124.504 Y123.183 E2043.19598
G1 X124.646 Y123.036 E2043.20277
G1 X124.696 Y122.872 E2043.20848
G1 X124.696 Y97.072 E2044.06659
G1 X124.572 Y96.863 E2044.07467
G1 X124.334 Y96.748 E2044.08346
G1 X95.714 Y96.748 E2045.03537
G1 X95.424 Y96.863 E2045.04574
G1 X95.3 Y97.113 E2045.05502
G1 X95.3 Y122.908 E2045.91297
G1 X95.424 Y123.123 E2045.92122
G1 X95.553 Y123.215 E2045.92649
G1 X95.707 Y123.248 E2045.93173
G1 X110 Y123.248 E2046.40712
G0 F15000 X110 Y123.648
;TYPE:WALL-OUTER
G1 F2928.7 X124.327 Y123.648 E2046.88364
G1 X124.573 Y123.597 E2046.89199
G1 X124.736 Y123.514 E2046.89808
G1 X124.992 Y123.274 E2046.90975
G1 X125.096 Y122.93 E2046.9217
G1 X125.096 Y97.123 E2047.78005
G1 X125.05 Y96.884 E2047.78814
G1 X124.886 Y96.608 E2047.79882
G1 X124.566 Y96.396 E2047.81159
G1 X124.386 Y96.348 E2047.81778
G1 X95.673 Y96.348 E2048.77278
G1 X95.429 Y96.399 E2048.78107
G1 X95.112 Y96.605 E2048.79365
G1 X94.947 Y96.883 E2048.8044
G1 X94.9 Y97.062 E2048.81055
G1 X94.9 Y122.872 E2049.669
G1 X94.932 Y123.072 E2049.67573
G1 X95.112 Y123.385 E2049.68774
G1 X95.422 Y123.597 E2049.70023
G1 X95.665 Y123.648 E2049.70849
G1 X110 Y123.648 E2050.18528
G0 F15000 X110 Y122.939
G0 X110 Y122.047
G1 F2928.7 X96.7 Y122.048 E2050.62764
G1 X96.558 Y121.99 E2050.63274
G1 X96.502 Y121.883 E2050.63675
G1 X96.5 Y98.148 E2051.42618
G1 X96.558 Y98.006 E2051.43129
G1 X96.665 Y97.95 E2051.4353
G1 X123.3 Y97.948 E2052.32119
G1 X123.442 Y98.006 E2052.32629
G1 X123.5 Y98.148 E2052.33139
G1 X123.498 Y121.883 E2053.12082
G1 X123.442 Y121.99 E2053.12484
G1 X123.335 Y122.046 E2053.12885
G1 X110 Y122.047 E2053.57238
G0 F15000 X110 Y122.76
G0 X110.262 Y122.939
G0 X110.262 Y123.168
;TYPE:FILL
G1 F2928.7 X112.651 Y122.528 E2053.65464
G0 F15000 X112.038 Y122.528
G1 F2928.7 X111.866 Y123.169 E2053.67671
G0 F15000 X111.866 Y122.939
G0 X115.157 Y122.76
G0 X115.157 Y122.528
G1 F2928.7 X115.797 Y123.167 E2053.70679
G0 F15000 X115.797 Y122.939
G0 X118.078 Y122.939
G0 X118.078 Y123.169
G1 F2928.7 X118.25 Y122.527 E2053.7289
G0 F15000 X118.25 Y122.76
G0 X123.556 Y122.76
G0 X123.556 Y122.441
G1 F2928.7 X124.282 Y123.167 E2053.76305
G1 X124.29 Y123.168
G1 X124.616 Y121.952 E2053.80492
G0 F15000 X124.389 Y121.952
G0 X124.21 Y119.492
G0 X123.98 Y119.492
G1 F2928.7 X124.615 Y119.322 E2053.82678
G0 F15000 X124.389 Y119.322
G0 X124.389 Y115.017
G0 X124.616 Y115.017
G1 F2928.7 X123.98 Y114.38 E2053.85672
G0 F15000 X124.21 Y114.38
G0 X124.21 Y113.28
G0 X123.981 Y113.28
G1 F2928.7 X124.615 Y113.11 E2053.87855
G0 F15000 X124.389 Y113.11
G0 X124.21 Y107.069
G0 X123.981 Y107.069
G1 F2928.7 X124.616 Y106.899 E2053.90042
G0 F15000 X124.616 Y106.531
G1 F2928.7 X123.98 Y105.895 E2053.93033
G0 F15000 X124.21 Y105.895
G0 X124.21 Y101.142
G0 X123.98 Y101.142
G1 F2928.7 X124.616 Y98.768 E2054.01208
G0 F15000 X124.616 Y98.046
G1 F2928.7 X123.398 Y96.828 E2054.06937
G0 F15000 X123.398 Y97.061
G0 X124.138 Y97.312
G0 X124.389 Y100.687
G0 X124.616 Y100.687
G1 F2928.7 X123.98 Y100.857 E2054.09126
G0 F15000 X124.21 Y100.857
G0 X124.138 Y97.312
G0 X118.753 Y97.24
G0 X118.753 Y97.469
G1 F2928.7 X118.924 Y96.828 E2054.11333
G0 F15000 X118.924 Y97.061
G0 X115.834 Y97.061
G0 X115.834 Y96.828
G1 F2928.7 X113.445 Y97.468 E2054.19559
G0 F15000 X112.541 Y97.469
G1 F2928.7 X112.713 Y96.828 E2054.21766
G0 F15000 X112.713 Y97.061
G0 X114.913 Y97.061
G0 X114.913 Y96.828
G1 F2928.7 X115.553 Y97.468 E2054.24777
G0 F15000 X115.553 Y97.24
G0 X107.068 Y97.24
G0 X107.068 Y97.468
G1 F2928.7 X106.427 Y96.828 E2054.27789
G1 X106.501 Y96.828
G1 X106.329 Y97.468 E2054.29994
G0 F15000 X106.329 Y97.24
G0 X100.289 Y97.061
G0 X100.289 Y96.828
G1 F2928.7 X100.118 Y97.469 E2054.322
G0 F15000 X100.118 Y97.24
G0 X98.583 Y97.24
G0 X98.583 Y97.468
G1 F2928.7 X97.942 Y96.828 E2054.35213
G0 F15000 X97.942 Y97.061
G0 X95.862 Y97.312
G0 X95.79 Y102.138
G0 X96.019 Y102.138
G1 F2928.7 X95.38 Y102.309 E2054.37413
G0 F15000 X95.38 Y102.75
G1 F2928.7 X96.02 Y103.391 E2054.40426
G0 F15000 X95.79 Y103.391
G0 X95.79 Y108.349
G0 X96.02 Y108.349
G1 F2928.7 X95.38 Y108.521 E2054.4263
G0 F15000 X95.611 Y108.521
G0 X95.611 Y111.236
G0 X95.38 Y111.236
G1 F2928.7 X96.02 Y111.876 E2054.4564
G0 F15000 X96.02 Y112.761
G1 F2928.7 X95.381 Y115.148 E2054.53859
G0 F15000 X95.38 Y114.732
G1 F2928.7 X96.019 Y114.561 E2054.56059
G0 F15000 X95.79 Y114.561
G0 X95.611 Y119.721
G0 X95.38 Y119.721
G1 F2928.7 X96.02 Y120.362 E2054.59072
G0 F15000 X96.02 Y120.772
G1 F2928.7 X95.381 Y120.944 E2054.61273
G0 F15000 X95.611 Y120.944
G0 X95.862 Y122.688
G0 X98.187 Y122.76
G0 X98.187 Y122.528
G1 F2928.7 X98.826 Y123.167 E2054.64278
G0 F15000 X99.443 Y123.169
G1 F2928.7 X99.615 Y122.527 E2054.66489
G0 F15000 X99.615 Y122.76
G0 X105.655 Y122.939
G0 X105.655 Y123.168
G1 F2928.7 X105.826 Y122.528 E2054.68692
G0 F15000 X106.672 Y122.528
G1 F2928.7 X107.311 Y123.167 E2054.71698
;MESH:NONMESH
G0 F300 Z9.8
G0 F15000 X107.311 Y122.939
G0 X110 Y122.76
G0 X110 Y122.448
;TIME_ELAPSED:2001.738343
;LAYER:48
;note -- min layer time used
;TYPE:WALL-INNER
;MESH:bno085_case_body.stl
G1 F2918.6 X96.7 Y122.448 E2055.15934
G1 X96.275 Y122.273 E2055.17463
G1 X96.1 Y121.937 E2055.18723
G1 X96.1 Y98.148 E2055.97845
G1 X96.275 Y97.723 E2055.99374
G1 X96.611 Y97.548 E2056.00634
G1 X123.3 Y97.548 E2056.89402
G1 X123.724 Y97.722 E2056.90926
G1 X123.9 Y98.148 E2056.92459
G1 X123.9 Y121.937 E2057.71582
G1 X123.724 Y122.274 E2057.72846
G1 X123.389 Y122.448 E2057.74102
G1 X110 Y122.448 E2058.18634
G0 F15000 X110 Y123.248
G1 F2918.6 X124.381 Y123.248 E2058.66465
G1 X124.623 Y123.063 E2058.67478
G1 X124.696 Y122.857 E2058.68205
G1 X124.696 Y97.108 E2059.53847
G1 X124.558 Y96.863 E2059.54782
G1 X124.334 Y96.748 E2059.5562
G1 X95.638 Y96.748 E2060.51063
G1 X95.447 Y96.842 E2060.51771
G1 X95.301 Y97.068 E2060.52666
G1 X95.3 Y122.825 E2061.38334
G1 X95.337 Y122.986 E2061.38883
G1 X95.441 Y123.137 E2061.39493
G1 X95.71 Y123.248 E2061.40461
G1 X110 Y123.248 E2061.8799
G0 F15000 X110 Y123.648
;TYPE:WALL-OUTER
G1 F2918.6 X124.328 Y123.648 E2062.35645
G1 X124.559 Y123.602 E2062.36428
G1 X124.834 Y123.438 E2062.37493
G1 X124.978 Y123.261 E2062.38252
G1 X125.096 Y122.925 E2062.39437
G1 X125.096 Y97.044 E2063.25517
G1 X125.02 Y96.813 E2063.26326
G1 X124.834 Y96.563 E2063.27362
G1 X124.56 Y96.394 E2063.28433
G1 X124.386 Y96.348 E2063.29032
G1 X95.674 Y96.348 E2064.24528
G1 X95.471 Y96.384 E2064.25214
G1 X95.157 Y96.539 E2064.26379
G1 X94.943 Y96.887 E2064.27737
G1 X94.901 Y97.061 E2064.28333
G1 X94.9 Y122.869 E2065.14171
G1 X94.963 Y123.15 E2065.15128
G1 X95.161 Y123.435 E2065.16283
G1 X95.431 Y123.599 E2065.17333
G1 X95.669 Y123.648 E2065.18142
G1 X110 Y123.648 E2065.65807
G0 F15000 X110 Y122.939
G0 X110 Y122.047
G1 F2918.6 X96.7 Y122.048 E2066.10043
G1 X96.558 Y121.99 E2066.10553
G1 X96.502 Y121.883 E2066.10954
G1 X96.5 Y98.148 E2066.89897
G1 X96.558 Y98.006 E2066.90408
G1 X96.665 Y97.95 E2066.90809
G1 X123.3 Y97.948 E2067.79398
G1 X123.442 Y98.006 E2067.79908
G1 X123.5 Y98.148 E2067.80418
G1 X123.498 Y121.883 E2068.59361
G1 X123.442 Y121.99 E2068.59763
G1 X123.335 Y122.046 E2068.60164
G1 X110 Y122.047 E2069.04517
G0 F15000 X110 Y122.76
G0 X110.806 Y122.939
G0 X110.806 Y123.168
;TYPE:FILL
G1 F2918.6 X113.196 Y122.528 E2069.12746
G0 F15000 X113.196 Y122.76
G0 X111.892 Y122.76
G0 X111.892 Y122.528
G1 F2918.6 X111.72 Y123.168 E2069.1495
G0 F15000 X111.72 Y122.939
G0 X115.357 Y122.76
G0 X115.357 Y122.528
G1 F2918.6 X115.997 Y123.168 E2069.1796
G0 F15000 X115.997 Y122.939
G0 X117.932 Y122.939
G0 X117.932 Y123.168
G1 F2918.6 X118.104 Y122.528 E2069.20165
G0 F15000 X118.104 Y122.76
G0 X123.687 Y122.76
G0 X123.687 Y122.373
G1 F2918.6 X124.431 Y123.117 E2069.23664
G0 F15000 X124.144 Y123.168
G1 F2918.6 X124.616 Y121.407 E2069.29728
G0 F15000 X124.389 Y121.407
G0 X124.21 Y119.638
G0 X123.98 Y119.638
G1 F2918.6 X124.615 Y119.468 E2069.31914
G0 F15000 X124.389 Y119.468
G0 X124.389 Y114.817
G0 X124.616 Y114.817
G1 F2918.6 X123.98 Y114.181 E2069.34906
G0 F15000 X123.98 Y113.426
G1 F2918.6 X124.615 Y113.256 E2069.37092
G0 F15000 X124.389 Y113.256
G0 X124.21 Y107.215
G0 X123.981 Y107.215
G1 F2918.6 X124.615 Y107.045 E2069.39276
G0 F15000 X124.616 Y106.332
G1 F2918.6 X123.98 Y105.695 E2069.42269
G0 F15000 X124.21 Y105.695
G0 X124.21 Y101.003
G0 X123.981 Y101.003
G1 F2918.6 X124.616 Y100.833 E2069.44456
G0 F15000 X123.98 Y100.597
G1 F2918.6 X124.616 Y98.224 E2069.52627
G0 F15000 X124.616 Y97.847
G1 F2918.6 X123.598 Y96.828 E2069.57418
G0 F15000 X123.598 Y97.061
G0 X118.778 Y97.061
G0 X118.778 Y96.827
G1 F2918.6 X118.607 Y97.469 E2069.59627
G0 F15000 X118.607 Y97.24
G0 X116.381 Y97.061
G0 X116.381 Y96.828
G1 F2918.6 X113.991 Y97.468 E2069.67857
G0 F15000 X113.991 Y97.24
G0 X115.113 Y97.061
G0 X115.113 Y96.828
G1 F2918.6 X115.753 Y97.468 E2069.70867
G0 F15000 X115.753 Y97.24
G0 X112.567 Y97.061
G0 X112.567 Y96.828
G1 F2918.6 X112.395 Y97.469 E2069.73074
G0 F15000 X112.395 Y97.24
G0 X107.267 Y97.24
G0 X107.267 Y97.468
G1 F2918.6 X106.627 Y96.828 E2069.76085
G0 F15000 X106.355 Y96.828
G1 F2918.6 X106.183 Y97.468 E2069.78289
G0 F15000 X106.183 Y97.24
G0 X100.144 Y97.061
G0 X100.144 Y96.827
G1 F2918.6 X99.972 Y97.469 E2069.805
G0 F15000 X99.972 Y97.24
G0 X98.782 Y97.24
G0 X98.782 Y97.468
G1 F2918.6 X98.142 Y96.828 E2069.8351
G0 F15000 X98.142 Y97.061
G0 X95.862 Y97.312
G0 X95.79 Y102.283
G0 X96.02 Y102.283
G1 F2918.6 X95.384 Y102.454 E2069.857
G1 X95.383 Y102.555
G1 X96.02 Y103.192 E2069.88697
G0 F15000 X95.79 Y103.192
G0 X95.79 Y108.495
G0 X96.019 Y108.495
G1 F2918.6 X95.383 Y108.666 E2069.90887
G0 F15000 X95.611 Y108.666
G0 X95.611 Y111.038
G0 X95.382 Y111.038
G1 F2918.6 X96.02 Y111.677 E2069.9389
G0 F15000 X96.02 Y112.216
G1 F2918.6 X95.381 Y114.6 E2070.021
G0 F15000 X95.382 Y114.878
G1 F2918.6 X96.02 Y114.707 E2070.04296
G0 F15000 X95.79 Y114.707
G0 X95.611 Y119.522
G0 X95.38 Y119.522
G1 F2918.6 X96.02 Y120.162 E2070.07307
G0 F15000 X96.02 Y120.918
G1 F2918.6 X95.381 Y121.09 E2070.09508
G0 F15000 X95.611 Y121.09
G0 X95.862 Y122.688
G0 X98.386 Y122.76
G0 X98.386 Y122.528
G1 F2918.6 X99.026 Y123.168 E2070.12518
G0 F15000 X99.297 Y123.168
G1 F2918.6 X99.469 Y122.527 E2070.14726
G0 F15000 X99.469 Y122.76
G0 X105.509 Y122.939
G0 X105.509 Y123.169
G1 F2918.6 X105.681 Y122.527 E2070.16936
G0 F15000 X105.681 Y122.76
G0 X106.871 Y122.76
G0 X106.871 Y122.528
G1 F2918.6 X107.511 Y123.168 E2070.19947
;MESH:NONMESH
G0 F300 Z10
G0 F15000 X107.511 Y122.939
G0 X110 Y122.76
G0 X110 Y122.448
;TIME_ELAPSED:2019.364548
;LAYER:49
;note -- min layer time used
;TYPE:WALL-INNER
;MESH:bno085_case_body.stl
G1 F2925.1 X96.7 Y122.448 E2070.64183
G1 X96.275 Y122.273 E2070.65711
G1 X96.1 Y121.937 E2070.66971
G1 X96.1 Y98.148 E2071.46094
G1 X96.275 Y97.723 E2071.47622
G1 X96.611 Y97.548 E2071.48883
G1 X123.3 Y97.548 E2072.3765
G1 X123.724 Y97.722 E2072.39175
G1 X123.9 Y98.148 E2072.40708
G1 X123.9 Y121.937 E2073.1983
G1 X123.724 Y122.274 E2073.21095
G1 X123.389 Y122.448 E2073.2235
G1 X110 Y122.448 E2073.66882
G0 F15000 X110 Y123.248
G1 F2925.1 X124.372 Y123.248 E2074.14684
G1 X124.56 Y123.133 E2074.15417
G1 X124.658 Y123.005 E2074.15953
G1 X124.696 Y122.875 E2074.16404
G1 X124.696 Y97.071 E2075.02228
G1 X124.586 Y96.89 E2075.02933
G1 X124.348 Y96.748 E2075.03854
G1 X95.635 Y96.748 E2075.99354
G1 X95.426 Y96.859 E2076.00141
G1 X95.328 Y97.024 E2076.0078
G1 X95.3 Y97.161 E2076.01245
G1 X95.3 Y122.908 E2076.86879
G1 X95.415 Y123.111 E2076.87655
G1 X95.648 Y123.248 E2076.88554
G1 X110 Y123.248 E2077.36289
G0 F15000 X110 Y123.648
;TYPE:WALL-OUTER
G1 F2925.1 X124.328 Y123.648 E2077.83945
G1 X124.558 Y123.602 E2077.84725
G1 X124.832 Y123.436 E2077.8579
G1 X125.022 Y123.188 E2077.86829
G1 X125.096 Y122.931 E2077.87719
G1 X125.096 Y97.122 E2078.7356
G1 X125.053 Y96.889 E2078.74348
G1 X124.888 Y96.617 E2078.75406
G1 X124.632 Y96.423 E2078.76474
G1 X124.414 Y96.348 E2078.77241
G1 X95.674 Y96.348 E2079.72831
G1 X95.471 Y96.384 E2079.73516
G1 X95.149 Y96.544 E2079.74712
G1 X94.95 Y96.878 E2079.76006
G1 X94.9 Y97.121 E2079.76831
G1 X94.9 Y122.872 E2080.62479
G1 X94.932 Y123.072 E2080.63153
G1 X95.109 Y123.381 E2080.64337
G1 X95.364 Y123.573 E2080.65399
G1 X95.582 Y123.648 E2080.66165
G1 X110 Y123.648 E2081.1412
G0 F15000 X110 Y122.939
G0 X110 Y122.047
G1 F2925.1 X96.7 Y122.048 E2081.58356
G1 X96.558 Y121.99 E2081.58866
G1 X96.502 Y121.883 E2081.59268
G1 X96.5 Y98.148 E2082.38211
G1 X96.558 Y98.006 E2082.38721
G1 X96.665 Y97.95 E2082.39122
G1 X123.3 Y97.948 E2083.27711
G1 X123.442 Y98.006 E2083.28221
G1 X123.5 Y98.148 E2083.28731
G1 X123.498 Y121.883 E2084.07674
G1 X123.442 Y121.99 E2084.08076
G1 X123.335 Y122.046 E2084.08477
G1 X110 Y122.047 E2084.5283
G0 F15000 X110 Y122.76
G0 X111.355 Y122.939
G0 X111.355 Y123.168
;TYPE:FILL
G1 F2925.1 X113.744 Y122.528 E2084.61056
G0 F15000 X113.744 Y122.76
G0 X115.558 Y122.76
G0 X115.558 Y122.528
G1 F2925.1 X116.197 Y123.168 E2084.64064
G0 F15000 X116.197 Y122.939
G0 X117.785 Y122.939
G0 X117.785 Y123.169
G1 F2925.1 X117.957 Y122.527 E2084.66274
G0 F15000 X117.957 Y122.76
G0 X124.138 Y122.688
G0 X124.21 Y122.284
G0 X123.798 Y122.284
G1 F2925.1 X124.538 Y123.024 E2084.69755
G0 F15000 X123.997 Y123.169
G1 F2925.1 X124.616 Y120.857 E2084.77716
G0 F15000 X124.389 Y120.857
G0 X124.389 Y119.615
G0 X124.616 Y119.615
G1 F2925.1 X123.98 Y119.785 E2084.79905
G0 F15000 X124.21 Y119.785
G0 X124.389 Y114.616
G0 X124.616 Y114.616
G1 F2925.1 X123.98 Y113.98 E2084.82897
G0 F15000 X123.98 Y113.573
G1 F2925.1 X124.616 Y113.403 E2084.85087
G0 F15000 X124.389 Y113.403
G0 X124.21 Y107.362
G0 X123.981 Y107.362
G1 F2925.1 X124.615 Y107.192 E2084.8727
G0 F15000 X124.389 Y107.192
G0 X124.389 Y106.131
G0 X124.616 Y106.131
G1 F2925.1 X123.98 Y105.495 E2084.90261
G0 F15000 X124.21 Y105.495
G0 X124.21 Y101.15
G0 X123.981 Y101.15
G1 F2925.1 X124.616 Y100.98 E2084.92448
G0 F15000 X124.389 Y100.98
G0 X124.21 Y100.048
G0 X123.98 Y100.048
G1 F2925.1 X124.616 Y97.676 E2085.00616
G1 X124.616 Y97.646
G1 X123.799 Y96.828 E2085.04461
G0 F15000 X123.799 Y97.061
G0 X118.631 Y97.061
G0 X118.631 Y96.828
G1 F2925.1 X118.46 Y97.469 E2085.06667
G0 F15000 X118.46 Y97.24
G0 X116.929 Y97.061
G0 X116.929 Y96.828
G1 F2925.1 X114.539 Y97.468 E2085.14897
G0 F15000 X114.539 Y97.24
G0 X115.314 Y97.061
G0 X115.314 Y96.828
G1 F2925.1 X115.953 Y97.468 E2085.17905
G0 F15000 X115.953 Y97.24
G0 X112.42 Y97.061
G0 X112.42 Y96.828
G1 F2925.1 X112.248 Y97.469 E2085.20112
G0 F15000 X112.248 Y97.24
G0 X107.468 Y97.24
G0 X107.468 Y97.468
G1 F2925.1 X106.828 Y96.828 E2085.23122
G0 F15000 X106.208 Y96.828
G1 F2925.1 X106.036 Y97.468 E2085.25327
G0 F15000 X106.036 Y97.24
G0 X99.997 Y97.061
G0 X99.997 Y96.827
G1 F2925.1 X99.825 Y97.469 E2085.27537
G0 F15000 X98.983 Y97.468
G1 F2925.1 X98.343 Y96.828 E2085.30548
G0 F15000 X98.343 Y97.061
G0 X95.862 Y97.312
G0 X95.79 Y102.43
G0 X96.02 Y102.43
G1 F2925.1 X95.38 Y102.602 E2085.32752
G0 F15000 X95.38 Y102.35
G1 F2925.1 X96.02 Y102.991 E2085.35765
G0 F15000 X95.79 Y102.991
G0 X95.79 Y108.642
G0 X96.019 Y108.642
G1 F2925.1 X95.381 Y108.813 E2085.37961
G0 F15000 X95.611 Y108.813
G0 X95.611 Y110.835
G0 X95.38 Y110.835
G1 F2925.1 X96.02 Y111.476 E2085.40974
G1 X96.02 Y111.668
G1 X95.38 Y114.057 E2085.492
G0 F15000 X95.381 Y115.025
G1 F2925.1 X96.02 Y114.854 E2085.514
G0 F15000 X95.79 Y114.854
G0 X95.611 Y119.321
G0 X95.38 Y119.321
G1 F2925.1 X96.02 Y119.961 E2085.54411
G0 F15000 X95.79 Y119.961
G0 X95.79 Y121.065
G0 X96.02 Y121.065
G1 F2925.1 X95.38 Y121.237 E2085.56615
G0 F15000 X95.611 Y121.237
G0 X95.862 Y122.688
G0 X98.587 Y122.76
G0 X98.587 Y122.528
G1 F2925.1 X99.227 Y123.168 E2085.59625
G1 X99.15 Y123.169
G1 X99.322 Y122.527 E2085.61836
G0 F15000 X99.322 Y122.76
G0 X105.362 Y122.939
G0 X105.362 Y123.168
G1 F2925.1 X105.533 Y122.528 E2085.64039
G0 F15000 X105.533 Y122.76
G0 X107.072 Y122.76
G0 X107.072 Y122.528
G1 F2925.1 X107.712 Y123.168 E2085.67049
G0 F15000 X107.712 Y122.939
G0 X111.573 Y122.939
G0 X111.573 Y123.168
G1 F2925.1 X111.745 Y122.528 E2085.69254
;MESH:NONMESH
G0 F300 Z10.2
G0 F15000 X111.745 Y122.76
G0 X110 Y122.76
G0 X110 Y122.448
;TIME_ELAPSED:2037.089434
;LAYER:50
;note -- min layer time used
;TYPE:WALL-INNER
;MESH:bno085_case_body.stl
G1 F2920.9 X96.7 Y122.448 E2086.1349
G1 X96.275 Y122.273 E2086.15018
G1 X96.1 Y121.937 E2086.16278
G1 X96.1 Y98.148 E2086.95401
G1 X96.275 Y97.723 E2086.9693
G1 X96.611 Y97.548 E2086.9819
G1 X123.3 Y97.548 E2087.86958
G1 X123.724 Y97.722 E2087.88482
G1 X123.9 Y98.148 E2087.90015
G1 X123.9 Y121.937 E2088.69138
G1 X123.724 Y122.274 E2088.70402
G1 X123.389 Y122.448 E2088.71658
G1 X110 Y122.448 E2089.1619
G0 F15000 X110 Y123.248
G1 F2920.9 X124.375 Y123.248 E2089.64001
G1 X124.56 Y123.135 E2089.64722
G1 X124.647 Y123.017 E2089.6521
G1 X124.696 Y122.825 E2089.65869
G1 X124.696 Y97.074 E2090.51517
G1 X124.584 Y96.885 E2090.52248
G1 X124.465 Y96.797 E2090.5274
G1 X124.273 Y96.748 E2090.53399
G1 X95.714 Y96.748 E2091.48387
G1 X95.566 Y96.779 E2091.48889
G1 X95.424 Y96.865 E2091.49442
G1 X95.3 Y97.109 E2091.50352
G1 X95.3 Y122.816 E2092.35854
G1 X95.363 Y123.048 E2092.36653
G1 X95.578 Y123.22 E2092.37569
G1 X95.71 Y123.248 E2092.38018
G1 X110 Y123.248 E2092.85547
G0 F15000 X110 Y123.648
;TYPE:WALL-OUTER
G1 F2920.9 X124.328 Y123.648 E2093.33202
G1 X124.562 Y123.602 E2093.33995
G1 X124.834 Y123.437 E2093.35053
G1 X125.015 Y123.192 E2093.36066
G1 X125.096 Y122.875 E2093.37154
G1 X125.096 Y97.124 E2094.22803
G1 X125.05 Y96.888 E2094.23602
G1 X124.888 Y96.613 E2094.24664
G1 X124.64 Y96.429 E2094.25691
G1 X124.323 Y96.348 E2094.26779
G1 X95.673 Y96.348 E2095.2207
G1 X95.429 Y96.399 E2095.22899
G1 X95.112 Y96.609 E2095.24163
G1 X94.943 Y96.886 E2095.25243
G1 X94.9 Y97.061 E2095.25842
G1 X94.9 Y122.869 E2096.1168
G1 X94.999 Y123.232 E2096.12931
G1 X95.159 Y123.435 E2096.13791
G1 X95.43 Y123.598 E2096.14843
G1 X95.669 Y123.648 E2096.15655
G1 X110 Y123.648 E2096.6332
G0 F15000 X110 Y122.939
G0 X110 Y122.047
G1 F2920.9 X96.7 Y122.048 E2097.07556
G1 X96.558 Y121.99 E2097.08066
G1 X96.502 Y121.883 E2097.08468
G1 X96.5 Y98.148 E2097.87411
G1 X96.558 Y98.006 E2097.87921
G1 X96.665 Y97.95 E2097.88322
G1 X123.3 Y97.948 E2098.76911
G1 X123.442 Y98.006 E2098.77421
G1 X123.5 Y98.148 E2098.77931
G1 X123.498 Y121.883 E2099.56874
G1 X123.442 Y121.99 E2099.57276
G1 X123.335 Y122.046 E2099.57677
G1 X110 Y122.047 E2100.0203
G0 F15000 X110 Y122.76
G0 X111.599 Y122.76
G0 X111.599 Y122.528
;TYPE:FILL
G1 F2920.9 X111.427 Y123.168 E2100.04234
G0 F15000 X111.899 Y123.168
G1 F2920.9 X114.289 Y122.528 E2100.12463
G0 F15000 X114.289 Y122.76
G0 X115.757 Y122.76
G0 X115.757 Y122.528
G1 F2920.9 X116.397 Y123.168 E2100.15474
G0 F15000 X116.397 Y122.939
G0 X117.639 Y122.939
G0 X117.639 Y123.168
G1 F2920.9 X117.811 Y122.528 E2100.17678
G0 F15000 X117.811 Y122.76
G0 X124.138 Y122.688
G0 X124.21 Y122.153
G0 X123.867 Y122.153
G1 F2920.9 X124.594 Y122.88 E2100.21097
G0 F15000 X123.851 Y123.168
G1 F2920.9 X124.616 Y120.313 E2100.30928
G0 F15000 X124.616 Y119.761
G1 F2920.9 X123.981 Y119.931 E2100.33115
G0 F15000 X124.21 Y119.931
G0 X124.389 Y114.417
G0 X124.616 Y114.417
G1 F2920.9 X123.98 Y113.781 E2100.36106
G1 X123.98 Y113.719
G1 X124.616 Y113.549 E2100.38296
G0 F15000 X124.389 Y113.549
G0 X124.21 Y107.508
G0 X123.981 Y107.508
G1 F2920.9 X124.616 Y107.337 E2100.40483
G0 F15000 X124.389 Y107.337
G0 X124.389 Y105.932
G0 X124.616 Y105.932
G1 F2920.9 X123.98 Y105.295 E2100.43477
G0 F15000 X124.21 Y105.295
G0 X124.21 Y101.296
G0 X123.981 Y101.296
G1 F2920.9 X124.615 Y101.126 E2100.4566
G0 F15000 X124.389 Y101.126
G0 X124.21 Y99.504
G0 X123.98 Y99.504
G1 F2920.9 X124.616 Y97.131 E2100.53831
G0 F15000 X124.616 Y97.446
G1 F2920.9 X123.998 Y96.828 E2100.56738
G0 F15000 X123.998 Y97.061
G0 X118.485 Y97.061
G0 X118.485 Y96.828
G1 F2920.9 X118.314 Y97.469 E2100.58945
G0 F15000 X118.314 Y97.24
G0 X117.475 Y97.061
G0 X117.475 Y96.828
G1 F2920.9 X115.084 Y97.468 E2100.67177
G0 F15000 X115.513 Y96.828
G1 F2920.9 X116.153 Y97.468 E2100.70187
G0 F15000 X116.153 Y97.24
G0 X112.274 Y97.061
G0 X112.274 Y96.828
G1 F2920.9 X112.102 Y97.468 E2100.72392
G0 F15000 X112.102 Y97.24
G0 X107.668 Y97.24
G0 X107.668 Y97.468
G1 F2920.9 X107.028 Y96.828 E2100.75402
G0 F15000 X106.062 Y96.828
G1 F2920.9 X105.89 Y97.469 E2100.77609
G0 F15000 X105.89 Y97.24
G0 X99.851 Y97.061
G0 X99.851 Y96.828
G1 F2920.9 X99.679 Y97.469 E2100.79817
G0 F15000 X99.182 Y97.468
G1 F2920.9 X98.542 Y96.828 E2100.82827
G0 F15000 X98.542 Y97.061
G0 X95.862 Y97.312
G0 X95.611 Y102.151
G0 X95.38 Y102.151
G1 F2920.9 X96.02 Y102.791 E2100.85838
G0 F15000 X96.02 Y102.577
G1 F2920.9 X95.38 Y102.748 E2100.88041
G0 F15000 X95.611 Y102.748
G0 X95.79 Y108.788
G0 X96.019 Y108.788
G1 F2920.9 X95.381 Y108.959 E2100.90238
G0 F15000 X95.611 Y108.959
G0 X95.611 Y110.637
G0 X95.38 Y110.637
G1 F2920.9 X96.02 Y111.277 E2100.93248
G1 X96.02 Y111.123
G1 X95.38 Y113.511 E2101.01471
G0 F15000 X95.611 Y113.511
G0 X95.79 Y115
G0 X96.02 Y115
G1 F2920.9 X95.38 Y115.171 E2101.03674
G0 F15000 X95.611 Y115.171
G0 X95.611 Y119.122
G0 X95.38 Y119.122
G1 F2920.9 X96.02 Y119.762 E2101.06685
G0 F15000 X95.79 Y119.762
G0 X95.79 Y121.211
G0 X96.02 Y121.211
G1 F2920.9 X95.381 Y121.383 E2101.08886
G0 F15000 X95.611 Y121.383
G0 X95.862 Y122.688
G0 X98.786 Y122.76
G0 X98.786 Y122.528
G1 F2920.9 X99.426 Y123.168 E2101.11896
G0 F15000 X99.004 Y123.168
G1 F2920.9 X99.176 Y122.528 E2101.141
G0 F15000 X99.176 Y122.76
G0 X105.216 Y122.939
G0 X105.216 Y123.168
G1 F2920.9 X105.388 Y122.527 E2101.16308
G0 F15000 X105.388 Y122.76
G0 X107.272 Y122.76
G0 X107.272 Y122.528
G1 F2920.9 X107.912 Y123.168 E2101.19318
;MESH:NONMESH
G0 F300 Z10.4
G0 F15000 X107.912 Y122.939
G0 X110 Y122.76
G0 X110 Y122.448
;TIME_ELAPSED:2054.711822
;LAYER:51
;note -- min layer time used
;TYPE:WALL-INNER
;MESH:bno085_case_body.stl
G1 F3318.2 X96.7 Y122.448 E2101.63554
G1 X96.275 Y122.273 E2101.65083
G1 X96.1 Y121.937 E2101.66343
G1 X96.1 Y98.148 E2102.45465
G1 X96.275 Y97.723 E2102.46994
G1 X96.611 Y97.548 E2102.48254
G1 X123.3 Y97.548 E2103.37022
G1 X123.724 Y97.722 E2103.38546
G1 X123.9 Y98.148 E2103.40079
G1 X123.9 Y121.937 E2104.19202
G1 X123.724 Y122.274 E2104.20466
G1 X123.389 Y122.448 E2104.21722
G1 X110 Y122.448 E2104.66254
G0 F15000 X110 Y123.248
G1 F3318.2 X124.28 Y123.248 E2105.13749
G1 X124.552 Y123.144 E2105.14718
G1 X124.646 Y123.017 E2105.15243
G1 X124.696 Y122.825 E2105.15903
G1 X124.696 Y97.164 E2106.01252
G1 X124.66 Y96.995 E2106.01827
G1 X124.546 Y96.838 E2106.02472
G1 X124.283 Y96.748 E2106.03397
G1 X95.716 Y96.748 E2106.98411
G1 X95.567 Y96.782 E2106.98919
G1 X95.407 Y96.896 E2106.99573
G1 X95.3 Y97.161 E2107.00523
G1 X95.3 Y122.894 E2107.86111
G1 X95.438 Y123.137 E2107.87041
G1 X95.709 Y123.248 E2107.88015
G1 X110 Y123.248 E2108.35547
G0 F15000 X110 Y123.648
;TYPE:WALL-OUTER
G1 F3318.2 X124.325 Y123.648 E2108.83192
G1 X124.606 Y123.584 E2108.84151
G1 X124.829 Y123.442 E2108.8503
G1 X125.015 Y123.192 E2108.86066
G1 X125.096 Y122.875 E2108.87155
G1 X125.096 Y97.122 E2109.72809
G1 X125.036 Y96.841 E2109.73765
G1 X124.889 Y96.61 E2109.74676
G1 X124.571 Y96.399 E2109.75945
G1 X124.323 Y96.348 E2109.76787
G1 X95.671 Y96.348 E2110.72084
G1 X95.4 Y96.41 E2110.73009
G1 X95.107 Y96.619 E2110.74206
G1 X94.95 Y96.882 E2110.75225
G1 X94.9 Y97.121 E2110.76037
G1 X94.9 Y122.956 E2111.61964
G1 X94.973 Y123.183 E2111.62757
G1 X95.165 Y123.44 E2111.63824
G1 X95.43 Y123.598 E2111.64851
G1 X95.669 Y123.648 E2111.65663
G1 X110 Y123.648 E2112.13328
G1 F2400 E2111.33328
G0 F15000 X110 Y123.339
G0 X110 Y123.048
G0 X110 Y122.628
G0 X110 Y122.047
G1 F2400 E2112.13328
G1 F3318.2 X96.7 Y122.048 E2112.57564
G1 X96.558 Y121.99 E2112.58074
G1 X96.502 Y121.883 E2112.58476
G1 X96.5 Y98.148 E2113.37419
G1 X96.558 Y98.006 E2113.37929
G1 X96.665 Y97.95 E2113.3833
G1 X123.3 Y97.948 E2114.26919
G1 X123.442 Y98.006 E2114.27429
G1 X123.5 Y98.148 E2114.27939
G1 X123.498 Y121.883 E2115.06882
G1 X123.442 Y121.99 E2115.07284
G1 X123.335 Y122.046 E2115.07685
G1 X110 Y122.047 E2115.52038
G1 F2400 E2114.72038
G0 F15000 X110 Y122.36
G0 X96.703 Y122.629
G0 X96.703 Y123.048
G0 X96.018 Y122.882
;TYPE:SKIN
G1 F2400 E2115.52038
G1 F3213.8 X95.761 Y122.882 E2115.5292
G1 X95.666 Y122.816 E2115.53318
G1 X95.666 Y122.551 E2115.54228
G1 F3086.7 X95.7 Y122.013 E2115.56155
G1 F2996.2 X96.027 Y122.546 E2115.58458
G1 F2962.7 X96.675 Y122.849 E2115.61123
G1 F3044.3 X96.018 Y122.882 E2115.63508
G0 F15000 X95.701 Y121.997
G1 F2753.7 X95.7 Y98.152 E2116.59075
G0 F15000 X95.699 Y98.123
G1 F3051.3 X95.667 Y97.469 E2116.61444
G1 F3221.6 X95.666 Y97.211 E2116.62327
G1 X95.73 Y97.114 E2116.62725
G1 X95.993 Y97.114 E2116.63626
G1 F3086.7 X96.528 Y97.148 E2116.65543
G1 F3002.9 X95.998 Y97.475 E2116.67832
G1 F2962.7 X95.699 Y98.123 E2116.7049
G0 F15000 X95.4 Y98.123
G0 X95.461 Y97.174
G0 X95.605 Y96.954
G0 X96.547 Y96.848
G0 X96.547 Y97.149
G1 F2753.7 X123.292 Y97.148 E2117.7768
G0 F15000 X123.292 Y96.848
G0 X124.269 Y96.909
G0 X124.5 Y97.089
G0 X124.596 Y98.122
G0 X124.3 Y98.122
G1 F2956.1 X123.986 Y97.453 E2117.80439
G1 F3002.9 X123.323 Y97.146 E2117.83125
G1 F3101.2 X123.969 Y97.113 E2117.85427
G1 F3229.4 X124.291 Y97.113 E2117.86527
G1 F3108.4 X124.342 Y97.246 E2117.87033
G1 F2949.5 X124.3 Y98.122 E2117.90314
G0 F15000 X124.298 Y98.156
G1 F2782.6 X124.297 Y121.993 E2118.84858
G0 F15000 X124.008 Y122.883
G1 F3093.9 X123.459 Y122.848 E2118.86821
G1 X123.981 Y122.531 E2118.88999
G1 F3101.2 X124.298 Y122.008 E2118.91176
G1 F3044.3 X124.342 Y122.733 E2118.93809
G1 F3167.8 X124.285 Y122.871 E2118.94329
G1 F3229.4 X124.008 Y122.883 E2118.95277
G0 F15000 X123.445 Y122.847
G1 F2753.7 X96.704 Y122.848 E2120.0245
G1 F2400 E2119.2245
;MESH:NONMESH
G0 F300 Z10.6
G0 F15000 X96.704 Y122.548
G0 X110 Y122.448
;TIME_ELAPSED:2068.988972
;LAYER:52
;note -- min layer time used
;TYPE:WALL-INNER
;MESH:bno085_case_body.stl
G1 F2400 E2120.0245
G1 F3333.4 X96.7 Y122.448 E2120.46686
G1 X96.275 Y122.273 E2120.48215
G1 X96.1 Y121.937 E2120.49475
G1 X96.1 Y98.148 E2121.28598
G1 X96.275 Y97.723 E2121.30126
G1 X96.611 Y97.548 E2121.31386
G1 X123.3 Y97.548 E2122.20154
G1 X123.724 Y97.722 E2122.21679
G1 X123.9 Y98.148 E2122.23212
G1 X123.9 Y121.937 E2123.02334
G1 X123.724 Y122.274 E2123.03599
G1 X123.389 Y122.448 E2123.04854
G1 X110 Y122.448 E2123.49386
G0 F15000 X110 Y123.248
G1 F3333.4 X124.374 Y123.248 E2123.97195
G1 X124.562 Y123.134 E2123.97926
G1 X124.649 Y123.017 E2123.98411
G1 X124.696 Y122.828 E2123.99059
G1 X124.696 Y97.108 E2124.84604
G1 X124.556 Y96.857 E2124.85559
G1 X124.283 Y96.748 E2124.86537
G1 X95.724 Y96.748 E2125.81525
G1 X95.536 Y96.796 E2125.8217
G1 X95.408 Y96.892 E2125.82702
G1 X95.3 Y97.158 E2125.83657
G1 X95.3 Y122.815 E2126.68993
G1 X95.364 Y123.046 E2126.6979
G1 X95.578 Y123.22 E2126.70707
G1 X95.71 Y123.248 E2126.71156
G1 X110 Y123.248 E2127.18685
G0 F15000 X110 Y123.648
;TYPE:WALL-OUTER
G1 F3333.4 X124.325 Y123.648 E2127.6633
G1 X124.563 Y123.602 E2127.67136
G1 X124.835 Y123.436 E2127.68196
G1 X125.019 Y123.192 E2127.69213
G1 X125.096 Y122.876 E2127.70294
G1 X125.096 Y97.044 E2128.56212
G1 X125.019 Y96.813 E2128.57022
G1 X124.83 Y96.555 E2128.58085
G1 X124.566 Y96.398 E2128.59107
G1 X124.323 Y96.348 E2128.59932
G1 X95.674 Y96.348 E2129.55219
G1 X95.36 Y96.428 E2129.56297
G1 X95.107 Y96.618 E2129.57349
G1 X94.946 Y96.882 E2129.58378
G1 X94.9 Y97.12 E2129.59184
G1 X94.9 Y122.869 E2130.44826
G1 X94.999 Y123.228 E2130.46064
G1 X95.16 Y123.435 E2130.46936
G1 X95.43 Y123.598 E2130.47985
G1 X95.669 Y123.648 E2130.48797
G1 X110 Y123.648 E2130.96463
G1 F2400 E2130.16463
G0 F15000 X110 Y123.339
G0 X110 Y123.048
G0 X110 Y122.628
G0 X110 Y122.047
G1 F2400 E2130.96463
G1 F3333.4 X96.7 Y122.048 E2131.40699
G1 X96.558 Y121.99 E2131.41209
G1 X96.502 Y121.883 E2131.4161
G1 X96.5 Y98.148 E2132.20553
G1 X96.558 Y98.006 E2132.21063
G1 X96.665 Y97.95 E2132.21465
G1 X123.3 Y97.948 E2133.10054
G1 X123.442 Y98.006 E2133.10564
G1 X123.5 Y98.148 E2133.11074
G1 X123.498 Y121.883 E2133.90017
G1 X123.442 Y121.99 E2133.90418
G1 X123.335 Y122.046 E2133.9082
G1 X110 Y122.047 E2134.35173
G1 F2400 E2133.55173
G0 F15000 X110 Y122.36
G0 X96.703 Y122.629
G0 X96.703 Y123.048
G0 X96.018 Y122.882
;TYPE:SKIN
G1 F2400 E2134.35173
G1 F3228.5 X95.728 Y122.882 E2134.36168
G1 F3159.6 X95.655 Y122.723 E2134.36782
G1 F3037.3 X95.7 Y122.013 E2134.39379
G1 F3009.9 X96.027 Y122.546 E2134.41683
G1 F2976.3 X96.675 Y122.849 E2134.44347
G1 F3058.2 X96.018 Y122.882 E2134.46732
G0 F15000 X95.701 Y121.997
G1 F2766.3 X95.7 Y98.152 E2135.42299
G0 F15000 X95.699 Y98.123
G1 F3065.2 X95.667 Y97.469 E2135.44668
G1 F3236.3 X95.666 Y97.161 E2135.45723
G1 F3167.1 X95.81 Y97.102 E2135.46268
G1 F3037.3 X96.528 Y97.148 E2135.48894
G1 F3016.7 X95.998 Y97.475 E2135.51183
G1 F2976.3 X95.699 Y98.123 E2135.53841
G0 F15000 X95.4 Y98.123
G0 X95.461 Y97.17
G0 X95.651 Y96.949
G0 X96.547 Y96.848
G0 X96.547 Y97.149
G1 F2766.3 X123.292 Y97.148 E2136.61031
G0 F15000 X123.292 Y96.848
G0 X124.27 Y96.909
G0 X124.495 Y97.064
G0 X124.596 Y98.122
G0 X124.3 Y98.122
G1 F2969.6 X123.986 Y97.453 E2136.6379
G1 F3016.7 X123.323 Y97.146 E2136.66475
G1 F3115.3 X123.969 Y97.113 E2136.68777
G1 F3244.2 X124.229 Y97.113 E2136.69666
G1 X124.331 Y97.186 E2136.70095
G1 X124.331 Y97.467 E2136.71055
G1 F3072.3 X124.3 Y98.122 E2136.73421
G0 F15000 X124.298 Y98.156
G1 F2795.3 X124.297 Y121.993 E2137.67965
G0 F15000 X124.199 Y122.895
G1 F3044.2 X123.459 Y122.848 E2137.70666
G1 F3108.1 X123.981 Y122.531 E2137.72844
G1 F3115.3 X124.298 Y122.008 E2137.75021
G1 F3058.2 X124.342 Y122.741 E2137.77683
G1 F3182.3 X124.296 Y122.855 E2137.78111
G1 F3174.7 X124.199 Y122.895 E2137.78478
G0 F15000 X123.445 Y122.847
G1 F2766.3 X96.704 Y122.848 E2138.85651
G1 F2400 E2138.05651
;MESH:NONMESH
G0 F300 Z10.8
G0 F15000 X96.704 Y122.548
G0 X110 Y122.448
;TIME_ELAPSED:2083.292990
;LAYER:53
;note -- min layer time used
;TYPE:WALL-INNER
;MESH:bno085_case_body.stl
G1 F2400 E2138.85651
G1 F3333.5 X96.7 Y122.448 E2139.29887
G1 X96.275 Y122.273 E2139.31416
G1 X96.1 Y121.937 E2139.32676
G1 X96.1 Y98.148 E2140.11799
G1 X96.275 Y97.723 E2140.13327
G1 X96.611 Y97.548 E2140.14587
G1 X123.3 Y97.548 E2141.03355
G1 X123.724 Y97.722 E2141.0488
G1 X123.9 Y98.148 E2141.06413
G1 X123.9 Y121.937 E2141.85535
G1 X123.724 Y122.274 E2141.868
G1 X123.389 Y122.448 E2141.88055
G1 X110 Y122.448 E2142.32587
G0 F15000 X110 Y123.248
G1 F3333.5 X124.339 Y123.248 E2142.80279
G1 X124.586 Y123.109 E2142.81222
G1 X124.696 Y122.838 E2142.82195
G1 X124.696 Y97.108 E2143.67773
G1 X124.556 Y96.857 E2143.68729
G1 X124.283 Y96.748 E2143.69706
G1 X95.658 Y96.748 E2144.64914
G1 X95.408 Y96.892 E2144.65873
G1 X95.3 Y97.069 E2144.66563
G1 X95.3 Y122.89 E2145.52444
G1 X95.44 Y123.137 E2145.53388
G1 X95.714 Y123.248 E2145.54371
G1 X110 Y123.248 E2146.01887
G0 F15000 X110 Y123.648
;TYPE:WALL-OUTER
G1 F3333.5 X124.403 Y123.648 E2146.49791
G1 X124.634 Y123.572 E2146.506
G1 X124.888 Y123.383 E2146.51653
G1 X125.05 Y123.115 E2146.52695
G1 X125.096 Y122.876 E2146.53504
G1 X125.096 Y97.044 E2147.39422
G1 X125.019 Y96.813 E2147.40232
G1 X124.83 Y96.555 E2147.41296
G1 X124.566 Y96.398 E2147.42317
G1 X124.323 Y96.348 E2147.43142
G1 X95.593 Y96.348 E2148.38699
G1 X95.366 Y96.424 E2148.39495
G1 X95.107 Y96.618 E2148.40571
G1 X94.946 Y96.882 E2148.416
G1 X94.9 Y97.12 E2148.42406
G1 X94.9 Y122.955 E2149.28333
G1 X94.976 Y123.183 E2149.29133
G1 X95.166 Y123.44 E2149.30196
G1 X95.433 Y123.598 E2149.31228
G1 X95.673 Y123.648 E2149.32043
G1 X110 Y123.648 E2149.79695
G1 F2400 E2148.99695
G0 F15000 X110 Y123.339
G0 X110 Y123.048
G0 X110 Y122.628
G0 X110 Y122.047
G1 F2400 E2149.79695
G1 F3333.5 X96.7 Y122.048 E2150.23931
G1 X96.558 Y121.99 E2150.24441
G1 X96.502 Y121.883 E2150.24843
G1 X96.5 Y98.148 E2151.03786
G1 X96.558 Y98.006 E2151.04296
G1 X96.665 Y97.95 E2151.04697
G1 X123.3 Y97.948 E2151.93286
G1 X123.442 Y98.006 E2151.93796
G1 X123.5 Y98.148 E2151.94306
G1 X123.498 Y121.883 E2152.73249
G1 X123.442 Y121.99 E2152.73651
G1 X123.335 Y122.046 E2152.74052
G1 X110 Y122.047 E2153.18405
G1 F2400 E2152.38405
G0 F15000 X110 Y122.36
G0 X96.703 Y122.629
G0 X96.703 Y123.048
G0 X96.018 Y122.882
;TYPE:SKIN
G1 F2400 E2153.18405
G1 F3228.6 X95.767 Y122.882 E2153.19267
G1 X95.666 Y122.81 E2153.19693
G1 X95.666 Y122.551 E2153.20582
G1 F3101 X95.7 Y122.013 E2153.2251
G1 F3010 X96.027 Y122.546 E2153.24813
G1 F2976.4 X96.675 Y122.849 E2153.27478
G1 F3058.3 X96.018 Y122.882 E2153.29863
G0 F15000 X95.701 Y121.997
G1 F2766.4 X95.7 Y98.152 E2154.2543
G0 F15000 X95.699 Y98.123
G1 F3065.3 X95.667 Y97.469 E2154.27798
G1 F3236.4 X95.666 Y97.169 E2154.28826
G1 X95.735 Y97.114 E2154.29128
G1 X95.993 Y97.114 E2154.30012
G1 F3101 X96.528 Y97.148 E2154.31929
G1 F3016.8 X95.998 Y97.475 E2154.34217
G1 F2976.4 X95.699 Y98.123 E2154.36876
G0 F15000 X95.4 Y98.123
G0 X95.462 Y97.112
G0 X96.547 Y96.848
G0 X96.547 Y97.149
G1 F2766.4 X123.292 Y97.148 E2155.44066
G0 F15000 X123.292 Y96.848
G0 X124.27 Y96.909
G0 X124.495 Y97.064
G0 X124.596 Y98.122
G0 X124.3 Y98.122
G1 F2969.7 X123.986 Y97.453 E2155.46825
G1 F3016.8 X123.323 Y97.146 E2155.4951
G1 F3115.4 X123.969 Y97.113 E2155.51812
G1 F3244.3 X124.229 Y97.113 E2155.52701
G1 X124.331 Y97.186 E2155.53129
G1 X124.331 Y97.467 E2155.5409
G1 F3072.4 X124.3 Y98.122 E2155.56456
G0 F15000 X124.298 Y98.156
G1 F2795.4 X124.297 Y121.993 E2156.51
G0 F15000 X124.234 Y122.897
G1 F3044.3 X123.459 Y122.848 E2156.53828
G1 F3108.2 X123.981 Y122.531 E2156.56007
G1 F3115.4 X124.298 Y122.008 E2156.58183
G1 F3058.3 X124.343 Y122.757 E2156.60903
G1 F3182.4 X124.3 Y122.856 E2156.6128
G1 F3174.8 X124.234 Y122.897 E2156.61551
G0 F15000 X123.445 Y122.847
G1 F2766.4 X96.704 Y122.848 E2157.68725
G1 F2400 E2156.88725
;MESH:NONMESH
G0 F300 Z11
G0 F15000 X96.704 Y122.548
G0 X110 Y122.448
;TIME_ELAPSED:2097.620126
;LAYER:54
;note -- min layer time used
;TYPE:WALL-INNER
;MESH:bno085_case_body.stl
G1 F2400 E2157.68725
G1 F3333.6 X96.7 Y122.448 E2158.12961
G1 X96.275 Y122.273 E2158.14489
G1 X96.1 Y121.937 E2158.15749
G1 X96.1 Y98.148 E2158.94872
G1 X96.275 Y97.723 E2158.96401
G1 X96.611 Y97.548 E2158.97661
G1 X123.3 Y97.548 E2159.86429
G1 X123.724 Y97.722 E2159.87953
G1 X123.9 Y98.148 E2159.89486
G1 X123.9 Y121.937 E2160.68609
G1 X123.724 Y122.274 E2160.69873
G1 X123.389 Y122.448 E2160.71129
G1 X110 Y122.448 E2161.15661
G0 F15000 X110 Y123.248
G1 F3333.6 X124.289 Y123.247 E2161.63186
G1 X124.432 Y123.218 E2161.63671
G1 X124.573 Y123.132 E2161.64221
G1 X124.696 Y122.927 E2161.65016
G1 X124.696 Y97.158 E2162.50724
G1 X124.668 Y97.012 E2162.51218
G1 X124.585 Y96.877 E2162.51745
G1 X124.415 Y96.775 E2162.52405
G1 X124.286 Y96.748 E2162.52843
G1 X95.66 Y96.748 E2163.48054
G1 X95.411 Y96.888 E2163.49004
G1 X95.3 Y97.162 E2163.49987
G1 X95.3 Y122.838 E2164.35386
G1 X95.329 Y122.984 E2164.35881
G1 X95.412 Y123.117 E2164.36402
G1 X95.582 Y123.221 E2164.37065
G1 X95.714 Y123.248 E2164.37513
G1 X110 Y123.248 E2164.85029
G0 F15000 X110 Y123.648
;TYPE:WALL-OUTER
G1 F3333.6 X124.328 Y123.647 E2165.32684
G1 X124.57 Y123.598 E2165.33505
G1 X124.884 Y123.39 E2165.34758
G1 X125.05 Y123.115 E2165.35826
G1 X125.096 Y122.876 E2165.36636
G1 X125.096 Y97.12 E2166.223
G1 X125.049 Y96.876 E2166.23127
G1 X124.843 Y96.565 E2166.24368
G1 X124.562 Y96.397 E2166.25456
G1 X124.327 Y96.348 E2166.26255
G1 X95.594 Y96.348 E2167.21821
G1 X95.362 Y96.428 E2167.22637
G1 X95.108 Y96.614 E2167.23685
G1 X94.95 Y96.881 E2167.24716
G1 X94.9 Y97.121 E2167.25532
G1 X94.9 Y122.876 E2168.11193
G1 X94.947 Y123.12 E2168.1202
G1 X95.156 Y123.431 E2168.13266
G1 X95.434 Y123.599 E2168.14346
G1 X95.673 Y123.648 E2168.15158
G1 X110 Y123.648 E2168.6281
G1 F2400 E2167.8281
G0 F15000 X110 Y123.339
G0 X110 Y123.048
G0 X110 Y122.628
G0 X110 Y122.047
G1 F2400 E2168.6281
G1 F3333.6 X96.7 Y122.048 E2169.07046
G1 X96.558 Y121.99 E2169.07556
G1 X96.502 Y121.883 E2169.07957
G1 X96.5 Y98.148 E2169.869
G1 X96.558 Y98.006 E2169.87411
G1 X96.665 Y97.95 E2169.87812
G1 X123.3 Y97.948 E2170.76401
G1 X123.442 Y98.006 E2170.76911
G1 X123.5 Y98.148 E2170.77421
G1 X123.498 Y121.883 E2171.56364
G1 X123.442 Y121.99 E2171.56766
G1 X123.335 Y122.046 E2171.57167
G1 X110 Y122.047 E2172.0152
G1 F2400 E2171.2152
G0 F15000 X110 Y122.36
G0 X96.703 Y122.629
G0 X96.703 Y123.048
G0 X96.018 Y122.882
;TYPE:SKIN
G1 F2400 E2172.0152
G1 F3228.7 X95.729 Y122.882 E2172.02512
G1 F3159.8 X95.653 Y122.753 E2172.03037
G1 F3037.5 X95.7 Y122.013 E2172.05744
G1 F3010.1 X96.027 Y122.546 E2172.08048
G1 F2976.5 X96.673 Y122.85 E2172.10707
G1 F3058.4 X96.018 Y122.882 E2172.13085
G0 F15000 X95.701 Y121.997
G1 F2766.5 X95.7 Y98.152 E2173.08652
G0 F15000 X95.699 Y98.123
G1 F3065.4 X95.667 Y97.469 E2173.1102
G1 F3236.5 X95.666 Y97.212 E2173.119
G1 X95.741 Y97.114 E2173.12323
G1 X95.993 Y97.114 E2173.13186
G1 F3101.1 X96.528 Y97.148 E2173.15103
G1 F3016.9 X95.998 Y97.475 E2173.17392
G1 F2976.5 X95.699 Y98.123 E2173.2005
G0 F15000 X95.4 Y98.123
G0 X95.461 Y97.175
G0 X95.617 Y96.949
G0 X96.547 Y96.848
G0 X96.547 Y97.149
G1 F2766.5 X123.292 Y97.148 E2174.2724
G0 F15000 X123.292 Y96.848
G0 X124.327 Y96.91
G0 X124.596 Y98.122
G0 X124.3 Y98.122
G1 F2969.8 X123.986 Y97.453 E2174.29999
G1 F3016.9 X123.323 Y97.146 E2174.32685
G1 F3115.5 X123.969 Y97.113 E2174.34987
G1 F3244.4 X124.27 Y97.113 E2174.36015
G1 X124.331 Y97.15 E2174.36259
G1 X124.331 Y97.467 E2174.37343
G1 F3072.5 X124.3 Y98.122 E2174.39709
G0 F15000 X124.298 Y98.156
G1 F2795.5 X124.297 Y121.993 E2175.34253
G0 F15000 X124.202 Y122.891
G1 F2989.8 X123.463 Y122.846 E2175.36999
G1 F3115.5 X123.981 Y122.529 E2175.3916
G1 F3122.8 X124.298 Y122.008 E2175.41325
G1 X124.331 Y122.555 E2175.43271
G1 F3252.3 X124.331 Y122.85 E2175.44277
G1 F3115.5 X124.202 Y122.891 E2175.44758
G0 F15000 X123.445 Y122.845
G1 F2772.3 X96.704 Y122.848 E2176.5171
;TIME_ELAPSED:2111.474703
G1 F2400 E2175.7171
M140 S0
M107
G91 ;Relative positioning
G1 E-2 F2700 ;Retract a bit
G1 E-2 Z0.2 F2400 ;Retract and raise Z
G1 X5 Y5 F3000 ;Wipe out
G1 Z10 ;Raise Z more
G90 ;Absolute positioning

G1 X0 Y220 ;Present print
M106 S0 ;Turn-off fan
M104 S0 ;Turn-off hotend
M140 S0 ;Turn-off bed

M84 X Y E ;Disable all steppers but Z

M82 ;absolute extrusion mode
M104 S0
;End of Gcode
